GLOBALEVENTID,SQLDATE,Actor1Name,Actor2Name,Actor1CountryCode,Actor2CountryCode,EventCode,QuadClass,GoldsteinScale,AvgTone,ActionGeo_Lat,ActionGeo_Long,ActionGeo_Type,SOURCEURL
1271839216,20251031,GOVERNOR,,,,190,4,-10.0,-3.31599479843953,26.1147,-14.3892,4,https://cedarnews.net/bbc/%D9%85%D8%AC%D9%84%D8%B3-%D8%A7%D9%84%D8%A3%D9%85%D9%86-%D9%8A%D8%B5%D9%88%D8%AA-%D8%B9%D9%84%D9%89-%D8%AF%D8%B9%D9%85-%D8%AE%D8%B7%D8%A9-%D8%A7%D9%84%D8%AD%D9%83%D9%85-%D8%A7%D9%84%D8%B0%D8%A7%D8%AA/886709/
1241755259,20250504,SEPARATIST,,,,190,4,-10.0,-8.78048780487802,26.6792,-11.6781,4,https://www.moroccoworldnews.com/2025/05/196685/polisario-uses-terrorism-threats-to-deter-foreign-investment-in-moroccos-southern-provinces/
1241755261,20250504,SEPARATIST,MOROCCO,,MAR,190,4,-10.0,-8.78048780487802,26.6792,-11.6781,4,https://www.moroccoworldnews.com/2025/05/196685/polisario-uses-terrorism-threats-to-deter-foreign-investment-in-moroccos-southern-provinces/
1241755260,20250504,SEPARATIST,WESTERN SAHARA,,MAR,190,4,-10.0,-8.78048780487802,26.6792,-11.6781,4,https://www.moroccoworldnews.com/2025/05/196685/polisario-uses-terrorism-threats-to-deter-foreign-investment-in-moroccos-southern-provinces/
1071358072,20221109,WESTERN SAHARA,MOROCCO,MAR,MAR,1822,4,-9.0,-10.3846153846154,27.135,-13.1625,4,https://www.la-croix.com/Monde/Torture-prisonniers-sahraouis-portent-plainte-contre-Maroc-devant-lONU-2022-11-09-1201241497
1275306959,20251120,WESTERN SAHARA,,MAR,,194,4,-10.0,-2.43190661478599,27.4143,-9.04784,4,https://mg.co.za/thought-leader/opinion/2025-11-21-unsc-resolution-a-betrayal-of-western-sahara/
1065206195,20220928,MAURITANIA,WESTERN SAHARA,MRT,MAR,190,4,-10.0,0.13698630136987,21.2167,-17.0167,4,https://atalayar.com/en/content/morocco-and-mauritania-reinforce-their-exchange-information-and-intelligence
1128749003,20230923,ALGERIA,UNITED NATIONS,DZA,,190,4,-10.0,1.92307692307693,25.0,-13.5,1,https://www.eldjoumhouria.dz/article/15493/
1280609825,20251223,MOROCCO,,MAR,,190,4,-10.0,-0.99535500995355,25.0,-13.5,1,https://www.hespress.com/%D8%A7%D9%84%D9%85%D8%BA%D8%B1%D8%A8-%D9%88%D8%A7%D9%84%D8%AC%D8%B2%D8%A7%D8%A6%D8%B1-%D8%A8%D9%85%D8%AC%D9%84%D8%B3-%D8%A7%D9%84%D8%A3%D9%85%D9%86-%D8%A7%D9%84%D8%AF%D9%88%D9%84%D9%8A-%D8%AF%D8%B1-1675390.html
1280609826,20251223,MOROCCO,,MAR,,190,4,-10.0,-0.99535500995355,25.0,-13.5,1,https://www.hespress.com/%D8%A7%D9%84%D9%85%D8%BA%D8%B1%D8%A8-%D9%88%D8%A7%D9%84%D8%AC%D8%B2%D8%A7%D8%A6%D8%B1-%D8%A8%D9%85%D8%AC%D9%84%D8%B3-%D8%A7%D9%84%D8%A3%D9%85%D9%86-%D8%A7%D9%84%D8%AF%D9%88%D9%84%D9%8A-%D8%AF%D8%B1-1675390.html
1280536852,20251222,GOVERNMENT,,,,191,4,-9.5,-4.37445319335083,25.0,-13.5,1,https://www.thetimes.com/world/europe/article/closed-borders-eu-migration-v6czjltcc
1071278832,20221109,,MOROCCO,,MAR,1822,4,-9.0,-10.6537530266344,27.135,-13.1625,4,https://fr.allafrica.com/stories/202211090117.html
1071301383,20221109,ALGERIA,,DZA,,1821,4,-9.0,-9.5846645367412,25.0,-13.5,1,https://labass.net/68543-parlement-europeen-temoignage-choquant-de-khadijatou-mahmoud-sur-son-viol-par-le-chef-du-polisario.html
1071293216,20221109,MOROCCO,CANARY ISLANDS,MAR,ESP,1712,4,-9.2,0.99857346647646,23.6609,-15.9532,4,https://atalayar.com/en/blog/rivalry-between-dakhla-and-canary-islands-their-aspirations-be-tricontinental-platform
1254157871,20250726,WESTERN SAHARA,,MAR,,193,4,-10.0,-4.65717981888745,23.6609,-15.9532,4,https://www.middleeasteye.net/news/sahrawi-filmmakers-criticise-christopher-nolan-shooting-film-occupied-western-sahara
1266861574,20251005,WESTERN SAHARA,EGYPT,MAR,EGY,190,4,-10.0,4.94296577946768,25.0,-13.5,1,https://www.elfagr.org/5229559
1266861465,20251005,EGYPT,WESTERN SAHARA,EGY,MAR,190,4,-10.0,4.94296577946768,25.0,-13.5,1,https://www.elfagr.org/5229559
1279938323,20251218,MOROCCO,JOURNALIST,MAR,,190,4,-10.0,-5.03540519276161,25.0,-13.5,1,https://www.middleeasteye.net/news/eu-provisional-safe-countries-list-includes-repressive-states
1279938326,20251218,MOROCCO,ACTIVIST,MAR,,190,4,-10.0,-5.03540519276161,25.0,-13.5,1,https://www.middleeasteye.net/news/eu-provisional-safe-countries-list-includes-repressive-states
1290125364,20260220,MOROCCO,THE AU,MAR,AFR,190,4,-10.0,-5.08474576271186,25.0,-13.5,1,"https://www.africaintelligence.com/north-africa/2026/02/20/the-inconclusive-battle-waged-within-the-au-over-western-sahara,110663483-art"
1065262775,20220929,MOROCCO,ISRAEL,MAR,ISR,190,4,-10.0,-0.27998133457769,25.0,-13.5,1,https://www.jns.org/opinion/leveraging-the-abraham-accords-for-israels-relations-with-europe/
1065267472,20220929,AFRICA,MOROCCO,AFR,MAR,192,4,-9.5,1.33333333333333,25.0,-13.5,1,https://www.businesslive.co.za/fm/opinion/in-good-faith/2022-09-29-carmel-rickard-no-neutral-ground-on-western-sahara-issue/
1316614697,20260803,SPANISH,,ESP,,192,4,-9.5,1.10584518167457,27.135,-13.1625,4,http://www.bignewsnetwork.com/news/279220969/morocco-honors-trump-with-name-change
1113824807,20230709,ITALIAN,,ITA,,190,4,-10.0,-2.86259541984733,25.0,-13.5,1,https://www.dostor.org/4444479
1113824809,20230709,ITALIAN,EGYPT,ITA,EGY,190,4,-10.0,-2.86259541984733,25.0,-13.5,1,https://www.dostor.org/4444479
1169107545,20240411,PARIS,,FRA,,190,4,-10.0,-1.69371912491179,25.0,-13.5,1,http://www.nspm.rs/hronika/na-danasnji-dan-1945.-y-moskvi-josip-broz-tito-potpisao-ugovor-o-prijateljstvu-uzajamnoj-pomoci-i-saradnji-ubijeni-radovan-stojicic-1997-i-slavko-curuvija-1999-2022.-vlajko-stojiljkovic-izvrsio-samoubistvo-1977.-umro-prever.html
1257144484,20250812,PRISON,,,,1822,4,-9.0,-4.53367875647668,25.0,-13.5,1,https://www.omct.org/en/resources/blog/facesofhope-testament-to-resilience-human-rights-defenderss
1257118217,20250812,UNITED STATES,WESTERN SAHARA,USA,MAR,193,4,-10.0,-0.7716049382716,23.6609,-15.9532,4,https://www.theolivepress.es/spain-news/2025/08/12/spanish-film-stars-including-javier-bardem-slam-british-oscar-winning-director-for-filming-new-blockbuster-in-occupied-western-sahara/
1297628497,20260404,BASQUE,MOROCCAN,,MAR,186,4,-10.0,-4.29184549356224,22.9629,-14.6814,4,https://www.afriquesenlutte.org/afrique-du-nord/republique-sahraouie/article/western-sahara-mass-grave-basque
1297628197,20260404,MOROCCAN,BASQUE,MAR,,186,4,-10.0,-4.29184549356224,22.9629,-14.6814,4,https://www.afriquesenlutte.org/afrique-du-nord/republique-sahraouie/article/western-sahara-mass-grave-basque
1297528094,20260403,FARMER,,,,192,4,-9.5,-2.51256281407035,23.6609,-15.9532,4,https://nos.nl/artikel/2608938-nederlands-schip-werkt-in-bezet-gebied-mogelijk-schending-internationaal-recht
1316209141,20260731,MIGRANT,,,,192,4,-9.5,-2.8969563623029,25.0,-13.5,1,https://www.standardmedia.co.ke/europe/article/2001554222/thousands-cross-into-spains-north-africa-enclave-in-new-migrant-crisis
1316241258,20260731,FIGHTER,MOROCCO,,MAR,190,4,-10.0,-2.99401197604791,25.0,-13.5,1,https://www.azzaman.com/%D8%B1%D8%A6%D9%8A%D8%B3-%D8%A7%D9%84%D9%88%D8%B2%D8%B1%D8%A7%D8%A1-%D8%A7%D9%84%D8%A5%D8%B3%D8%A8%D8%A7%D9%86%D9%8A-%D9%8A%D8%B2%D9%88%D8%B1-%D8%B3%D8%A8%D8%AA%D8%A9-%D8%A8%D8%B9%D8%AF-%D8%AA%D8%AF/
1316241033,20260731,MOROCCO,FIGHTER,MAR,,190,4,-10.0,-2.99401197604791,25.0,-13.5,1,https://www.azzaman.com/%D8%B1%D8%A6%D9%8A%D8%B3-%D8%A7%D9%84%D9%88%D8%B2%D8%B1%D8%A7%D8%A1-%D8%A7%D9%84%D8%A5%D8%B3%D8%A8%D8%A7%D9%86%D9%8A-%D9%8A%D8%B2%D9%88%D8%B1-%D8%B3%D8%A8%D8%AA%D8%A9-%D8%A8%D8%B9%D8%AF-%D8%AA%D8%AF/
1254795392,20250730,WESTERN SAHARA,,MAR,,193,4,-10.0,-2.65700483091788,23.6609,-15.9532,4,https://www.thestatesman.com/entertainment/hollywood/christopher-nolan-criticised-for-shooting-the-odyssey-in-disputed-region-of-western-sahara-1503464417.html
1254795393,20250730,WESTERN SAHARA,,MAR,,193,4,-10.0,-2.65700483091788,23.6609,-15.9532,4,https://www.thestatesman.com/entertainment/hollywood/christopher-nolan-criticised-for-shooting-the-odyssey-in-disputed-region-of-western-sahara-1503464417.html
1263633970,20250917,MIGRANT,,,,190,4,-10.0,-11.727078891258,23.6609,-15.9532,4,https://londonlovesbusiness.com/at-least-50-migrants-tortured-shot-and-murdered-then-thrown-into-the-sea/
1272258939,20251103,ARMED GROUP,,,,190,4,-10.0,-2.87039721658452,22.5367,-14.294,4,https://www.moroccoworldnews.com/2025/11/266410/the-great-deception-how-polisario-manufactured-a-people-and-lost-at-the-un/
1272258940,20251103,ARMED GROUP,,,,190,4,-10.0,-2.87039721658452,21.5825,-14.9491,4,https://www.moroccoworldnews.com/2025/11/266410/the-great-deception-how-polisario-manufactured-a-people-and-lost-at-the-un/
1069417520,20221027,SPAIN,MOROCCO,ESP,MAR,190,4,-10.0,-1.30576713819369,25.0,-13.5,1,https://www.investmentmonitor.ai/analysis/why-do-ceuta-and-melilla-matter-to-spain-and-morocco
1069417727,20221027,MOROCCO,SPAIN,MAR,ESP,190,4,-10.0,-1.30576713819369,25.0,-13.5,1,https://www.investmentmonitor.ai/analysis/why-do-ceuta-and-melilla-matter-to-spain-and-morocco
1124529859,20230903,ISRAEL,REBEL,ISR,,190,4,-10.0,-1.86666666666666,25.0,-13.5,1,https://www.timesofisrael.com/in-first-head-of-moroccan-senate-to-make-state-visit-to-knesset-on-thursday/
1124515993,20230903,COAST GUARD,,,,193,4,-10.0,-4.40097799511002,25.0,-13.5,1,http://www.kreiszeitung.de/welt/tot-algerien-marokko-urlaub-mittelmeer-jetski-92494277.html
1124530053,20230903,REBEL,ISRAEL,,ISR,190,4,-10.0,-1.86666666666666,25.0,-13.5,1,https://www.timesofisrael.com/in-first-head-of-moroccan-senate-to-make-state-visit-to-knesset-on-thursday/
1124588984,20230903,ALGERIA,MOROCCO,DZA,MAR,193,4,-10.0,-8.35820895522388,23.6609,-15.9532,4,https://www.i24news.tv/en/news/international/africa/1693765107-algerian-confirms-firing-at-moroccan-jet-skiers-in-territorial-waters
1124588983,20230903,ALGERIA,MOROCCO,DZA,MAR,193,4,-10.0,-8.35820895522388,23.6609,-15.9532,4,https://www.i24news.tv/en/news/international/africa/1693765107-algerian-confirms-firing-at-moroccan-jet-skiers-in-territorial-waters
1315422512,20260726,MOROCCO,,MAR,,192,4,-9.5,2.74314214463841,23.6609,-15.9532,4,https://www.albawaba.net/news/historic-courage-morocco-honors-trump-1633846
1103025708,20230517,BASRA,,IRQ,,193,4,-10.0,11.3333333333333,25.0,-13.5,1,https://www.andhrajyothy.com/2023/telangana/hyderabad/basara-himanshu-in-yadadri-1069586.html
1102991213,20230517,REFUGEE,MOROCCAN,,MAR,190,4,-10.0,-4.35022026431718,26.6792,-11.6781,4,https://www.thenewhumanitarian.org/news-feature/2023/05/17/morocco-sahrawi-drone-attacks
1106831965,20230605,WESTERN SAHARA,ALGERIA,MAR,DZA,190,4,-10.0,-4.49970396684428,25.0,-13.5,1,https://en.qantara.de/content/consequences-of-the-military-intervention-in-mali-a-tinderbox-situation
1106831412,20230605,ALGERIA,WESTERN SAHARA,DZA,MAR,190,4,-10.0,-4.49970396684428,25.0,-13.5,1,https://en.qantara.de/content/consequences-of-the-military-intervention-in-mali-a-tinderbox-situation
1238770911,20250418,MOROCCO,JOURNALIST,MAR,,190,4,-10.0,-5.87484035759897,25.0,-13.5,1,https://www.middleeasteye.net/news/dissidents-shocked-after-egypt-tunisia-morocco-turkey-listed-safe-countries
1238770914,20250418,MOROCCO,ACTIVIST,MAR,,190,4,-10.0,-5.87484035759897,25.0,-13.5,1,https://www.middleeasteye.net/news/dissidents-shocked-after-egypt-tunisia-morocco-turkey-listed-safe-countries
1248224444,20250606,MOROCCO,,MAR,,190,4,-10.0,0.0931098696461801,23.6609,-15.9532,4,https://www.dw.com/en/new-uk-support-boosts-moroccos-claim-on-western-sahara/a-72817371
1248223591,20250606,,MOROCCO,,MAR,190,4,-10.0,0.0931098696461801,23.6609,-15.9532,4,https://www.dw.com/en/new-uk-support-boosts-moroccos-claim-on-western-sahara/a-72817371
1276559346,20251128,ALGERIA,,DZA,,190,4,-10.0,-0.406504065040649,25.0,-13.5,1,https://www.lemonde.fr/en/le-monde-africa/article/2025/11/28/algeria-launches-charm-offensive-toward-the-us_6747912_124.html
1310256027,20260622,WESTERN SAHARA,,MAR,,203,4,-10.0,-3.24324324324324,25.0,-13.5,1,https://www.rd.nl/artikel/1153681-de-geruisloze-etnische-zuivering-van-de-westelijke-sahara
1207520225,20241101,SETTLER,ALGERIA,,DZA,190,4,-10.0,-7.42778541953232,25.0,-13.5,1,https://allafrica.com/stories/202411010090.html
1298693521,20260411,PARIS,,FRA,,190,4,-10.0,-1.70092133238838,25.0,-13.5,1,http://www.nspm.rs/hronika/na-danasnji-dan-1826.-rodjen-baron-jovan-zivkovic-1755r.-rodjen-engleski-hirurg-dzejms-parkinson-1999.-u-centru-beograda-ubijen-novinar-slavko-curuvija.html
1215078375,20241211,AFRICA,WESTERN SAHARA,AFR,MAR,180,4,-9.0,-3.33333333333333,25.0,-13.5,1,https://www.pambazuka.org/category/human-security
1215079417,20241211,WESTERN SAHARA,AFRICA,MAR,AFR,180,4,-9.0,-3.33333333333333,25.0,-13.5,1,https://www.pambazuka.org/category/human-security
1215153639,20241212,AFRICA,WESTERN SAHARA,AFR,MAR,180,4,-9.0,-3.33333333333333,25.0,-13.5,1,https://www.pambazuka.org/index.php/category/human-security
1215154364,20241212,WESTERN SAHARA,AFRICA,MAR,AFR,180,4,-9.0,-3.33333333333333,25.0,-13.5,1,https://www.pambazuka.org/index.php/category/human-security
1182837927,20240620,MOROCCO,,MAR,,190,4,-10.0,-4.06235238545111,25.0,-13.5,1,http://slguardian.org/new-world-new-hope-the-struggle-for-a-free-western-sahara-continues/
1270629444,20241025,THE UN,TERRORIST,,,190,4,-10.0,-7.35294117647062,27.4143,-9.04784,4,https://www.moroccoworldnews.com/2025/10/265131/unsg-condemns-polisarios-repeated-ceasefire-violations-terrorist-attacks/
1251987380,20250714,AFRICAN UNION,SEPARATIST,AFR,,1712,4,-9.2,-5.64738292011019,25.0,-13.5,1,https://www.moroccoworldnews.com/2025/06/221797/eu-says-it-again-neither-eu-nor-members-recognize-self-styled-sadr/
1080857831,20221220,POLICE,,,,190,4,-10.0,-6.61417322834646,25.0,-13.5,1,https://www.rnz.co.nz/news/top/482640/italian-pier-antonio-panzeri-held-in-eu-qatargate-bribery-probe-agrees-to-tell-all
1080857830,20221220,POLICE,,,,1711,4,-9.2,-6.61417322834646,25.0,-13.5,1,https://www.rnz.co.nz/news/top/482640/italian-pier-antonio-panzeri-held-in-eu-qatargate-bribery-probe-agrees-to-tell-all
1080857832,20221220,POLICE,,,,190,4,-10.0,-6.61417322834646,25.0,-13.5,1,https://www.rnz.co.nz/news/top/482640/italian-pier-antonio-panzeri-held-in-eu-qatargate-bribery-probe-agrees-to-tell-all
1124854861,20230905,ALGERIAN,TOURIST,DZA,,193,4,-10.0,-7.11111111111111,25.0,-13.5,1,https://www.odnako.org/the-coast-guard-in-algeria-kills-two-tourists-on-jet-skis-for-trespassing/
1124854866,20230905,ALGERIAN,TOURIST,DZA,,193,4,-10.0,-7.11111111111111,25.0,-13.5,1,https://www.odnako.org/the-coast-guard-in-algeria-kills-two-tourists-on-jet-skis-for-trespassing/
1226019961,20250212,WESTERN SAHARA,ALGERIA,MAR,DZA,190,4,-10.0,-8.33333333333333,25.0,-13.5,1,https://africasacountry.com/author/abdelkader-abderrahmane
1226019618,20250212,ALGERIA,WESTERN SAHARA,DZA,MAR,190,4,-10.0,-8.33333333333333,25.0,-13.5,1,https://africasacountry.com/author/abdelkader-abderrahmane
1307938745,20260608,COMMANDER,,,,190,4,-10.0,-3.97727272727273,25.0,-13.5,1,https://www.aqlame.com/node/42856
1315513062,20250727,WESTERN SAHARA,,MAR,,193,4,-10.0,4.22222222222223,23.6609,-15.9532,4,https://economictimes.indiatimes.com/news/international/global-trends/trump-highway-in-sahara-us-president-claims-a-morrocan-660-mile-tribute-in-disputed-territory/articleshow/132662035.cms
1315514002,20260727,WESTERN SAHARA,,MAR,,193,4,-10.0,4.22222222222223,23.6609,-15.9532,4,https://economictimes.indiatimes.com/news/international/global-trends/trump-highway-in-sahara-us-president-claims-a-morrocan-660-mile-tribute-in-disputed-territory/articleshow/132662035.cms
1082001166,20230126,FRENCH,ALGERIAN,FRA,DZA,190,4,-10.0,-7.30337078651685,25.0,-13.5,1,https://news.yahoo.com/algeria-country-profile-170634573.html
1221173650,20240118,THE EUROPEAN UNION,,EUR,,192,4,-9.5,-7.54365523079013,23.6609,-15.9532,4,https://www.the-messenger.com/news/world/article_283c6ccb-a6e6-5d05-969e-199f65de3203.html
1221173651,20240118,THE EUROPEAN UNION,,EUR,,192,4,-9.5,-7.54365523079013,23.6609,-15.9532,4,https://www.the-messenger.com/news/world/article_283c6ccb-a6e6-5d05-969e-199f65de3203.html
1110926518,20230624,WESTERN SAHARA,,MAR,,194,4,-10.0,-2.84126003705992,26.0928,-10.6089,4,https://foreignpolicy.com/2023/06/24/polisario-front-morocco-conflict-western-sahara/
1110926848,20230624,FIGHTER,,,,193,4,-10.0,-2.84126003705992,22.5367,-14.294,4,https://foreignpolicy.com/2023/06/24/polisario-front-morocco-conflict-western-sahara/
1110926517,20230624,WESTERN SAHARA,,MAR,,194,4,-10.0,-2.84126003705992,26.0928,-10.6089,4,https://foreignpolicy.com/2023/06/24/polisario-front-morocco-conflict-western-sahara/
1110926536,20230624,WESTERN SAHARA,COMMANDER,MAR,,194,4,-10.0,-2.84126003705992,26.0928,-10.6089,4,https://foreignpolicy.com/2023/06/24/polisario-front-morocco-conflict-western-sahara/
1110926541,20230624,MOROCCAN,REFUGEE,MAR,,192,4,-9.5,-2.84126003705992,22.5367,-14.294,4,https://foreignpolicy.com/2023/06/24/polisario-front-morocco-conflict-western-sahara/
1110926578,20230624,COMMANDER,MOROCCAN,,MAR,190,4,-10.0,-2.84126003705992,22.5367,-14.294,4,https://foreignpolicy.com/2023/06/24/polisario-front-morocco-conflict-western-sahara/
1110926851,20230624,FIGHTER,MOROCCO,,MAR,190,4,-10.0,-2.84126003705992,22.5367,-14.294,4,https://foreignpolicy.com/2023/06/24/polisario-front-morocco-conflict-western-sahara/
1110926535,20230624,WESTERN SAHARA,COMMANDER,MAR,,194,4,-10.0,-2.84126003705992,26.0928,-10.6089,4,https://foreignpolicy.com/2023/06/24/polisario-front-morocco-conflict-western-sahara/
1276147745,20251125,MOROCCO,WESTERN SAHARA,MAR,MAR,192,4,-9.5,-2.50569476082005,26.8161,-12.8083,4,https://www.okayafrica.com/50-years-of-western-saharas-occupation-sahrawi-voices-on-morocco-the-ongoing-struggle/1418144
1124670952,20230904,ALGERIAN,MOROCCO,DZA,MAR,193,4,-10.0,-4.16666666666666,25.0,-13.5,1,https://www.faz.net/aktuell/politik/ausland/algerische-kuestenwache-erschiesst-jetskifahrer-aus-marokko-19149284.html
1124670953,20230904,ALGERIAN,MOROCCO,DZA,MAR,193,4,-10.0,-4.16666666666666,25.0,-13.5,1,https://www.faz.net/aktuell/politik/ausland/algerische-kuestenwache-erschiesst-jetskifahrer-aus-marokko-19149284.html
1124617811,20230904,LAWYER,FRANCE,,FRA,193,4,-10.0,-7.24431818181818,25.0,-13.5,1,https://www.lemonde.fr/en/international/article/2023/09/04/moroccan-jet-skiers-refusal-to-comply-led-to-shooting-algeria-says_6122428_4.html
1124726123,20230904,WESTERN SAHARA,GENDARMERIE,MAR,,190,4,-10.0,-3.64145658263306,26.0928,-10.6089,4,https://www.barrons.com/news/polisario-commander-western-sahara-fighters-killed-by-drone-c9d967fa
1124726128,20230904,WESTERN SAHARA,WESTERN SAHARA,MAR,MAR,190,4,-10.0,-3.64145658263306,26.0928,-10.6089,4,https://www.barrons.com/news/polisario-commander-western-sahara-fighters-killed-by-drone-c9d967fa
1124726184,20230904,MILITARY,GENDARMERIE,,,190,4,-10.0,-3.64145658263306,26.0928,-10.6089,4,https://www.barrons.com/news/polisario-commander-western-sahara-fighters-killed-by-drone-c9d967fa
1274241381,20251114,GOVERNANCE,EMPLOYEE,,,192,4,-9.5,2.17391304347826,25.0,-13.5,1,https://allafrica.com/stories/202511140668.html
1184149597,20240627,WESTERN SAHARA,ZIMBABWE,MAR,ZWE,193,4,-10.0,2.35294117647059,25.0,-13.5,1,https://www.dailyrecord.co.uk/tv/jeremy-clarkson-grand-tour-final-33117963
1308099490,20260608,MOROCCAN,,MAR,,190,4,-10.0,-2.98507462686567,25.0,-13.5,1,https://www.arabnews.com/node/2646449/middle-east
1254609002,20250729,,WESTERN SAHARA,,MAR,193,4,-10.0,-3.09777347531462,23.6609,-15.9532,4,https://www.dailymail.co.uk/news/article-14949747/Dark-Knight-director-Christopher-Nolan-accused-enabling-colonialism-new-film-shot-war-torn-Western-Sahara.html
1145306095,20231209,,WESTERN SAHARA,,MAR,190,4,-10.0,1.04712041884817,23.6609,-15.9532,4,https://www.elwakt.com/news/15f399662.html
1285315377,20260122,REBEL,,,,190,4,-10.0,-2.85204991087344,25.0,-13.5,1,https://www.dw.com/id/pengakuan-israel-atas-somaliland/a-75603832
1303224471,20260509,ENVOY,MOROCCO,,MAR,194,4,-10.0,-5.7945566286216,25.0,-13.5,1,https://medias24.com/2026/05/09/smara-attack-major-powers-condemn-as-polisario-is-caught-up-in-its-own-rocket-fire-1673921/
1241315719,20250501,SUDAN,,SDN,,190,4,-10.0,0.21505376344086,25.0,-13.5,1,https://www.securitycouncilreport.org/monthly-forecast/2025-05/status-update-since-our-april-forecast-6.php
1191184204,20240806,WESTERN SAHARA,,MAR,,190,4,-10.0,-5.09259259259259,26.6792,-11.6781,4,https://www.yabiladi.ma/articles/details/152726/%D8%A3%D9%86%D8%B7%D9%88%D9%86%D9%8A%D9%88-%D8%BA%D9%88%D8%AA%D9%8A%D8%B1%D9%8A%D8%B3-%D9%85%D9%86-%D8%A7%D9%84%D8%B6%D8%B1%D9%88%D8%B1%D9%8A-%D8%A7%D9%84%D8%B9%D9%88%D8%AF%D8%A9.html
1191174578,20240806,WESTERN SAHARA,,MAR,,190,4,-10.0,-4.52173913043479,25.0,-13.5,1,https://almadapaper.net/371039/
1191174009,20240806,,WESTERN SAHARA,,MAR,190,4,-10.0,-4.52173913043479,25.0,-13.5,1,https://almadapaper.net/371039/
1068255736,20221019,WESTERN SAHARA,ALGERIA,MAR,DZA,190,4,-10.0,-2.88288288288289,25.0,-13.5,1,https://www.middleeasteye.net/news/algeria-turkey-anka-drones-nears-deal
1068255428,20221019,ALGERIA,WESTERN SAHARA,DZA,MAR,190,4,-10.0,-2.88288288288289,25.0,-13.5,1,https://www.middleeasteye.net/news/algeria-turkey-anka-drones-nears-deal
1068255734,20221019,WESTERN SAHARA,ALGERIA,MAR,DZA,190,4,-10.0,-2.88288288288289,25.0,-13.5,1,https://www.middleeasteye.net/news/algeria-turkey-anka-drones-nears-deal
1068255427,20221019,ALGERIA,WESTERN SAHARA,DZA,MAR,190,4,-10.0,-2.88288288288289,25.0,-13.5,1,https://www.middleeasteye.net/news/algeria-turkey-anka-drones-nears-deal
1068147344,20221018,MOROCCO,MAURITANIA,MAR,MRT,192,4,-9.5,-4.39121756487026,25.0,-13.5,1,https://sputniknews.com/20221018/as-nations-flee-from-backing-western-sahara-south-africa-reaffirms-support-without-hesitation-1102022790.html
1068147342,20221018,MOROCCO,MAURITANIA,MAR,MRT,192,4,-9.5,-4.39121756487026,25.0,-13.5,1,https://sputniknews.com/20221018/as-nations-flee-from-backing-western-sahara-south-africa-reaffirms-support-without-hesitation-1102022790.html
1261476506,20250905,LEEDS,STUDENT,GBR,,190,4,-10.0,-3.13479623824452,27.135,-13.1625,4,https://www.private-eye.co.uk/sections.php?section_link=columnists&issue=1657
1261477130,20250905,UNITED STATES,STUDENT,USA,,190,4,-10.0,-3.13479623824452,27.135,-13.1625,4,https://www.private-eye.co.uk/sections.php?section_link=columnists&issue=1657
1112167841,20230630,COMPANIES,MOROCCAN,,MAR,192,4,-9.5,-0.63784549964564,23.6609,-15.9532,4,https://english.almayadeen.net/news/politics/israel-morocco-and-western-sahara-its-deeper-than-we-thought
1268588420,20251014,WESTERN SAHARA,AFRICA,MAR,AFR,190,4,-10.0,-3.40386384544619,25.0,-13.5,1,https://www.moroccoworldnews.com/2025/10/263537/the-lies-algeria-tells-itself-about-the-moroccan-sahara/
1268587233,20251014,AFRICA,WESTERN SAHARA,AFR,MAR,190,4,-10.0,-3.40386384544619,25.0,-13.5,1,https://www.moroccoworldnews.com/2025/10/263537/the-lies-algeria-tells-itself-about-the-moroccan-sahara/
1268588419,20251014,WESTERN SAHARA,AFRICA,MAR,AFR,190,4,-10.0,-3.40386384544619,25.0,-13.5,1,https://www.moroccoworldnews.com/2025/10/263537/the-lies-algeria-tells-itself-about-the-moroccan-sahara/
1268587232,20251014,AFRICA,WESTERN SAHARA,AFR,MAR,190,4,-10.0,-3.40386384544619,25.0,-13.5,1,https://www.moroccoworldnews.com/2025/10/263537/the-lies-algeria-tells-itself-about-the-moroccan-sahara/
1255436164,20250802,MOROCCAN,,MAR,,196,4,-9.5,-3.86674598453302,25.0,-13.5,1,https://truthout.org/articles/bipartisan-us-push-tries-to-label-democratic-african-government-as-terrorist/
1088227788,20230308,,ABDULLAH,,SAU,190,4,-10.0,-3.69843527738264,25.0,-13.5,1,http://lecourrier-dalgerie.com/palestine-et-sahara-occidental-la-femme-reste-attachee-a-son-droit-a-lindependance/
1088228023,20230308,ABDULLAH,,SAU,,190,4,-10.0,-3.69843527738264,25.0,-13.5,1,http://lecourrier-dalgerie.com/palestine-et-sahara-occidental-la-femme-reste-attachee-a-son-droit-a-lindependance/
1088227967,20230308,WESTERN SAHARA,ABDULLAH,MAR,SAU,190,4,-10.0,-3.69843527738264,25.0,-13.5,1,http://lecourrier-dalgerie.com/palestine-et-sahara-occidental-la-femme-reste-attachee-a-son-droit-a-lindependance/
1088228024,20230308,ABDULLAH,WESTERN SAHARA,SAU,MAR,190,4,-10.0,-3.69843527738264,25.0,-13.5,1,http://lecourrier-dalgerie.com/palestine-et-sahara-occidental-la-femme-reste-attachee-a-son-droit-a-lindependance/
1226251083,20250213,WESTERN SAHARA,ALGERIA,MAR,DZA,190,4,-10.0,-8.10810810810811,25.0,-13.5,1,https://countercurrents.org/author/abdelkader-abderrahmane/
1226250531,20250213,ALGERIA,WESTERN SAHARA,DZA,MAR,190,4,-10.0,-8.10810810810811,25.0,-13.5,1,https://countercurrents.org/author/abdelkader-abderrahmane/
1107988092,20230610,,ISRAELI,,ISR,190,4,-10.0,-0.64874884151992,25.0,-13.5,1,https://www.al-monitor.com/originals/2023/06/will-israel-recognize-moroccos-sovereignty-over-western-sahara
1107988495,20230610,ISRAELI,,ISR,,190,4,-10.0,-0.64874884151992,25.0,-13.5,1,https://www.al-monitor.com/originals/2023/06/will-israel-recognize-moroccos-sovereignty-over-western-sahara
1136880819,20231030,MILITIA,MOROCCO,,MAR,190,4,-10.0,-5.80912863070539,27.4143,-9.04784,4,https://english.aawsat.com/arab-world/4636791-morocco-opens-investigation-western-sahara-attacks
1136880821,20231030,MILITIA,MOROCCO,,MAR,195,4,-10.0,-5.80912863070539,27.4143,-9.04784,4,https://english.aawsat.com/arab-world/4636791-morocco-opens-investigation-western-sahara-attacks
1065577958,20221001,WESTERN SAHARA,,MAR,,190,4,-10.0,-0.95087163232963,25.0,-13.5,1,http://lecourrier-dalgerie.com/une-large-purge-dans-le-commandement-des-far-m6-veut-une-armee-appendice-de-tsahal/
1137916549,20231103,ALGERIA,,DZA,,181,4,-9.0,-3.49397590361446,25.0,-13.5,1,https://www.theafricareport.com/326556/western-sahara-at-the-heart-of-fierce-battle-at-the-united-nations/
1137916908,20231103,UNITED NATIONS,WESTERN SAHARA,,MAR,190,4,-10.0,-3.49397590361446,25.0,-13.5,1,https://www.theafricareport.com/326556/western-sahara-at-the-heart-of-fierce-battle-at-the-united-nations/
1085281470,20230217,MOROCCO,ALGERIAN,MAR,DZA,190,4,-10.0,1.99846272098386,25.0,-13.5,1,https://www.meforum.org/64171/israel-morocco-and-the-western-sahara-how-to
1085280794,20230217,ALGERIAN,MOROCCO,DZA,MAR,190,4,-10.0,1.99846272098386,25.0,-13.5,1,https://www.meforum.org/64171/israel-morocco-and-the-western-sahara-how-to
1124470653,20230902,ALGERIAN,TOURIST,DZA,,193,4,-10.0,-2.33463035019455,25.0,-13.5,1,https://www.thewestonforum.com/the-algerian-coast-guard-shoots-at-jet-ski-tourists-on-the-border/
1124470658,20230902,ALGERIAN,TOURIST,DZA,,193,4,-10.0,-2.33463035019455,25.0,-13.5,1,https://www.thewestonforum.com/the-algerian-coast-guard-shoots-at-jet-ski-tourists-on-the-border/
1124477678,20230902,,MILITARY,,,190,4,-10.0,-3.61111111111111,26.0928,-10.6089,4,https://www.macaubusiness.com/polisario-commander-western-sahara-fighters-killed-by-drone/
1124477999,20230902,WESTERN SAHARA,MILITARY,MAR,,190,4,-10.0,-3.61111111111111,26.0928,-10.6089,4,https://www.macaubusiness.com/polisario-commander-western-sahara-fighters-killed-by-drone/
1124478015,20230902,MILITARY,WESTERN SAHARA,,MAR,190,4,-10.0,-3.61111111111111,26.0928,-10.6089,4,https://www.macaubusiness.com/polisario-commander-western-sahara-fighters-killed-by-drone/
1069565408,20221028,MOROCCO,SPAIN,MAR,ESP,192,4,-9.5,-2.75,25.0,-13.5,1,https://english.alaraby.co.uk/news/morocco-slams-south-africa-polisario-leaders-welcome
1153061153,20240122,COUNSELOR,,,,190,4,-10.0,4.75059382422803,25.0,-13.5,1,https://astanatimes.com/2024/01/kazakhstan-boosts-prestige-and-combat-proficiency-through-un-peacekeeping-mission-deployment/
1155087741,20240201,ALGERIA,MOROCCO,DZA,MAR,192,4,-9.5,-4.48343079922027,25.0,-13.5,1,https://www.nrc.nl/nieuws/2024/01/31/58628390-a4188677
1155160970,20240201,CIVILIAN,GOVERNMENT,,,193,4,-10.0,-4.07643312101911,25.0,-13.5,1,https://www.tuftsdaily.com/article/2024/02/the-war-profiteers-in-cambridge-need-to-go
1089789603,20230317,GERMANY,WESTERN SAHARA,DEU,MAR,180,4,-9.0,-7.65171503957784,25.0,-13.5,1,https://www.agenceafrique.com/42271-khadijettou-mahmoud-denonce-son-viol-par-le-chef-du-polisario-lors-dune-conference-en-allemagne.html
1089789604,20230317,GERMANY,WESTERN SAHARA,DEU,MAR,1821,4,-9.0,-7.65171503957784,25.0,-13.5,1,https://www.agenceafrique.com/42271-khadijettou-mahmoud-denonce-son-viol-par-le-chef-du-polisario-lors-dune-conference-en-allemagne.html
1080626629,20230118,,DELEGATE,,,190,4,-10.0,-2.99539170506912,23.6609,-15.9532,4,https://www.laprensalatina.com/founders-brother-makes-bid-to-lead-western-saharas-polisario/
1080626631,20230118,,WESTERN SAHARA,,MAR,190,4,-10.0,-2.99539170506912,23.6609,-15.9532,4,https://www.laprensalatina.com/founders-brother-makes-bid-to-lead-western-saharas-polisario/
1080592710,20221218,POLICE,,,,190,4,-10.0,-6.23973727422003,25.0,-13.5,1,https://www.bbc.co.uk/news/world-europe-64306691
1080611826,20221219,POLICE,,,,190,4,-10.0,-6.61417322834646,25.0,-13.5,1,https://www.rnz.co.nz/news/world/482640/italian-pier-antonio-panzeri-held-in-eu-qatargate-bribery-probe-agrees-to-tell-all
1080588881,20221218,POLICE,,,,1711,4,-9.2,-6.30182421227197,25.0,-13.5,1,https://www.bbc.com/news/world-europe-64306691
1080588882,20221218,POLICE,,,,190,4,-10.0,-6.30182421227197,25.0,-13.5,1,https://www.bbc.com/news/world-europe-64306691
1080611825,20221219,POLICE,,,,1711,4,-9.2,-6.61417322834646,25.0,-13.5,1,https://www.rnz.co.nz/news/world/482640/italian-pier-antonio-panzeri-held-in-eu-qatargate-bribery-probe-agrees-to-tell-all
1080611827,20221219,POLICE,,,,190,4,-10.0,-6.61417322834646,25.0,-13.5,1,https://www.rnz.co.nz/news/world/482640/italian-pier-antonio-panzeri-held-in-eu-qatargate-bribery-probe-agrees-to-tell-all
1080627223,20230118,CONGRESS,,,,190,4,-10.0,-2.99539170506912,23.6609,-15.9532,4,https://www.laprensalatina.com/founders-brother-makes-bid-to-lead-western-saharas-polisario/
1080627236,20230118,CONGRESS,WESTERN SAHARA,,MAR,190,4,-10.0,-2.99539170506912,23.6609,-15.9532,4,https://www.laprensalatina.com/founders-brother-makes-bid-to-lead-western-saharas-polisario/
1080627239,20230118,DELEGATE,WESTERN SAHARA,,MAR,190,4,-10.0,-2.99539170506912,23.6609,-15.9532,4,https://www.laprensalatina.com/founders-brother-makes-bid-to-lead-western-saharas-polisario/
1080627250,20230118,WESTERN SAHARA,DELEGATE,MAR,,190,4,-10.0,-2.99539170506912,23.6609,-15.9532,4,https://www.laprensalatina.com/founders-brother-makes-bid-to-lead-western-saharas-polisario/
1192434813,20240813,FRENCH,MOROCCO,FRA,MAR,186,4,-10.0,-0.77220077220077,25.0,-13.5,1,https://www.worldpoliticsreview.com/morocco-western-sahara-france/
1278158259,20251208,SETTLER,CITIZEN,,,190,4,-10.0,-5.74712643678161,25.0,-13.5,1,https://www.lnr-dz.com/category/monde/?edition=8438
1270183556,20250923,SPANISH,WESTERN SAHARA,ESP,MAR,190,4,-10.0,-1.28398791540785,25.0,-13.5,1,https://www.thetimes.com/world/africa/article/next-war-trump-end-conflict-solve-8ckkx2w3g
1085968827,20230221,ALGERIAN,MOROCCO,DZA,MAR,190,4,-10.0,2.01342281879195,25.0,-13.5,1,https://www.jewishpress.com/indepth/opinions/israel-morocco-and-the-western-sahara-how-to-strengthen-the-abraham-accords/2023/02/21/
1085969203,20230221,MOROCCO,ALGERIAN,MAR,DZA,190,4,-10.0,2.01342281879195,25.0,-13.5,1,https://www.jewishpress.com/indepth/opinions/israel-morocco-and-the-western-sahara-how-to-strengthen-the-abraham-accords/2023/02/21/
1065449897,20220930,MOROCCO,ISRAEL,MAR,ISR,190,4,-10.0,-0.32437442075996,25.0,-13.5,1,https://ejpress.org/leveraging-the-abraham-accords-for-israels-relations-with-europe/
1139083990,20231109,HAMAS,ISRAELI,PSE,ISR,180,4,-9.0,-3.60360360360361,25.0,-13.5,1,https://www.straitstimes.com/world/europe/barcelona-dockers-refuse-to-handle-military-material-amid-gaza-war
1312257161,20260706,,CANARY ISLANDS,,ESP,190,4,-10.0,-2.1875,25.0,-13.5,1,https://www.express.co.uk/travel/articles/2225720/spain-tourist-warning-popular-island-upgrades-alerts
1188487007,20240722,PARLIAMENT,,,,193,4,-10.0,1.994301994302,25.0,-13.5,1,https://www.thesouthafrican.com/news/politics/watch-ramaphosa-debate-opening-of-parliament-address-anc/
1188486208,20240722,AFRICA,WESTERN SAHARA,AFR,MAR,193,4,-10.0,1.994301994302,25.0,-13.5,1,https://www.thesouthafrican.com/news/politics/watch-ramaphosa-debate-opening-of-parliament-address-anc/
1232709455,20250318,,AFRICA,,AFR,192,4,-9.5,-0.61425061425061,25.0,-13.5,1,https://www.defensenews.com/congress/2018/12/13/us-africa-strategy-hinges-on-local-forces-stepping-up-as-pentagon-ramps-down-bolton/
1084065379,20230209,POLITICAL PRISONER,,,,1822,4,-9.0,-1.65137614678899,25.0,-13.5,1,http://lecourrier-dalgerie.com/lutte-du-peuple-sahraoui-pour-lautodetermination-zwelivelile-mandela-reaffirme-le-soutien-de-lafrique-du-sud/
1168697881,20240409,ARMY,,,,190,4,-10.0,-3.57698289269052,25.0,-13.5,1,https://www.source-7.com/2024/04/%D8%A7%D8%AE%D8%A8%D8%A7%D8%B1-%D8%A7%D9%84%D9%8A%D9%88%D9%85-%D9%82%D8%B5%D8%A9-%D8%B4%D9%87%D9%8A%D8%AF-%D8%A7%D9%84%D8%A8%D8%B7%D9%84-%D8%A3%D8%AD%D9%85%D8%AF-%D8%B9%D8%A8%D8%AF-%D8%A7%D9%84/
1276622910,20251128,NATIONAL ASSEMBLY,NATIONAL COUNCIL,,,192,4,-9.5,2.85714285714286,25.0,-13.5,1,https://www.aps.dz:443/en/algeria/national-news/miiqlh4l-lower-house-attends-festivities-marking-50th-anniversary-of-sahrawi-national-council-s-establishment
1086160133,20230222,MOROCCAN,DEMONSTRATOR,MAR,,190,4,-10.0,0.0,25.0,-13.5,1,https://www.aps.dz/monde/152104-sahara-occidental-le-role-de-l-ua-au-centre-de-discussions-entre-faki-et-sidati
1086160134,20230222,MOROCCAN,DEMONSTRATOR,MAR,,190,4,-10.0,0.0,25.0,-13.5,1,https://www.aps.dz/monde/152104-sahara-occidental-le-role-de-l-ua-au-centre-de-discussions-entre-faki-et-sidati
1218173705,20241230,MOROCCO,,MAR,,190,4,-10.0,-6.73076923076924,25.0,-13.5,1,https://www.akhbarona.com/politic/398353.html
1218173479,20241230,ALGERIA,MOROCCO,DZA,MAR,190,4,-10.0,-6.73076923076924,25.0,-13.5,1,https://www.akhbarona.com/politic/398353.html
1063489208,20220917,WESTERN SAHARA,MOROCCAN,MAR,MAR,190,4,-10.0,-4.14507772020726,27.4143,-9.04784,4,https://fr.allafrica.com/stories/202209170056.html
1316901622,20260805,MILITARY,SPAIN,,ESP,190,4,-10.0,-3.87931034482759,25.0,-13.5,1,https://www.ewn.co.za/2026/08/05/ceuta-migrant-surge-shines-spotlight-on-morocco-spain-tensions
1316901283,20260805,SPAIN,MILITARY,ESP,,190,4,-10.0,-3.87931034482759,25.0,-13.5,1,https://www.ewn.co.za/2026/08/05/ceuta-migrant-surge-shines-spotlight-on-morocco-spain-tensions
1316901598,20260805,WESTERN SAHARA,MILITARY,MAR,,190,4,-10.0,-3.87931034482759,25.0,-13.5,1,https://www.ewn.co.za/2026/08/05/ceuta-migrant-surge-shines-spotlight-on-morocco-spain-tensions
1316901639,20260805,MILITARY,WESTERN SAHARA,,MAR,190,4,-10.0,-3.87931034482759,25.0,-13.5,1,https://www.ewn.co.za/2026/08/05/ceuta-migrant-surge-shines-spotlight-on-morocco-spain-tensions
1275364401,20251121,MILITARY,GUERRILLA,,,190,4,-10.0,-0.44843049327355,21.2167,-17.0167,4,https://allafrica.com/stories/202511210009.html
1150626192,20240109,AFRICA,MOROCCO,AFR,MAR,190,4,-10.0,-1.8957345971564,25.0,-13.5,1,https://www.news24.com/news24/world/news/in-rare-african-split-south-africa-is-battling-morocco-to-lead-un-rights-body-20240109
1230264124,20250305,MOROCCO,,MAR,,190,4,-10.0,0.462962962962969,25.0,-13.5,1,https://www.moroccoworldnews.com/2025/03/179846/spanish-fm-reiterates-support-for-morocco-calls-for-resolution-to-sahara-dispute/
1291311199,20260227,WESTERN SAHARA,,MAR,,192,4,-9.5,0.69555912252541,23.6609,-15.9532,4,https://www.thetimes.com/travel/destinations/africa-travel/mauritania-adventures-gd893xwms
1094836182,20230411,WESTERN SAHARA,,MAR,,190,4,-10.0,0.23474178403756,25.0,-13.5,1,https://iraqakhbar.com/3929190
1094836272,20230411,IMAM,WESTERN SAHARA,,MAR,190,4,-10.0,0.23474178403756,25.0,-13.5,1,https://iraqakhbar.com/3929190
1147049060,20231218,ARMY,MOROCCAN,,MAR,190,4,-10.0,-0.28818443804035,23.6609,-15.9532,4,https://www.echoroukonline.com/this-is-the-message-the-sahrawis-sent-to-washington-on-the-eve-of-its-envoys-visit-to-rabat
1147049058,20231218,ARMY,WESTERN SAHARA,,MAR,190,4,-10.0,-0.28818443804035,23.6609,-15.9532,4,https://www.echoroukonline.com/this-is-the-message-the-sahrawis-sent-to-washington-on-the-eve-of-its-envoys-visit-to-rabat
1147049059,20231218,ARMY,WESTERN SAHARA,,MAR,190,4,-10.0,-0.28818443804035,21.2167,-17.0167,4,https://www.echoroukonline.com/this-is-the-message-the-sahrawis-sent-to-washington-on-the-eve-of-its-envoys-visit-to-rabat
1091294978,20230326,PERSIAN GULF,,PGS,,190,4,-10.0,-0.41536863966771,25.0,-13.5,1,https://www.msn.com/en-us/news/world/sepecat-jaguar-this-is-what-india-s-nuclear-bomber-looks-like/ar-AA196aGT
1255070761,20250731,WESTERN SAHARA,OCCUPIED TERRITORIES,MAR,PSE,193,4,-10.0,-1.84615384615385,23.6609,-15.9532,4,https://www.dailysabah.com/arts/cinema/festival-asks-nolan-to-cut-western-sahara-scenes-from-upcoming-film
1254999625,20250731,,WESTERN SAHARA,,MAR,193,4,-10.0,-1.56555772994129,23.6609,-15.9532,4,https://www.ecofinagency.com/news-culture/3107-47921-western-sahara-christopher-nolan-faces-backlash-over-filming-the-odyssey-in-dakhla
1255070760,20250731,WESTERN SAHARA,OCCUPIED TERRITORIES,MAR,PSE,193,4,-10.0,-1.84615384615385,23.6609,-15.9532,4,https://www.dailysabah.com/arts/cinema/festival-asks-nolan-to-cut-western-sahara-scenes-from-upcoming-film
1217826969,20241227,LONDON,,GBR,,195,4,-10.0,-4.26136363636363,25.0,-13.5,1,https://dailytrust.com/air-peace-under-attack-since-start-of-london-operation-onyema/
1264956032,20250924,SPAIN,GAZA,ESP,PSE,190,4,-10.0,-4.83870967741936,25.0,-13.5,1,https://www.dostor.org/5232513
1304514384,20260517,WESTERN SAHARA,CANNES,MAR,FRA,193,4,-10.0,-4.42105263157895,25.0,-13.5,1,https://deadline.com/2026/05/javier-bardem-genocide-hollywood-blacklist-1236907880/
1304514385,20260517,WESTERN SAHARA,CANNES,MAR,FRA,193,4,-10.0,-4.42105263157895,25.0,-13.5,1,https://deadline.com/2026/05/javier-bardem-genocide-hollywood-blacklist-1236907880/
1229781592,20250303,POPULATION,,,,180,4,-9.0,-0.44444444444445,25.0,-13.5,1,http://www.thetibetpost.com/news/international/tibet-is-one-of-the-least-free-places-in-the-world-freedom-house-report-2025
1229781536,20250303,TIBET,POPULATION,CHN,,180,4,-9.0,-0.44444444444445,25.0,-13.5,1,http://www.thetibetpost.com/news/international/tibet-is-one-of-the-least-free-places-in-the-world-freedom-house-report-2025
1229782073,20250303,WESTERN SAHARA,POPULATION,MAR,,180,4,-9.0,-0.44444444444445,25.0,-13.5,1,http://www.thetibetpost.com/news/international/tibet-is-one-of-the-least-free-places-in-the-world-freedom-house-report-2025
1229781537,20250303,CHINA,POPULATION,CHN,,180,4,-9.0,-0.44444444444445,25.0,-13.5,1,http://www.thetibetpost.com/news/international/tibet-is-one-of-the-least-free-places-in-the-world-freedom-house-report-2025
1229782074,20250303,WESTERN SAHARA,POPULATION,MAR,,180,4,-9.0,-0.44444444444445,25.0,-13.5,1,http://www.thetibetpost.com/news/international/tibet-is-one-of-the-least-free-places-in-the-world-freedom-house-report-2025
1225596106,20250210,MOROCCO,MANUFACTURER,MAR,,190,4,-10.0,-6.80272108843538,25.0,-13.5,1,https://www.presstv.ir/Detail/2025/02/10/742531/Morocco-Israel-Elbit-battle-tested-arms
1225596107,20250210,MOROCCO,MANUFACTURER,MAR,,190,4,-10.0,-6.80272108843538,25.0,-13.5,1,https://www.presstv.ir/Detail/2025/02/10/742531/Morocco-Israel-Elbit-battle-tested-arms
1299886707,20260418,,WESTERN SAHARA,,MAR,190,4,-10.0,3.14547837483617,25.0,-13.5,1,https://www.dostor.org/5512835
1299887031,20260418,WESTERN SAHARA,,MAR,,190,4,-10.0,3.14547837483617,25.0,-13.5,1,https://www.dostor.org/5512835
1299887032,20260418,WESTERN SAHARA,,MAR,,190,4,-10.0,3.14547837483617,25.0,-13.5,1,https://www.dostor.org/5512835
1299886706,20260418,,WESTERN SAHARA,,MAR,190,4,-10.0,3.14547837483617,25.0,-13.5,1,https://www.dostor.org/5512835
1151995603,20240116,EUROPEAN,,EUR,,180,4,-9.0,-5.702364394993,25.0,-13.5,1,https://www.echoroukonline.com/%D8%A7%D9%84%D9%85%D8%AE%D8%B2%D9%86-%D9%85%D8%A4%D8%AA%D9%85%D9%86-%D8%B9%D9%84%D9%89-%D8%AD%D9%82%D9%88%D9%82-%D8%A7%D9%84%D8%A5%D9%86%D8%B3%D8%A7%D9%86-%D9%81%D9%8A-%D8%B9%D8%A7%D9%84%D9%85-%D8%A7
1171928176,20240425,FRENCH,,FRA,,190,4,-10.0,-3.05164319248827,25.0,-13.5,1,https://oe1.orf.at/programm/20240425/756321/Westsahara-Die-letzte-Kolonie-und-ihre-Unterdrueckten
1171928182,20240425,FRENCH,MOROCCO,FRA,MAR,190,4,-10.0,-3.05164319248827,25.0,-13.5,1,https://oe1.orf.at/programm/20240425/756321/Westsahara-Die-letzte-Kolonie-und-ihre-Unterdrueckten
1245253761,20250521,INTELLIGENCE,HAMAS,,PSE,180,4,-9.0,-4.27018633540372,23.6609,-15.9532,4,https://www.dailysignal.com/2025/05/21/why-must-confront-terror-proxy-polisario-front/
1266009342,20250930,AFRICA,BRITISH,AFR,GBR,190,4,-10.0,0.0,23.6609,-15.9532,4,https://www.moroccoworldnews.com/2025/09/261019/western-sahara-overcoming-the-burden-of-history-with-eyes-on-the-future/
1266009671,20250930,BRITISH,AFRICA,GBR,AFR,190,4,-10.0,0.0,23.6609,-15.9532,4,https://www.moroccoworldnews.com/2025/09/261019/western-sahara-overcoming-the-burden-of-history-with-eyes-on-the-future/
1142662919,20231127,ISRAELI,,ISR,,181,4,-9.0,-2.46153846153846,25.0,-13.5,1,https://unternehmen-heute.de/news.php?newsid=6589235
1072419718,20221117,,AUTHORITIES,,,190,4,-10.0,-6.07269503546099,26.1147,-14.3892,4,https://www.echoroukonline.com/%D8%B7%D8%A7%D9%84%D8%A8%D8%AA%D8%A7%D9%86-%D9%86%D8%B1%D9%88%D9%8A%D8%AC%D9%8A%D8%AA%D8%A7%D9%86-%D8%AA%D8%B1%D9%88%D9%8A%D8%A7%D9%86-%D8%AD%D8%A7%D8%AF%D8%AB%D8%A9-%D8%B7%D8%B1%D8%AF%D9%87%D9%85
1072420034,20221117,AUTHORITIES,,,,190,4,-10.0,-6.07269503546099,26.1147,-14.3892,4,https://www.echoroukonline.com/%D8%B7%D8%A7%D9%84%D8%A8%D8%AA%D8%A7%D9%86-%D9%86%D8%B1%D9%88%D9%8A%D8%AC%D9%8A%D8%AA%D8%A7%D9%86-%D8%AA%D8%B1%D9%88%D9%8A%D8%A7%D9%86-%D8%AD%D8%A7%D8%AF%D8%AB%D8%A9-%D8%B7%D8%B1%D8%AF%D9%87%D9%85
1072420066,20221117,AUTHORITIES,WESTERN SAHARA,,MAR,190,4,-10.0,-6.07269503546099,26.1147,-14.3892,4,https://www.echoroukonline.com/%D8%B7%D8%A7%D9%84%D8%A8%D8%AA%D8%A7%D9%86-%D9%86%D8%B1%D9%88%D9%8A%D8%AC%D9%8A%D8%AA%D8%A7%D9%86-%D8%AA%D8%B1%D9%88%D9%8A%D8%A7%D9%86-%D8%AD%D8%A7%D8%AF%D8%AB%D8%A9-%D8%B7%D8%B1%D8%AF%D9%87%D9%85
1072420243,20221117,WESTERN SAHARA,AUTHORITIES,MAR,,190,4,-10.0,-6.07269503546099,26.1147,-14.3892,4,https://www.echoroukonline.com/%D8%B7%D8%A7%D9%84%D8%A8%D8%AA%D8%A7%D9%86-%D9%86%D8%B1%D9%88%D9%8A%D8%AC%D9%8A%D8%AA%D8%A7%D9%86-%D8%AA%D8%B1%D9%88%D9%8A%D8%A7%D9%86-%D8%AD%D8%A7%D8%AF%D8%AB%D8%A9-%D8%B7%D8%B1%D8%AF%D9%87%D9%85
1308766453,20260612,WESTERN SAHARA,,MAR,,192,4,-9.5,-4.28779069767441,21.2167,-17.0167,4,https://www.moroccoworldnews.com/2026/06/318661/mauritania-and-the-western-sahara-conflict-the-equation-of-neutrality-regional-balance/
1308766454,20260612,WESTERN SAHARA,,MAR,,192,4,-9.5,-4.28779069767441,21.2167,-17.0167,4,https://www.moroccoworldnews.com/2026/06/318661/mauritania-and-the-western-sahara-conflict-the-equation-of-neutrality-regional-balance/
1141445922,20231120,MOROCCAN,,MAR,,194,4,-10.0,-6.0021436227224,26.6792,-11.6781,4,https://www.express.co.uk/news/politics/1837120/Hamas-Israel-Iran-Morocco-Polisario-Front-extremism
1141445921,20231120,MOROCCAN,,MAR,,194,4,-10.0,-6.0021436227224,26.6792,-11.6781,4,https://www.express.co.uk/news/politics/1837120/Hamas-Israel-Iran-Morocco-Polisario-Front-extremism
1253531206,20250723,AFRICA,NIGERIA,AFR,NGA,190,4,-10.0,-4.22535211267606,25.0,-13.5,1,https://www.firstpost.com/world/africa-news-live-updates-mks-sahara-shock-sudans-oil-conflict-nigerias-budget-battles-alpha-liveblog-ws-e-13910607.html
1221749414,20250120,POLICEMEN,TERRORIST,,,190,4,-10.0,-10.5263157894737,25.0,-13.5,1,https://www.dostor.org/4933051
1221749715,20250120,TERRORIST,POLICEMEN,,,190,4,-10.0,-10.5263157894737,25.0,-13.5,1,https://www.dostor.org/4933051
1314971552,20260723,SPAIN,MAURITANIA,ESP,MRT,192,4,-9.5,0.55776892430279,23.6609,-15.9532,4,https://mg.co.za/friday/2026-07-23-the-displaced-people-left-outside-christopher-nolan-s-the-odyssey/
1065958675,20221004,BAHRAIN,MAROC,BHR,MAR,190,4,-10.0,-1.65876777251185,27.135,-13.1625,4,https://menafn.com/1104964858/Loeb-Records-Superb-Stage-Win-To-Lead-In-Morocco-As-Prodrive-Hunters-Dominate
1065959035,20221004,MOROCCO,BAHRAIN,MAR,BHR,190,4,-10.0,-1.65876777251185,27.135,-13.1625,4,https://menafn.com/1104964858/Loeb-Records-Superb-Stage-Win-To-Lead-In-Morocco-As-Prodrive-Hunters-Dominate
1259448346,20250825,WESTERN SAHARA,MOROCCAN,MAR,MAR,190,4,-10.0,-5.56328233657858,25.0,-13.5,1,https://ar.yabiladi.com/articles/details/174911/%D8%A7%D9%84%D8%B5%D8%AD%D8%B1%D8%A7%D8%A1-%D9%81%D9%8A-%D9%88%D8%AB%D8%A7%D8%A6%D9%82-%D8%A7%D9%84%D9%85%D8%AE%D8%A7%D8%A8%D8%B1%D8%A7%D8%AA-%D8%A7%D9%84%D8%A3%D9%85%D8%B1%D9%8A%D9%83%D9%8A%D8%A9.html
1259448347,20250825,MOROCCAN,WESTERN SAHARA,MAR,MAR,190,4,-10.0,-5.56328233657858,25.0,-13.5,1,https://ar.yabiladi.com/articles/details/174911/%D8%A7%D9%84%D8%B5%D8%AD%D8%B1%D8%A7%D8%A1-%D9%81%D9%8A-%D9%88%D8%AB%D8%A7%D8%A6%D9%82-%D8%A7%D9%84%D9%85%D8%AE%D8%A7%D8%A8%D8%B1%D8%A7%D8%AA-%D8%A7%D9%84%D8%A3%D9%85%D8%B1%D9%8A%D9%83%D9%8A%D8%A9.html
1316141435,20260731,SPAIN,MOROCCO,ESP,MAR,190,4,-10.0,-6.54205607476635,25.0,-13.5,1,https://www.forbes.com/sites/conormurray/2026/07/30/meloni-floats-extraordinary-measures-as-spains-ceuta-overwhelmed-with-migrants-from-morocco/
1316111768,20260730,SPAIN,MOROCCO,ESP,MAR,190,4,-10.0,-6.56370656370656,25.0,-13.5,1,https://www.yahoo.com/news/world/articles/spain-ceuta-chaos-moroccan-migrant-183303855.html
1316141798,20260731,MOROCCO,SPAIN,MAR,ESP,190,4,-10.0,-6.54205607476635,25.0,-13.5,1,https://www.forbes.com/sites/conormurray/2026/07/30/meloni-floats-extraordinary-measures-as-spains-ceuta-overwhelmed-with-migrants-from-morocco/
1316112160,20260730,MOROCCO,SPAIN,MAR,ESP,190,4,-10.0,-6.56370656370656,25.0,-13.5,1,https://www.yahoo.com/news/world/articles/spain-ceuta-chaos-moroccan-migrant-183303855.html
1316141317,20260731,MIGRANT,SPAIN,,ESP,192,4,-9.5,-6.54205607476635,25.0,-13.5,1,https://www.forbes.com/sites/conormurray/2026/07/30/meloni-floats-extraordinary-measures-as-spains-ceuta-overwhelmed-with-migrants-from-morocco/
1316115454,20260730,MIGRANT,SPAIN,,ESP,192,4,-9.5,-6.73316708229426,25.0,-13.5,1,https://www.forbes.com/sites/conormurray/2026/07/30/spains-ceuta-in-chaos-as-moroccan-migrant-surge-prompts-viral-right-wing-backlash/
1235573645,20250401,CIVILIAN,,,,194,4,-10.0,-1.60320641282565,27.4143,-9.04784,4,https://www.securitycouncilreport.org/monthly-forecast/2025-04/western-sahara-14.php
1116110389,20230720,ALGERIA,WESTERN SAHARA,DZA,MAR,190,4,-10.0,-1.33333333333333,25.0,-13.5,1,https://www.dw.com/ar/%D8%AA%D8%AD%D8%B0%D9%8A%D8%B1%D8%A7%D8%AA-%D9%85%D9%86-%D8%AA%D8%AC%D8%AF%D8%AF-%D8%A7%D9%84%D8%AA%D9%88%D8%AA%D8%B1-%D9%81%D9%8A-%D8%A7%D9%84%D8%B5%D8%AD%D8%B1%D8%A7%D8%A1-%D8%A7%D9%84%D8%BA%D8%B1%D8%A8%D9%8A%D8%A9/a-66293826
1116110768,20230720,WESTERN SAHARA,ALGERIA,MAR,DZA,190,4,-10.0,-1.33333333333333,25.0,-13.5,1,https://www.dw.com/ar/%D8%AA%D8%AD%D8%B0%D9%8A%D8%B1%D8%A7%D8%AA-%D9%85%D9%86-%D8%AA%D8%AC%D8%AF%D8%AF-%D8%A7%D9%84%D8%AA%D9%88%D8%AA%D8%B1-%D9%81%D9%8A-%D8%A7%D9%84%D8%B5%D8%AD%D8%B1%D8%A7%D8%A1-%D8%A7%D9%84%D8%BA%D8%B1%D8%A8%D9%8A%D8%A9/a-66293826
1116110767,20230720,WESTERN SAHARA,ALGERIA,MAR,DZA,190,4,-10.0,-1.33333333333333,25.0,-13.5,1,https://www.dw.com/ar/%D8%AA%D8%AD%D8%B0%D9%8A%D8%B1%D8%A7%D8%AA-%D9%85%D9%86-%D8%AA%D8%AC%D8%AF%D8%AF-%D8%A7%D9%84%D8%AA%D9%88%D8%AA%D8%B1-%D9%81%D9%8A-%D8%A7%D9%84%D8%B5%D8%AD%D8%B1%D8%A7%D8%A1-%D8%A7%D9%84%D8%BA%D8%B1%D8%A8%D9%8A%D8%A9/a-66293826
1116110388,20230720,ALGERIA,WESTERN SAHARA,DZA,MAR,190,4,-10.0,-1.33333333333333,25.0,-13.5,1,https://www.dw.com/ar/%D8%AA%D8%AD%D8%B0%D9%8A%D8%B1%D8%A7%D8%AA-%D9%85%D9%86-%D8%AA%D8%AC%D8%AF%D8%AF-%D8%A7%D9%84%D8%AA%D9%88%D8%AA%D8%B1-%D9%81%D9%8A-%D8%A7%D9%84%D8%B5%D8%AD%D8%B1%D8%A7%D8%A1-%D8%A7%D9%84%D8%BA%D8%B1%D8%A8%D9%8A%D8%A9/a-66293826
1124387171,20230902,,ALGERIA,,DZA,193,4,-10.0,-5.21042084168336,25.0,-13.5,1,https://www.skynews.com.au/world-news/two-tourists-on-jet-skis-shot-dead-by-algerian-coastguard-after-accidentally-crossing-moroccan-maritime-boundary/news-story/4ca612c868232cf5bb789d17c59696fc
1124329628,20230901,MOROCCO,ALGERIA,MAR,DZA,193,4,-10.0,-1.63265306122449,25.0,-13.5,1,https://www.nu.nl/buitenland/6279132/marokko-onderzoekt-dood-jetskier-die-door-algerije-zou-zijn-beschoten.html
1124411256,20230902,MOROCCAN,ALGERIA,MAR,DZA,193,4,-10.0,-6.12244897959184,25.0,-13.5,1,https://www.bbc.co.uk/news/world-africa-66694136
1124396899,20230902,COAST GUARD,,,,193,4,-10.0,-4.40097799511002,25.0,-13.5,1,http://www.merkur.de/welt/algerien-marokko-urlaub-mittelmeer-jetski-tot-92494286.html
1124387407,20230902,ALGERIA,ALGERIAN,DZA,DZA,193,4,-10.0,-5.21042084168336,25.0,-13.5,1,https://www.skynews.com.au/world-news/two-tourists-on-jet-skis-shot-dead-by-algerian-coastguard-after-accidentally-crossing-moroccan-maritime-boundary/news-story/4ca612c868232cf5bb789d17c59696fc
1124422505,20230902,TOURIST,ALGERIAN,,DZA,190,4,-10.0,-6.75324675324675,25.0,-13.5,1,https://allafrica.com/stories/202309020082.html
1124420853,20230902,FRENCH,FRANCE,FRA,FRA,190,4,-10.0,-6.77200902934537,25.0,-13.5,1,https://www.nwaonline.com/news/2023/sep/02/officials-us-will-act-if-taiwan-attacked/
1124407492,20230902,FIGHTER,MOROCCAN,,MAR,195,4,-10.0,0.4149377593361,25.0,-13.5,1,https://www.azzaman.com/%D9%85%D9%82%D8%AA%D9%84-%D9%82%D8%A7%D8%A6%D8%AF-%D9%81%D9%8A-%D8%A7%D9%84%D8%A8%D9%88%D9%84%D9%8A%D8%B3%D8%A7%D8%B1%D9%8A%D9%88-%D9%88%D8%A3%D8%B1%D8%A8%D8%B9%D8%A9-%D9%85%D9%82%D8%A7%D8%AA%D9%84/
1124345359,20230901,COAST GUARD,MOROCCAN,,MAR,193,4,-10.0,-6.17577197149643,25.0,-13.5,1,https://www.dw.com/en/algerian-forces-accused-of-killing-2-men-in-jet-ski-shooting/a-66695473
1124422504,20230902,TOURIST,ALGERIA,,DZA,190,4,-10.0,-6.75324675324675,25.0,-13.5,1,https://allafrica.com/stories/202309020082.html
1124416265,20230902,WESTERN SAHARA,FIGHTER,MAR,,190,4,-10.0,-3.59477124183006,27.4143,-9.04784,4,https://www.i24news.tv/en/news/middle-east/north-africa/1693630704-drone-kills-polisario-front-commander-3-fighters-in-western-sahara
1124383169,20230902,WESTERN SAHARA,GENDARMERIE,MAR,,190,4,-10.0,-3.66197183098592,26.0928,-10.6089,4,https://www.bssnews.net/news/145204
1124383170,20230902,WESTERN SAHARA,WESTERN SAHARA,MAR,MAR,190,4,-10.0,-3.66197183098592,26.0928,-10.6089,4,https://www.bssnews.net/news/145204
1124383201,20230902,MILITARY,GENDARMERIE,,,190,4,-10.0,-3.66197183098592,26.0928,-10.6089,4,https://www.bssnews.net/news/145204
1227137571,20240218,WESTERN SAHARA,,MAR,,190,4,-10.0,-2.98507462686567,25.0,-13.5,1,https://www.ksl.com:443/article/51250488/shark-attacks-declined-sharply-in-2024-its-not-clear-why
1227137572,20240218,WESTERN SAHARA,,MAR,,190,4,-10.0,-2.98507462686567,25.0,-13.5,1,https://www.ksl.com:443/article/51250488/shark-attacks-declined-sharply-in-2024-its-not-clear-why
1093154367,20230403,MILITIA,,,,190,4,-10.0,-6.60377358490566,25.0,-13.5,1,https://www.yabiladi.ma/articles/details/138445/%D8%B1%D8%A6%D9%8A%D8%B3-%D8%AD%D8%B1%D9%83%D8%A9-%D8%B5%D8%AD%D8%B1%D8%A7%D9%88%D9%8A%D9%88%D9%86-%D9%85%D9%86-%D8%A7%D8%AC%D9%84.html
1165992934,20240326,ISRAELI,GAZA,ISR,PSE,180,4,-9.0,1.66468489892984,25.0,-13.5,1,https://www.al-fanarmedia.org/2024/03/inclusive-education-is-key-to-promoting-peace-and-confronting-hate-speech/
1222277727,20250123,PRESIDENT,,,,190,4,-10.0,-1.83639398998331,23.6609,-15.9532,4,https://www.newarab.com/news/will-donald-trumps-golden-age-shape-us-ties-maghreb
1069753482,20221029,SPANISH,,ESP,,190,4,-10.0,-1.72413793103448,25.0,-13.5,1,https://www.echoroukonline.com/%D9%87%D9%84%D8%A7%D9%84-%D9%88%D8%AA%D8%A7%D8%B1%D9%8A%D8%AE-%D8%A7%D9%84%D8%A8%D9%88%D9%84%D9%8A%D8%B3%D8%A7%D8%B1%D9%8A%D9%88-%D9%88%D8%AB%D9%8A%D9%82%D8%A9-%D8%AA%D8%A7%D8%B1%D9%8A%D8%AE%D9%8A
1069753256,20221029,,SPANISH,,ESP,190,4,-10.0,-1.72413793103448,25.0,-13.5,1,https://www.echoroukonline.com/%D9%87%D9%84%D8%A7%D9%84-%D9%88%D8%AA%D8%A7%D8%B1%D9%8A%D8%AE-%D8%A7%D9%84%D8%A8%D9%88%D9%84%D9%8A%D8%B3%D8%A7%D8%B1%D9%8A%D9%88-%D9%88%D8%AB%D9%8A%D9%82%D8%A9-%D8%AA%D8%A7%D8%B1%D9%8A%D8%AE%D9%8A
1111807290,20230628,WESTERN SAHARA,,MAR,,190,4,-10.0,-0.93896713615023,25.0,-13.5,1,https://www.evwind.es/2023/06/28/harnessing-solar-and-wind-power-potential-in-western-sahara/92527
1260747267,20250901,MAURITANIA,MAURITANIA,MRT,MRT,182,4,-9.5,-8.05767599660734,25.0,-13.5,1,https://africa.com/mauritania-years-of-migration-control-abuses/
1097509191,20230422,ALGERIA,CITIZEN,DZA,,190,4,-10.0,-4.97667185069985,25.0,-13.5,1,https://www.forbes.com/sites/pauliddon/2023/04/22/bayraktars-over-cairo-why-turkey-might-sell-egypt-military-drones-after-normalization/
1082874444,20230201,WESTERN SAHARA,,MAR,,1822,4,-9.0,-5.33807829181495,26.1147,-14.3892,4,https://www.spsrasd.info/news/en/articles/2023/02/01/43888.html
1254475702,20250728,WESTERN SAHARA,,MAR,,192,4,-9.5,-5.29411764705883,25.0,-13.5,1,https://www.sydsvenskan.se/2025-07-28/nolan-kritiseras-for-att-filma-i-omstridd-stad/
1225872396,20240212,WESTERN SAHARA,,MAR,,190,4,-10.0,-2.99667036625971,25.0,-13.5,1,https://www.cnn.com/2025/02/11/science/shark-attacks-decline-2024/
1225979707,20250212,WESTERN SAHARA,,MAR,,190,4,-10.0,-3.17712470214456,25.0,-13.5,1,https://www.eurasiareview.com/12022025-international-shark-attack-file-report-unprovoked-shark-bites-plummeted-in-2024/
1225872397,20240212,WESTERN SAHARA,,MAR,,190,4,-10.0,-2.99667036625971,25.0,-13.5,1,https://www.cnn.com/2025/02/11/science/shark-attacks-decline-2024/
1225935480,20250211,WESTERN SAHARA,,MAR,,190,4,-10.0,-3.05286671630677,25.0,-13.5,1,https://www.eurekalert.org:443/news-releases/1072892
1225865501,20250211,MOROCCO,MANUFACTURER,MAR,,190,4,-10.0,-7.07395498392283,25.0,-13.5,1,https://www.globalsecurity.org/military/library/news/2025/02/mil-250210-presstv10.htm
1225865502,20250211,MOROCCO,MANUFACTURER,MAR,,190,4,-10.0,-7.07395498392283,25.0,-13.5,1,https://www.globalsecurity.org/military/library/news/2025/02/mil-250210-presstv10.htm
1291456133,20260227,ARMY,,,,190,4,-10.0,1.76405733186328,26.6792,-11.6781,4,https://www.cawalisse.com/234055/
1138683685,20231107,HAMAS,ISRAELI,PSE,ISR,180,4,-9.0,-3.11614730878187,25.0,-13.5,1,https://www.reuters.com/world/europe/barcelona-dockers-refuse-handle-military-material-amid-gaza-war-2023-11-07/
1157218682,20240212,ADVOCATE,SADC,,SAF,180,4,-9.0,1.22699386503068,25.0,-13.5,1,http://www.times.co.sz/news/143853-alpheous-slams-eff-resolutions-on-eswatini.html
1089915213,20230318,MOROCCO,,MAR,,1822,4,-9.0,-3.05343511450382,25.0,-13.5,1,https://www.aps.dz/monde/153318-la-conasadh-salue-la-decision-du-cat-en-faveur-d-un-prisonnier-sahraoui
1182588511,20240619,WESTERN SAHARA,,MAR,,1822,4,-9.0,-1.84049079754601,25.0,-13.5,1,https://www.greenleft.org.au/content/visiting-journalist-speaks-about-freedom-occupied-western-sahara
1136828052,20231030,ISRAEL,CIVILIAN,ISR,,190,4,-10.0,-1.2853470437018,25.0,-13.5,1,https://www.africanexaminer.com/moroccans-rally-for-gaza-ceasefire-against-israel-ties/
1136828105,20231030,ISRAEL,HAMAS,ISR,PSE,190,4,-10.0,-1.2853470437018,25.0,-13.5,1,https://www.africanexaminer.com/moroccans-rally-for-gaza-ceasefire-against-israel-ties/
1136433024,20231027,MOROCCO,,MAR,,1712,4,-9.2,-7.2487644151565,25.0,-13.5,1,https://www.elkhabar.com/press/article/235871/%D8%AC%D8%A8%D9%87%D8%A9-%D8%A7%D9%84%D8%A8%D9%88%D9%84%D9%8A%D8%B3%D8%A7%D8%B1%D9%8A%D9%88-%D8%AA%D8%AF%D9%8A%D9%86/
1313875854,20260716,WESTERN SAHARA,,MAR,,193,4,-10.0,-4.82897384305835,23.6609,-15.9532,4,https://www.el-balad.com/17032911
1143421325,20231130,MEDIA,MOROCCAN,,MAR,180,4,-9.0,-3.15315315315315,25.0,-13.5,1,https://menafn.com/1107514280/Moroccan-Activists-Arrested-for-Demanding-End-to-Normalization-of-Ties-With-Israel
1143388214,20231130,MOROCCO,,MAR,,180,4,-9.0,-3.15315315315315,25.0,-13.5,1,http://slguardian.org/moroccan-activists-arrested-for-demanding-end-to-normalization-of-ties-with-israel/
1143330017,20231129,MOROCCO,,MAR,,180,4,-9.0,-3.21100917431192,25.0,-13.5,1,https://www.eurasiareview.com/30112023-moroccan-activists-arrested-for-demanding-end-to-normalization-of-ties-with-israel/
1143388215,20231130,MOROCCAN,,MAR,,180,4,-9.0,-3.15315315315315,25.0,-13.5,1,http://slguardian.org/moroccan-activists-arrested-for-demanding-end-to-normalization-of-ties-with-israel/
1143330018,20231129,MOROCCAN,,MAR,,180,4,-9.0,-3.21100917431192,25.0,-13.5,1,https://www.eurasiareview.com/30112023-moroccan-activists-arrested-for-demanding-end-to-normalization-of-ties-with-israel/
1143330014,20231129,MOROCCAN,MOROCCO,MAR,MAR,180,4,-9.0,-3.21100917431192,25.0,-13.5,1,https://www.eurasiareview.com/30112023-moroccan-activists-arrested-for-demanding-end-to-normalization-of-ties-with-israel/
1143388212,20231130,MOROCCAN,MOROCCO,MAR,MAR,180,4,-9.0,-3.15315315315315,25.0,-13.5,1,http://slguardian.org/moroccan-activists-arrested-for-demanding-end-to-normalization-of-ties-with-israel/
1143330015,20231129,MOROCCAN,MOROCCO,MAR,MAR,180,4,-9.0,-3.21100917431192,25.0,-13.5,1,https://www.eurasiareview.com/30112023-moroccan-activists-arrested-for-demanding-end-to-normalization-of-ties-with-israel/
1281572341,20251230,WESTERN SAHARA,,MAR,,180,4,-9.0,-3.52573215808929,24.9953,-12.3369,4,https://www.moroccoworldnews.com/2025/12/273392/what-morocco-after-october-31-really-means-from-geopolitical-consolidation-to-strategic-confrontation/
1272854637,20251106,SPANISH SAHARA,,MAR,,192,4,-9.5,-1.14942528735633,25.0,-13.5,1,https://www.thehindu.com/archives/from-the-hindu-november-7-1975-moroccan-peace-marchers-cross-spanish-sahara-border/article70247328.ece
1192307733,20240812,MOROCCO,,MAR,,190,4,-10.0,-0.82815734989648,25.0,-13.5,1,https://www.echoroukonline.com/%D8%A8%D8%A7%D8%B1%D9%8A%D8%B3-%D8%A3%D8%B6%D9%81%D8%AA-%D8%A7%D9%84%D8%B7%D8%A7%D8%A8%D8%B9-%D8%A7%D9%84%D8%B1%D8%B3%D9%85%D9%8A-%D8%B9%D9%84%D9%89-%D8%AF%D8%B9%D9%85%D9%87%D8%A7-%D8%A7%D9%84
1227995922,20250221,SECRETARY OF STATE,FRANCE,,FRA,180,4,-9.0,-0.87463556851312,25.0,-13.5,1,https://www.akhbarelyoum.dz/ar/200243/200254/338876-2025-02-21-13-22-11
1227995924,20250221,SECRETARY OF STATE,FRANCE,,FRA,180,4,-9.0,-0.87463556851312,25.0,-13.5,1,https://www.akhbarelyoum.dz/ar/200243/200254/338876-2025-02-21-13-22-11
1187470917,20240716,ISRAEL,,ISR,,193,4,-10.0,-3.03720577069097,25.0,-13.5,1,https://www.middleeasteye.net/news/gaza-war-party-israel-moroccans-hotel-jerusalem-anger
1187471333,20240716,GAZA,ISRAEL,PSE,ISR,1822,4,-9.0,-3.03720577069097,25.0,-13.5,1,https://www.middleeasteye.net/news/gaza-war-party-israel-moroccans-hotel-jerusalem-anger
1219423343,20250108,WESTERN SAHARA,,MAR,,192,4,-9.5,-1.43513203214696,25.0,-13.5,1,https://doc.aljazeera.net/cinema/2025/1/8/%D9%85%D9%88%D9%84-%D8%A7%D9%84%D9%85%D8%A7%D8%A1-%D8%B3%D8%A8%D8%B9%D9%8A%D9%86%D9%8A-%D9%88%D9%82%D9%88%D8%B1-%D9%8A%D9%82%D8%A7%D9%88%D9%85-%D8%B9%D8%B7%D8%B4-%D8%B3%D9%83%D8%A7%D9%86
1134068827,20231017,BUSINESS,MOROCCO,,MAR,190,4,-10.0,-5.48172757475083,25.0,-13.5,1,https://www.echoroukonline.com/%D8%AA%D9%82%D8%B1%D9%8A%D8%B1-%D8%A7%D9%84%D8%A3%D9%85%D9%85-%D8%A7%D9%84%D9%85%D8%AA%D8%AD%D8%AF%D8%A9-%D9%8A%D8%B9%D8%B1%D9%8A-%D8%B2%D9%8A%D9%81-%D8%A7%D9%84%D8%A5%D8%B9%D9%84%D8%A7%D9%85-%D8%A7
1172088237,20240425,MOROCCAN,WESTERN SAHARA,MAR,MAR,192,4,-9.5,-1.94462755438365,26.0928,-10.6089,4,https://www.accord.org.za/conflict-trends/the-western-sahara-conflict-on-an-evolving-african-security-landscape/
1172088353,20240425,MAURITANIAN,WESTERN SAHARA,MRT,MAR,192,4,-9.5,-1.94462755438365,26.0928,-10.6089,4,https://www.accord.org.za/conflict-trends/the-western-sahara-conflict-on-an-evolving-african-security-landscape/
1129053880,20230925,MOROCCAN,,MAR,,190,4,-10.0,-9.60854092526691,26.1147,-14.3892,4,https://allafrica.com/stories/202309250009.html
1077371177,20221223,RUSSIA,,RUS,,190,4,-10.0,-6.35514018691589,25.0,-13.5,1,https://www.el-balad.com/822523
1134166771,20231018,SPANISH,WESTERN SAHARA,ESP,MAR,192,4,-9.5,-0.96153846153846,25.0,-13.5,1,https://www.theafricangourmet.com/2023/10/the-evergreen-impact-of-moroccos-green.html
1138850253,20231108,ISRAEL,HAMAS,ISR,PSE,180,4,-9.0,-4.01002506265664,25.0,-13.5,1,https://dunia.tempo.co/read/1794073/protes-genosida-gaza-serikat-buruh-pelabuhan-barcelona-tolak-tangani-kiriman-militer
1084829454,20230214,CHINESE,JAPANESE,CHN,JPN,192,4,-9.5,-3.33988212180747,25.0,-13.5,1,https://www.washingtonexaminer.com/opinion/china-set-the-precedent-for-russian-invasion-of-ukraine
1206991272,20241029,WESTERN SAHARA,,MAR,,190,4,-10.0,-6.4197530864198,25.0,-13.5,1,https://www.echoroukonline.com/%D9%82%D8%B7%D8%B9%D9%86%D8%A7-%D8%B9%D9%84%D8%A7%D9%82%D8%AA%D9%86%D8%A7-%D9%85%D8%B9-%D8%A5%D8%B3%D8%B1%D8%A7%D8%A6%D9%8A%D9%84-%D9%88%D9%84%D9%86-%D9%86%D8%AA%D8%B1%D8%A7%D8%AC%D8%B9-%D8%B9
1206990779,20241029,,WESTERN SAHARA,,MAR,190,4,-10.0,-6.4197530864198,25.0,-13.5,1,https://www.echoroukonline.com/%D9%82%D8%B7%D8%B9%D9%86%D8%A7-%D8%B9%D9%84%D8%A7%D9%82%D8%AA%D9%86%D8%A7-%D9%85%D8%B9-%D8%A5%D8%B3%D8%B1%D8%A7%D8%A6%D9%8A%D9%84-%D9%88%D9%84%D9%86-%D9%86%D8%AA%D8%B1%D8%A7%D8%AC%D8%B9-%D8%B9
1150734688,20240110,AFRICA,MOROCCO,AFR,MAR,190,4,-10.0,-0.53763440860215,25.0,-13.5,1,https://www.timeslive.co.za/news/africa/2024-01-10-south-africa-battles-morocco-to-lead-un-rights-body/
1150724200,20240110,AFRICA,MOROCCO,AFR,MAR,190,4,-10.0,-0.70921985815603,25.0,-13.5,1,https://www.dispatchlive.co.za/news/2024-01-10-south-africa-battles-morocco-to-lead-un-rights-body/
1173758546,20240504,MOROCCAN,FIGHTER,MAR,,195,4,-10.0,-0.55741360089186,25.0,-13.5,1,https://alhourriah.org/article/136316
1076884346,20221219,MONK,ALGERIAN,,DZA,190,4,-10.0,0.80710250201775,23.6609,-15.9532,4,https://www.churchinneed.org/apostolic-prefect-of-western-sahara-foucauld-is-our-inspiration-we-are-the-presence-of-christ-in-the-muslim-world/
1255306301,20250801,GUERRILLA ARMY,,,,190,4,-10.0,-3.83293682262754,23.6609,-15.9532,4,https://www.guernicamag.com/the-war-of-forgetting/
1255292595,20250801,,GUERRILLA ARMY,,,190,4,-10.0,-3.83293682262754,23.6609,-15.9532,4,https://www.guernicamag.com/the-war-of-forgetting/
1091882238,20230329,STATE OFFICIAL,WESTERN SAHARA,,MAR,192,4,-9.5,-2.16783216783217,23.6609,-15.9532,4,https://www.eurasiareview.com/29032023-whats-behind-spains-about-face-on-western-sahara-analysis/
1091882237,20230329,STATE OFFICIAL,WESTERN SAHARA,,MAR,192,4,-9.5,-2.16783216783217,23.6609,-15.9532,4,https://www.eurasiareview.com/29032023-whats-behind-spains-about-face-on-western-sahara-analysis/
1204226923,20241015,MOROCCO,,MAR,,192,4,-9.5,-0.32637075718015,25.0,-13.5,1,https://verfassungsblog.de/locus-standing-in-the-eu/
1242856919,20250509,FRANCE,MOROCCO,FRA,MAR,1822,4,-9.0,-3.00261096605744,25.0,-13.5,1,https://www.jungewelt.de/artikel/499769.westsahara-konflikt-das-ist-die-koloniale-rache.html
1247814983,20250604,FRANCE,MOROCCO,FRA,MAR,181,4,-9.0,-6.93069306930693,25.0,-13.5,1,https://www.straitstimes.com/world/europe/french-kidnappings-suspect-arrested-in-morocco-police-source-says
1315666348,20260728,MOROCCO,ICELAND,MAR,ISL,193,4,-10.0,-1.34932533733133,25.0,-13.5,1,https://www.inewsgr.com/184/Nolans-The-Odyssey-Spans-Five-Countries-in-Quest-for-Homers-Real-World-Landscapes.htm
1315666350,20260728,MOROCCO,ICELAND,MAR,ISL,193,4,-10.0,-1.34932533733133,25.0,-13.5,1,https://www.inewsgr.com/184/Nolans-The-Odyssey-Spans-Five-Countries-in-Quest-for-Homers-Real-World-Landscapes.htm
1315746896,20260728,LIBERATION ARMY,WESTERN SAHARA,,MAR,203,4,-10.0,-4.59231490159325,26.8161,-12.8083,4,https://peoplesworld.org/article/amid-supply-chain-crises-trump-administration-targets-occupied-western-sahara/
1066986847,20221011,,WESTERN SAHARA,,MAR,190,4,-10.0,-4.25373134328358,25.0,-13.5,1,https://www.alquds.co.uk/%D8%AA%D9%82%D8%B1%D9%8A%D8%B1-%D8%A7%D9%84%D8%A3%D9%85%D9%8A%D9%86-%D8%A7%D9%84%D8%B9%D8%A7%D9%85-%D9%84%D9%84%D8%A3%D9%85%D9%85-%D8%A7%D9%84%D9%85%D8%AA%D8%AD%D8%AF%D8%A9-%D8%AD%D9%88%D9%84-%D8%A7/
1066987143,20221011,WESTERN SAHARA,,MAR,,190,4,-10.0,-4.25373134328358,25.0,-13.5,1,https://www.alquds.co.uk/%D8%AA%D9%82%D8%B1%D9%8A%D8%B1-%D8%A7%D9%84%D8%A3%D9%85%D9%8A%D9%86-%D8%A7%D9%84%D8%B9%D8%A7%D9%85-%D9%84%D9%84%D8%A3%D9%85%D9%85-%D8%A7%D9%84%D9%85%D8%AA%D8%AD%D8%AF%D8%A9-%D8%AD%D9%88%D9%84-%D8%A7/
1294668653,20260317,GENERALS,SPANISH,,ESP,190,4,-10.0,1.2853470437018,25.0,-13.5,1,https://www.theolivepress.es/spain-news/2026/03/17/explainer-why-does-the-spanish-enclave-of-melilla-celebrate-st-patricks-day-as-a-bank-holiday/
1315912665,20260729,MOROCCAN,MAURITANIAN,MAR,MRT,190,4,-10.0,0.27972027972028,23.6609,-15.9532,4,https://www.theepochtimes.com/world/trump-says-highway-in-moroccan-occupied-western-sahara-named-after-him-6068708
1115916331,20230719,ALGERIA,MOROCCO,DZA,MAR,190,4,-10.0,-2.1139705882353,25.0,-13.5,1,https://www.dw.com/en/moroccos-territorial-claims-on-western-sahara-a-new-conflict-brewing/a-66288761
1115916886,20230719,MOROCCO,ALGERIA,MAR,DZA,190,4,-10.0,-2.1139705882353,25.0,-13.5,1,https://www.dw.com/en/moroccos-territorial-claims-on-western-sahara-a-new-conflict-brewing/a-66288761
1115916330,20230719,ALGERIA,MOROCCO,DZA,MAR,190,4,-10.0,-2.1139705882353,25.0,-13.5,1,https://www.dw.com/en/moroccos-territorial-claims-on-western-sahara-a-new-conflict-brewing/a-66288761
1115916885,20230719,MOROCCO,ALGERIA,MAR,DZA,190,4,-10.0,-2.1139705882353,25.0,-13.5,1,https://www.dw.com/en/moroccos-territorial-claims-on-western-sahara-a-new-conflict-brewing/a-66288761
1124230018,20230901,TOURIST,,,,193,4,-10.0,-6.4,25.0,-13.5,1,https://www.express.co.uk/news/world/1808194/tourists-jetskis-shot-dead-algeria-morocco
1124227100,20230901,SPOKESMAN,,,,193,4,-10.0,-8.78048780487806,25.0,-13.5,1,https://www.vecernji.hr/vijesti/dvoje-turista-ubijeno-nakon-sto-su-na-jet-skiju-zalutali-u-alzirske-vode-pucali-su-na-nas-iz-gumenjaka-1706293
1124198589,20230901,COAST GUARD,,,,193,4,-10.0,-4.41176470588236,25.0,-13.5,1,http://www.tz.de/welt/urlaub-mittelmeer-jetski-tot-algerien-marokko-92493624.html
1124275482,20230901,ALGERIA,ALGERIAN,DZA,DZA,190,4,-10.0,-3.93518518518519,25.0,-13.5,1,https://www.kuwaitnews.com/67299/
1124271291,20230901,MOROCCAN,MOROCCO,MAR,MAR,193,4,-10.0,-5.84795321637427,25.0,-13.5,1,https://news.yahoo.com/algerian-coast-guard-allegedly-kills-124836204.html
1124225658,20230901,FRENCH,ALGERIAN,FRA,DZA,193,4,-10.0,-4.42260442260443,25.0,-13.5,1,https://www.euronews.com/2023/09/01/french-moroccan-tourists-shot-dead-off-algerian-coast
1124210113,20230901,SPOKESMAN,SPOKESMAN,,,193,4,-10.0,-3.97727272727272,25.0,-13.5,1,https://avaz.ba/vijesti/globus/852760/ubijeni-turisti-koji-su-na-jet-skiju-zalutali-u-alzirske-vode
1124287475,20230901,AUTHORITIES,TOURIST,,,193,4,-10.0,-5.25059665871122,25.0,-13.5,1,https://www.dostor.org/4489685
1124270868,20230901,ALGERIAN,FRANCE,DZA,FRA,190,4,-10.0,-2.87356321839081,25.0,-13.5,1,https://www.al-monitor.com/originals/2023/09/two-moroccan-french-tourists-killed-algerian-coastguard
1124273228,20230901,ALGERIAN,MOROCCAN,DZA,MAR,193,4,-10.0,-4.67980295566502,25.0,-13.5,1,https://news.yahoo.com/morocco-launches-probe-algeria-jet-130954136.html
1064033250,20220921,SECURITY OFFICER,WESTERN SAHARA,,MAR,191,4,-9.5,-2.16346153846154,26.1147,-14.3892,4,https://www.amnesty.org.uk/resources/activist-successfully-leaves-home-after-18-months
1064033239,20220921,SECURITY FORCE,,,,1822,4,-9.0,-2.16346153846154,26.1147,-14.3892,4,https://www.amnesty.org.uk/resources/activist-successfully-leaves-home-after-18-months
1064033242,20220921,SECURITY OFFICER,,,,191,4,-9.5,-2.16346153846154,26.1147,-14.3892,4,https://www.amnesty.org.uk/resources/activist-successfully-leaves-home-after-18-months
1064033249,20220921,SECURITY OFFICER,WESTERN SAHARA,,MAR,191,4,-9.5,-2.16346153846154,26.1147,-14.3892,4,https://www.amnesty.org.uk/resources/activist-successfully-leaves-home-after-18-months
1090840924,20230324,LESOTHO,GANG,LSO,,180,4,-9.0,-2.50205086136178,25.0,-13.5,1,https://sundayexpress.co.ls/were-the-only-ones-who-can-walk-the-talk-on-national-development-mahao/
1067804556,20221016,BUSINESS,WESTERN SAHARA,,MAR,190,4,-10.0,-2.58232235701906,25.0,-13.5,1,https://www.echoroukonline.com/%D8%A7%D9%84%D8%B5%D8%AD%D8%B1%D8%A7%D8%A1-%D8%A7%D9%84%D8%BA%D8%B1%D8%A8%D9%8A%D8%A9-%D8%BA%D8%A7%D9%84%D9%8A-%D9%8A%D9%83%D8%B4%D9%81-%D8%B4%D8%B1%D9%88%D8%B7-%D8%A7%D9%84%D8%A5%D9%86%D8%AE%D8%B1
1208659906,20241107,EUROPEAN,WESTERN SAHARA,EUR,MAR,193,4,-10.0,2.81923714759536,25.0,-13.5,1,https://www.dewereldmorgen.be/community/macron-kan-neokoloniale-politiek-niet-laten/
1208659907,20241107,EUROPEAN,WESTERN SAHARA,EUR,MAR,193,4,-10.0,2.81923714759536,25.0,-13.5,1,https://www.dewereldmorgen.be/community/macron-kan-neokoloniale-politiek-niet-laten/
1107178131,20230606,ARMY,,,,190,4,-10.0,-8.0,25.0,-13.5,1,https://www.elkhabar.com/press/article/229876/%D9%87%D8%B0%D8%A7-%D9%85%D8%A7-%D9%8A%D8%B9%D9%8A%D8%B4%D9%87-%D8%A7%D9%84%D8%AC%D9%8A%D8%B4-%D8%A7%D9%84%D9%85%D8%BA%D8%B1%D8%A8%D9%8A/
1063567558,20220918,WESTERN SAHARA,PALESTINE,MAR,PSE,190,4,-10.0,0.7936507936508,25.0,-13.5,1,https://www.sowetanlive.co.za/news/2022-09-18-allow-africa-to-choose-its-partners-ramaphosa-tells-us-congressional-black-caucus/
1063567675,20220918,PALESTINE,WESTERN SAHARA,PSE,MAR,190,4,-10.0,0.7936507936508,25.0,-13.5,1,https://www.sowetanlive.co.za/news/2022-09-18-allow-africa-to-choose-its-partners-ramaphosa-tells-us-congressional-black-caucus/
1063664661,20220919,WESTERN SAHARA,PALESTINE,MAR,PSE,190,4,-10.0,1.11801242236025,25.0,-13.5,1,https://allafrica.com/stories/202209190045.html
1063664830,20220919,PALESTINE,WESTERN SAHARA,PSE,MAR,190,4,-10.0,1.11801242236025,25.0,-13.5,1,https://allafrica.com/stories/202209190045.html
1063888576,20220920,SEPARATIST MOVEMENT,MOROCCO,,MAR,190,4,-10.0,-2.53164556962025,25.0,-13.5,1,https://english.alaraby.co.uk/news/polisario-front-decries-moroccos-malicious-propaganda
1063888424,20220920,MOROCCO,SEPARATIST MOVEMENT,MAR,,190,4,-10.0,-2.53164556962025,25.0,-13.5,1,https://english.alaraby.co.uk/news/polisario-front-decries-moroccos-malicious-propaganda
1107435711,20230607,COMPANIES,MOROCCAN,,MAR,192,4,-9.5,-0.49792531120332,23.6609,-15.9532,4,https://www.mintpressnews.com/exporting-occupation-israel-business-booming-morocco-occupied-western-sahara/284942/
1107435710,20230607,COMPANIES,MOROCCAN,,MAR,192,4,-9.5,-0.49792531120332,23.6609,-15.9532,4,https://www.mintpressnews.com/exporting-occupation-israel-business-booming-morocco-occupied-western-sahara/284942/
1226600098,20250214,BRITISH,GERMANY,GBR,DEU,182,4,-9.5,-2.51121076233184,25.0,-13.5,1,https://www.forbes.com/sites/melissacristinamarquez/2025/02/14/2024-had-fewer-shark-bites-than-usual-heres-why-that-matters/
1119588308,20230808,RUSSIAN,,RUS,,194,4,-10.0,-3.57142857142857,23.6609,-15.9532,4,https://www.fbcnews.com.fj/world/several-killed-in-russian-missile-attack-in-pokrovsk-eastern-ukraine/
1119588325,20230808,RUSSIAN,UKRAINE,RUS,UKR,194,4,-10.0,-3.57142857142857,23.6609,-15.9532,4,https://www.fbcnews.com.fj/world/several-killed-in-russian-missile-attack-in-pokrovsk-eastern-ukraine/
1071706797,20221112,LESOTHO,GANG,LSO,,180,4,-9.0,-2.50205086136178,25.0,-13.5,1,https://sundayexpress.co.ls/were-the-only-ones-who-can-walk-the-talk-on-national-development-mahao/
1258649745,20250820,IRANIAN,,IRN,,194,4,-10.0,-7.07964601769909,25.0,-13.5,1,https://www.fairobserver.com/world-news/middle-east-news/fo-talks-iran-vows-stronger-response-if-attacked-again-by-america-israel/
1258649752,20250820,IRANIAN,ISRAELI,IRN,ISR,194,4,-10.0,-7.07964601769909,25.0,-13.5,1,https://www.fairobserver.com/world-news/middle-east-news/fo-talks-iran-vows-stronger-response-if-attacked-again-by-america-israel/
1115167271,20230716,ALGERIA,WESTERN SAHARA,DZA,MAR,192,4,-9.5,-2.36686390532545,25.0,-13.5,1,https://www.ibtimes.com/spain-vote-may-change-govt-not-foreign-policy-3705270
1115167270,20230716,ALGERIA,SPAIN,DZA,ESP,192,4,-9.5,-2.36686390532545,25.0,-13.5,1,https://www.ibtimes.com/spain-vote-may-change-govt-not-foreign-policy-3705270
915887945,20200401,MOROCCAN,,MAR,,192,4,-9.5,-3.23383084577115,25.0,-13.5,1,http://www.elmoudjahid.com/fr/actualites/150603
1092376019,20230330,ALGERIA,MOROCCO,DZA,MAR,190,4,-10.0,-2.75633958103638,25.0,-13.5,1,https://www.middleeasteye.net/news/morocco-western-sahara-lacoste-polo-shirt-causing-national-outrage
1092243882,20230330,WESTERN SAHARA,ALGERIA,MAR,DZA,190,4,-10.0,-2.61324041811846,25.0,-13.5,1,https://www.middleeasteye.net/news/algeria-turkey-anka-drones-nears-deal
1092243232,20230330,ALGERIA,WESTERN SAHARA,DZA,MAR,190,4,-10.0,-2.61324041811846,25.0,-13.5,1,https://www.middleeasteye.net/news/algeria-turkey-anka-drones-nears-deal
1092243880,20230330,WESTERN SAHARA,ALGERIA,MAR,DZA,190,4,-10.0,-2.61324041811846,25.0,-13.5,1,https://www.middleeasteye.net/news/algeria-turkey-anka-drones-nears-deal
1092243231,20230330,ALGERIA,WESTERN SAHARA,DZA,MAR,190,4,-10.0,-2.61324041811846,25.0,-13.5,1,https://www.middleeasteye.net/news/algeria-turkey-anka-drones-nears-deal
1316351874,20260801,MIGRANT,SPANISH,,ESP,192,4,-9.5,-4.91504854368932,25.0,-13.5,1,https://www.independent.co.uk/news/world/europe/ceuta-spain-latest-morocco-migrant-crisis-map-b3025724.html
1316346794,20260801,FRANCE,SPAIN,FRA,ESP,192,4,-9.5,-4.63917525773196,25.0,-13.5,1,https://www.bssnews.net/international/410639
1316372517,20260801,,SPAIN,,ESP,190,4,-10.0,-4.36241610738255,25.0,-13.5,1,https://www.geenstijl.nl/5191271/ceuta
1316290068,20260731,SPAIN,MIGRANT,ESP,,192,4,-9.5,-7.49574105621806,25.0,-13.5,1,https://www.indiablooms.com/world/41-dead-as-morocco-ceuta-migrant-crisis-spirals-spain-rushes-troops-eu-sounds-alarm/details
916205466,20200403,,WESTERN SAHARA,,MAR,190,4,-10.0,-2.24719101123596,25.0,-13.5,1,https://www.pulse.com.gh/news/world/key-polisario-front-figure-mhamed-khadad-dies/z3l16jn
1137948078,20231103,CEYLON,,LKA,,193,4,-10.0,6.24048706240487,25.0,-13.5,1,https://www.thedailystar.net/my-dhaka/news/katrina-wilds-exotic-tea-adventures-3460901
1137948079,20231103,CEYLON,,LKA,,193,4,-10.0,6.24048706240487,25.0,-13.5,1,https://www.thedailystar.net/my-dhaka/news/katrina-wilds-exotic-tea-adventures-3460901
1215623201,20241214,AFRICA,WESTERN SAHARA,AFR,MAR,180,4,-9.0,-3.33333333333333,25.0,-13.5,1,https://www.pambazuka.org/taxonomy/term/3271
1215623799,20241214,WESTERN SAHARA,AFRICA,MAR,AFR,180,4,-9.0,-3.33333333333333,25.0,-13.5,1,https://www.pambazuka.org/taxonomy/term/3271
1254940168,20250731,TUNISIA,OCCUPIED TERRITORIES,TUN,PSE,193,4,-10.0,-2.43161094224924,23.6609,-15.9532,4,https://www.philstar.com/entertainment/movies/2025/07/31/2462116/w-sahara-film-festival-urges-christopher-nolan-drop-the-odyssey-scenes-shot-disputed-territory
1254949748,20250731,MOROCCO,UNITED STATES,MAR,USA,193,4,-10.0,-2.35849056603774,23.6609,-15.9532,4,https://www.foxnews.com/media/christopher-nolans-the-odyssey-movie-under-fire-filming-occupied-indigenous-land
1254962216,20250731,MOROCCO,UNITED STATES,MAR,USA,193,4,-10.0,-2.19092331768388,23.6609,-15.9532,4,https://www.yahoo.com/news/articles/christopher-nolans-odyssey-movie-under-013043632.html
1129763983,20230928,WASHINGTON,,USA,,190,4,-10.0,-5.95903165735568,25.0,-13.5,1,https://www.theamericanconservative.com/in-fight-for-democracy-biden-administration-sides-with-autocracy/
1076614846,20221217,MEDIA,CIVILIAN,,,190,4,-10.0,-6.84326710816777,25.0,-13.5,1,https://spsrasd.info/news/en/articles/2022/12/17/43297.html
1076699977,20221218,MEDIA,CIVILIAN,,,190,4,-10.0,-6.84326710816777,25.0,-13.5,1,https://www.spsrasd.info/news/en/articles/2022/12/17/43297.html
1272718386,20251106,FIGHTER,REBEL,,,195,4,-10.0,-1.79076343072574,26.0928,-10.6089,4,https://www.farodevigo.es/espana/2025/11/06/50-anos-marcha-verde-espana-plan-guerra-marruecos-123410812.html
1109965028,20230620,MOROCCAN,ALGERIA,MAR,DZA,190,4,-10.0,-1.98170731707317,25.0,-13.5,1,https://news.yahoo.com/morocco-country-profile-081520900.html
1244368422,20250517,COMMANDER,MILITIA,,,190,4,-10.0,-7.87878787878786,25.0,-13.5,1,https://ar.yabiladi.com/articles/details/166602/%D9%85%D9%82%D8%AA%D9%84-%D9%82%D8%A7%D8%A6%D8%AF-%D9%83%D8%A8%D9%8A%D8%B1-%D9%81%D9%8A-%D9%85%D9%8A%D9%84%D9%8A%D8%B4%D9%8A%D8%A7.html
1272616362,20251105,MOROCCO,MOROCCO,MAR,MAR,192,4,-9.5,-3.86071158213475,27.135,-13.1625,4,https://www.ipsnews.net/2025/11/western-sahara-half-a-century-of-occupation-and-one-last-betrayal/
1272616366,20251105,MOROCCO,MOROCCAN,MAR,MAR,192,4,-9.5,-3.86071158213475,27.135,-13.1625,4,https://www.ipsnews.net/2025/11/western-sahara-half-a-century-of-occupation-and-one-last-betrayal/
897342383,20200107,ASSAILANT,CIVILIAN,,,190,4,-10.0,-7.64484058964691,26.0928,-10.6089,4,https://www.crisisgroup.org/crisiswatch/crisiswatch-january-2020-alerts-and-december-2019-trends
1017442273,20211203,MOROCCAN,,MAR,,180,4,-9.0,-5.18867924528301,25.0,-13.5,1,https://www.aps.dz:443/monde/132002-une-organisation-equatorienne-denonce-les-violations-flagrantes-des-droits-de-l-homme-au-sahara-occidental
1179083156,20240531,MOROCCO,,MAR,,190,4,-10.0,-4.85714285714286,23.6609,-15.9532,4,https://www.middleeasteye.net/news/israel-apologises-netanyahu-morocco-western-sahara-map
1179082183,20240531,,MOROCCO,,MAR,190,4,-10.0,-4.85714285714286,23.6609,-15.9532,4,https://www.middleeasteye.net/news/israel-apologises-netanyahu-morocco-western-sahara-map
1179082184,20240531,,WESTERN SAHARA,,MAR,190,4,-10.0,-4.30174563591022,22.5367,-14.294,4,https://www.middleeasteye.net/news/uphill-struggle-sahrawis-battling-morocco-western-sahara-berm
920950306,20200430,AFRICA,ASSEMBLAGE,AFR,,192,4,-9.5,0.418410041841,25.0,-13.5,1,https://www.news.com.au/technology/science/archaeology/fossils-reveal-sahara-desert-was-most-dangerous-place-in-earths-history/news-story/0233625f0ed63cc078de9ad22887a277
899384187,20200116,MOROCCAN,,MAR,,1711,4,-9.2,-4.79338842975206,25.0,-13.5,1,http://lecourrier-dalgerie.com/violations-des-droits-de-lhomme-au-sahara-occidental-aminatou-haider-visee-par-la-repression/
908342898,20200225,ACTIVIST,JOURNALIST,,,180,4,-9.0,-6.29032258064516,25.0,-13.5,1,http://www.aps.dz/monde/102181-anniversaire-de-la-proclamation-de-la-rasd-le-maroc-intensifie-la-repression-dans-les-territoires-occupes
897343677,20200107,ISLAM,MILITARY,,,190,4,-10.0,-7.64484058964691,26.0928,-10.6089,4,https://www.crisisgroup.org/crisiswatch/crisiswatch-january-2020-alerts-and-december-2019-trends
897648294,20200108,,WESTERN SAHARA,,MAR,195,4,-10.0,-2.17983651226158,25.0,-13.5,1,https://www.elwatannews.com/news/details/4520020
922909790,20200511,MEDIA,WESTERN SAHARA,,MAR,180,4,-9.0,-3.93700787401575,25.0,-13.5,1,https://www.afrik.com/sahara-algerie-et-maroc-s-affrontent-par-presse-interposee
955590637,20201120,MOROCCAN,LONDON,MAR,GBR,180,4,-9.0,-5.4421768707483,21.2167,-17.0167,4,https://fr.allafrica.com/stories/202011201039.html
972403098,20210302,WESTERN SAHARA,STATE OWNED TELEVISION,MAR,,190,4,-10.0,-3.67008681925809,21.2167,-17.0167,4,https://www.theafricareport.com/69335/morocco-algeria-western-sahara-conflict-shows-signs-of-escalation/
961926424,20201230,MOROCCAN,,MAR,,190,4,-10.0,-3.31125827814569,26.6792,-11.6781,4,https://fr.allafrica.com/stories/202012300006.html
998150704,20210805,,ARMY UNIT,,,195,4,-10.0,-6.41711229946524,26.6792,-11.6781,4,https://allafrica.com/stories/202108050478.html
905422539,20200212,REFUGEE,,,,181,4,-9.0,-2.65270031288261,26.0928,-10.6089,4,https://todaynewsafrica.com/western-sahara-the-deeper-story-behind-the-spanish-governments-fake-terror-alert-by-luis-portillo-pasqual-del-riquelme/
1073860077,20221128,WESTERN SAHARA,,MAR,,181,4,-9.0,-0.87976539589442,23.6609,-15.9532,4,https://www.jeuneafrique.com/1395682/politique/serie-sahara-occidental-la-face-cachee-du-polisario/
1055406885,20220723,MOROCCAN,,MAR,,190,4,-10.0,-4.7103410936654,25.0,-13.5,1,https://www.echoroukonline.com/%D8%A8%D8%A7%D9%84%D9%81%D9%8A%D8%AF%D9%8A%D9%88-%D9%85%D8%A4%D8%B3%D8%B3%D8%A9-%D9%86%D8%B4%D8%B7%D8%A7%D8%A1-%D8%AA%D9%86%D9%82%D9%84-%D8%A3%D8%AC%D9%88%D8%A7%D8%A1-%D8%A7%D9%84%D8%AD%D8%B1%D8%A8
1056140555,20220728,SPAIN,,ESP,,192,4,-9.5,4.03587443946188,25.0,-13.5,1,https://fr.allafrica.com/stories/202207280385.html
1056042459,20220728,MILITARY,PALESTINIAN,,PSE,190,4,-10.0,1.4792899408284,25.0,-13.5,1,http://lecourrier-dalgerie.com/venezuela-maduro-reaffirme-le-soutien-immuable-de-son-pays-a-la-lutte-du-peuple-sahraoui/
926907986,20200602,,WESTERN SAHARA,,MAR,192,4,-9.5,-3.88888888888889,25.0,-13.5,1,http://www.aps.dz/monde/105674-la-bm-retire-des-cartes-geographiques-du-maroc-incluant-illegalement-le-sahara-occidental
961096721,20201223,,ARMY,,,190,4,-10.0,-3.21100917431192,25.0,-13.5,1,http://www.elbilad.net/article/detail?id=112200
974163732,20210312,ALGIERS,MOROCCAN,DZA,MAR,190,4,-10.0,-10.1190476190476,25.0,-13.5,1,https://borneobulletin.com.bn/west-sahara-rebels-said-three-moroccan-troops-killed-in-attack/
962316875,20210101,MOROCCO,,MAR,,196,4,-9.5,-4.43107221006565,21.2167,-17.0167,4,https://www.mondaq.com/human-rights/1021716/war-resumes-in-occupied-western-sahara-an-interview-with-polisario-representative-kamal-fadel
971923275,20210227,MILITARY,,,,190,4,-10.0,-2.29990800367986,26.8161,-12.8083,4,http://www.lexpressiondz.com/info-en-continu/proclamation-de-la-rasd-des-acquis-politiques-et-diplomatiques-sur-fond-de-victoires-militaires-325590
985140937,20210516,WESTERN SAHARA,,MAR,,190,4,-10.0,-6.11028315946349,26.5,-13.25,4,http://lecourrier-dalgerie.com/le-front-polisario-appelle-lonu-a-proteger-les-populations-sahraouies/
965994553,20210124,REBEL,MILITARY,,,190,4,-10.0,-5.62571756601607,21.2167,-17.0167,4,http://www.msn.com/en-us/news/world/w-sahara-rebels-launch-attack-warn-morocco-of-escalation/ar-BB1d2QUk
1073416957,20221124,MOROCCAN,,MAR,,190,4,-10.0,-4.58015267175573,24.1667,-13.25,4,https://www.aps.dz/monde/147957-armee-sahraouie-nouvelles-attaques-contre-les-positions-de-l-occupant-marocain-dans-les-regions-de-chadhimia-et-oudi-oum-arkaba
1055406919,20220723,ARMY,MOROCCO,,MAR,190,4,-10.0,-4.7103410936654,25.0,-13.5,1,https://www.echoroukonline.com/%D8%A8%D8%A7%D9%84%D9%81%D9%8A%D8%AF%D9%8A%D9%88-%D9%85%D8%A4%D8%B3%D8%B3%D8%A9-%D9%86%D8%B4%D8%B7%D8%A7%D8%A1-%D8%AA%D9%86%D9%82%D9%84-%D8%A3%D8%AC%D9%88%D8%A7%D8%A1-%D8%A7%D9%84%D8%AD%D8%B1%D8%A8
1074286474,20221201,MAURITANIA,MOROCCO,MRT,MAR,193,4,-10.0,1.5228426395939,25.0,-13.5,1,https://www.alquds.co.uk/%D8%AD%D8%B2%D8%A8-%D9%85%D8%B9%D8%A7%D8%B1%D8%B6-%D9%8A%D8%AF%D9%8A%D9%86-%D9%82%D8%AA%D9%84-%D9%85%D8%AF%D9%86%D9%8A%D9%8A%D9%86-%D9%85%D9%88%D8%B1%D9%8A%D8%AA%D8%A7%D9%86%D9%8A%D9%8A%D9%86-%D8%A8/
1074603051,20221203,ACTIVIST,MOROCCAN,,MAR,181,4,-9.0,-4.91990846681922,23.6609,-15.9532,4,http://lecourrier-dalgerie.com/le-groupe-de-geneve-lexige-pour-avoir-viole-et-enfreint-dans-sa-mission-a-lethique-de-lonu-que-najat-maalla-mjid-demissionne/
970383945,20210218,MOROCCAN,MOROCCO,MAR,MAR,182,4,-9.5,-6.06060606060606,25.0,-13.5,1,https://www.aps.dz/monde/117806-l-organisation-front-line-defenders-denonce-le-harcelement-des-militants-sahraouis-par-la-police-marocaine
996136793,20210722,MOROCCO,MOROCCAN,MAR,MAR,190,4,-10.0,-7.51173708920188,25.0,-13.5,1,http://lecourrier-dalgerie.com/dans-son-message-de-voeux-au-peuple-sahroui-le-president-ghali-denonce-le-mutisme-et-linaction-honteuse-de-la-communaute-internationale/
957030194,20201130,MOROCCAN,,MAR,,190,4,-10.0,-4.54545454545455,25.0,-13.5,1,https://fr.allafrica.com/stories/202011290084.html
932575571,20200701,KIWI,,NZL,,1821,4,-9.0,-5.26976160602259,25.0,-13.5,1,http://www.msn.com/en-nz/news/national/kiwi-activist-receives-rape-death-threats-after-protest-against-blood-phosphate-imports/ar-BB16bN75
984546480,20210512,MOROCCAN,WESTERN SAHARA,MAR,MAR,182,4,-9.5,-2.06185567010309,25.0,-13.5,1,https://www.aps.dz:443/monde/121696-global-liberty-alliance-alerte-washington-sur-les-violations-marocaines-des-droits-de-l-homme-au-sahara-occidental
1245035602,20250520,MOROCCAN,MAURITANIAN,MAR,MRT,195,4,-10.0,-2.14285714285715,25.0,-13.5,1,http://alakhbar.info/?q=node/60961
1017767792,20211206,WESTERN SAHARA,,MAR,,190,4,-10.0,-6.63900414937759,25.0,-13.5,1,https://www.aps.dz/monde/132139-sahara-occidental-appel-a-une-action-urgente-pour-proteger-sultana-khaya-et-sa-famille
1025806546,20220131,MOROCCO,,MAR,,180,4,-9.0,-4.7457627118644,25.0,-13.5,1,http://lecourrier-dalgerie.com/amar-belani-avertit-rabat-et-alerte-lonu-le-maroc-alimente-dangereusement-lescalade-de-la-tension-dans-la-region/
1053755318,20220712,,AFRICA,,AFR,190,4,-10.0,-0.96685082872928,25.0,-13.5,1,https://www.newsweek.com/worlds-oldest-martian-meteorite-traced-precise-crater-it-came-1724070
1055406574,20220723,,ARMY,,,190,4,-10.0,-4.7103410936654,25.0,-13.5,1,https://www.echoroukonline.com/%D8%A8%D8%A7%D9%84%D9%81%D9%8A%D8%AF%D9%8A%D9%88-%D9%85%D8%A4%D8%B3%D8%B3%D8%A9-%D9%86%D8%B4%D8%B7%D8%A7%D8%A1-%D8%AA%D9%86%D9%82%D9%84-%D8%A3%D8%AC%D9%88%D8%A7%D8%A1-%D8%A7%D9%84%D8%AD%D8%B1%D8%A8
1054461029,20220717,MOROCCAN,MOROCCO,MAR,MAR,190,4,-10.0,-2.1398002853067,25.0,-13.5,1,https://www.alquds.co.uk/%D8%A7%D9%84%D8%AC%D8%B2%D8%A7%D8%A6%D8%B1-%D8%AA%D8%B4%D8%B1%D8%AD-%D8%B3%D8%A8%D8%A8-%D8%B1%D9%81%D8%B6%D9%87%D8%A7-%D9%84%D9%85%D9%82%D8%AA%D8%B1%D8%AD-%D8%A7%D9%84%D8%AD%D9%83%D9%85-%D8%A7%D9%84/
1056177572,20220728,WESTERN SAHARA,SPAIN,MAR,ESP,190,4,-10.0,1.03926096997691,25.0,-13.5,1,https://atalayar.com/en/content/blow-main-political-support-polisario-front-canaries
1056177296,20220728,SPAIN,WESTERN SAHARA,ESP,MAR,190,4,-10.0,1.03926096997691,25.0,-13.5,1,https://atalayar.com/en/content/blow-main-political-support-polisario-front-canaries
915891312,20200401,WESTERN SAHARA,,MAR,,190,4,-10.0,-3.03030303030303,25.0,-13.5,1,https://www.modernghana.com/news/993059/key-polisario-front-figure-mhamed-khadad-dies.html
916206282,20200403,WESTERN SAHARA,,MAR,,190,4,-10.0,-2.24719101123596,25.0,-13.5,1,https://www.pulse.com.gh/news/world/key-polisario-front-figure-mhamed-khadad-dies/z3l16jn
955789775,20201122,MOROCCAN,,MAR,,190,4,-10.0,-6.30797773654916,25.0,-13.5,1,http://www.liberte-algerie.com/international/le-front-polisario-maintient-la-pression-sur-les-forces-marocaines-349378
962310395,20210101,MOROCCAN,,MAR,,190,4,-10.0,-2.53164556962025,25.0,-13.5,1,https://fr.allafrica.com/stories/202012310005.html
990276448,20210615,WESTERN SAHARA,,MAR,,194,4,-10.0,0.95693779904306,25.0,-13.5,1,http://www.slateafrique.com/1049927/maroc-grand-exercice-militaire-conjoint-sous-commandement-americain
985873985,20210520,MIGRANT,MOROCCAN,,MAR,192,4,-9.5,-3.68956743002545,25.0,-13.5,1,http://north-africa.com/2021/05/morocco-uses-threat-of-migrants-to-force-spain-to-change-its-position-on-the-western-sahara-conflict/
915508489,20200331,WESTERN SAHARA,,MAR,,181,4,-9.0,-0.9771986970684,25.0,-13.5,1,https://moroccoonthemove.com/2020/03/30/western-sahara-time-to-stop-waiting-part-ii-testing-moroccan-resolve-robert-m-holley/
1139237932,20231109,,WESTERN SAHARA,,MAR,190,4,-10.0,-2.83893395133256,27.4143,-9.04784,4,https://www.mei.edu/publications/morocco-and-algerias-regional-rivalry-about-go-overdrive
1139237933,20231109,,WESTERN SAHARA,,MAR,190,4,-10.0,-2.83893395133256,26.0928,-10.6089,4,https://www.mei.edu/publications/morocco-and-algerias-regional-rivalry-about-go-overdrive
1139237939,20231109,,COMMANDER,,,190,4,-10.0,-2.83893395133256,26.0928,-10.6089,4,https://www.mei.edu/publications/morocco-and-algerias-regional-rivalry-about-go-overdrive
1139238962,20231109,WESTERN SAHARA,COMMANDER,MAR,,190,4,-10.0,-2.83893395133256,27.4143,-9.04784,4,https://www.mei.edu/publications/morocco-and-algerias-regional-rivalry-about-go-overdrive
1139238963,20231109,WESTERN SAHARA,COMMANDER,MAR,,190,4,-10.0,-2.83893395133256,26.0928,-10.6089,4,https://www.mei.edu/publications/morocco-and-algerias-regional-rivalry-about-go-overdrive
1024239785,20220120,MOROCCO,,MAR,,196,4,-9.5,-0.64257028112449,21.2167,-17.0167,4,https://mondoweiss.net/2022/01/the-abraham-accords-are-accelerating-a-return-to-war-in-western-sahara/
1025309632,20220127,AUTHORITIES,,,,190,4,-10.0,-5.3921568627451,26.1147,-14.3892,4,https://www.echoroukonline.com/%D8%A7%D9%84%D8%B5%D8%AD%D8%B1%D8%A7%D8%A1-%D8%A7%D9%84%D8%BA%D8%B1%D8%A8%D9%8A%D8%A9-%D8%A3%D9%83%D8%AB%D8%B1-%D9%85%D9%86-300-%D9%85%D9%86%D8%B8%D9%85%D8%A9-%D8%AF%D9%88%D9%84%D9%8A%D8%A9-%D8%AA
1024902506,20220125,WESTERN SAHARA,AUTHORITIES,MAR,,190,4,-10.0,-6.53663679493938,26.1147,-14.3892,4,https://www.echoroukonline.com/%D8%A7%D9%84%D8%B5%D8%AD%D8%B1%D8%A7%D8%A1-%D8%A7%D9%84%D8%BA%D8%B1%D8%A8%D9%8A%D8%A9-%D8%A7%D9%84%D8%B1%D8%A8%D8%A7%D8%B7-%D8%AA%D9%88%D8%AC%D9%87-%D8%AA%D9%87%D9%85%D8%A9-%D8%BA%D8%B1%D9%8A%D8%A8
1058896524,20220816,WESTERN SAHARA,ISLAMIC,MAR,,182,4,-9.5,-0.60200668896321,25.0,-13.5,1,https://www.echoroukonline.com/%D8%A3%D8%AD%D9%85%D8%AF-%D8%A7%D9%84%D8%B1%D9%8A%D8%B3%D9%88%D9%86%D9%8A-%D8%A7%D9%84%D8%B3%D9%82%D9%88%D8%B7-%D8%A7%D9%84%D9%85%D8%AF%D9%88%D9%8A
1058896523,20220816,WESTERN SAHARA,ISLAMIC,MAR,,182,4,-9.5,-0.60200668896321,25.0,-13.5,1,https://www.echoroukonline.com/%D8%A3%D8%AD%D9%85%D8%AF-%D8%A7%D9%84%D8%B1%D9%8A%D8%B3%D9%88%D9%86%D9%8A-%D8%A7%D9%84%D8%B3%D9%82%D9%88%D8%B7-%D8%A7%D9%84%D9%85%D8%AF%D9%88%D9%8A
1072736286,20221119,,AUTHORITIES,,,190,4,-10.0,-5.90088198236035,26.1147,-14.3892,4,https://www.echoroukonline.com/%D8%AC%D8%A8%D9%87%D8%A9-%D8%A7%D9%84%D8%A8%D9%88%D9%84%D9%8A%D8%B3%D8%A7%D8%B1%D9%8A%D9%88-%D8%AA%D8%AF%D9%8A%D9%86-%D9%85%D9%86%D8%B9-%D8%B7%D8%A7%D9%84%D8%A8%D8%AA%D9%8A%D9%86-%D9%86%D8%B1%D9%88
1072736486,20221119,AUTHORITIES,,,,190,4,-10.0,-5.90088198236035,26.1147,-14.3892,4,https://www.echoroukonline.com/%D8%AC%D8%A8%D9%87%D8%A9-%D8%A7%D9%84%D8%A8%D9%88%D9%84%D9%8A%D8%B3%D8%A7%D8%B1%D9%8A%D9%88-%D8%AA%D8%AF%D9%8A%D9%86-%D9%85%D9%86%D8%B9-%D8%B7%D8%A7%D9%84%D8%A8%D8%AA%D9%8A%D9%86-%D9%86%D8%B1%D9%88
1072736617,20221119,MOROCCO,,MAR,,180,4,-9.0,-5.90088198236035,26.1147,-14.3892,4,https://www.echoroukonline.com/%D8%AC%D8%A8%D9%87%D8%A9-%D8%A7%D9%84%D8%A8%D9%88%D9%84%D9%8A%D8%B3%D8%A7%D8%B1%D9%8A%D9%88-%D8%AA%D8%AF%D9%8A%D9%86-%D9%85%D9%86%D8%B9-%D8%B7%D8%A7%D9%84%D8%A8%D8%AA%D9%8A%D9%86-%D9%86%D8%B1%D9%88
1072736500,20221119,AUTHORITIES,WESTERN SAHARA,,MAR,190,4,-10.0,-5.90088198236035,26.1147,-14.3892,4,https://www.echoroukonline.com/%D8%AC%D8%A8%D9%87%D8%A9-%D8%A7%D9%84%D8%A8%D9%88%D9%84%D9%8A%D8%B3%D8%A7%D8%B1%D9%8A%D9%88-%D8%AA%D8%AF%D9%8A%D9%86-%D9%85%D9%86%D8%B9-%D8%B7%D8%A7%D9%84%D8%A8%D8%AA%D9%8A%D9%86-%D9%86%D8%B1%D9%88
1072736623,20221119,WESTERN SAHARA,AUTHORITIES,MAR,,190,4,-10.0,-5.90088198236035,26.1147,-14.3892,4,https://www.echoroukonline.com/%D8%AC%D8%A8%D9%87%D8%A9-%D8%A7%D9%84%D8%A8%D9%88%D9%84%D9%8A%D8%B3%D8%A7%D8%B1%D9%8A%D9%88-%D8%AA%D8%AF%D9%8A%D9%86-%D9%85%D9%86%D8%B9-%D8%B7%D8%A7%D9%84%D8%A8%D8%AA%D9%8A%D9%86-%D9%86%D8%B1%D9%88
920942746,20200430,REFUGEE,,,,190,4,-10.0,-2.4442082890542,25.0,-13.5,1,http://lecourrier-dalgerie.com/sahara-occidental-le-pam-felicite-lue-pour-son-aide-aux-refugies-sahraouis/
954837246,20201116,MOROCCAN,,MAR,,193,4,-10.0,-3.17460317460317,25.0,-13.5,1,https://sabq.org/xMf2LG
985644663,20210519,MADRID,RABAT,ESP,MAR,190,4,-10.0,-2.47524752475247,25.0,-13.5,1,https://borneobulletin.com.bn/spain-morocco-square-off-6000-migrants-arrive-sea-2/
1057594007,20220807,WESTERN SAHARA,,MAR,,1822,4,-9.0,-4.13363533408834,26.1147,-14.3892,4,http://honisoit.com/2022/08/sons-of-the-clouds-oral-tradition-and-resistance-in-africas-last-colony/
1057594013,20220807,MOROCCAN,PRESIDENT,MAR,,180,4,-9.0,-4.13363533408834,26.1147,-14.3892,4,http://honisoit.com/2022/08/sons-of-the-clouds-oral-tradition-and-resistance-in-africas-last-colony/
898090526,20200110,GAMBIA,WESTERN SAHARA,GMB,MAR,180,4,-9.0,-6.32183908045977,23.6609,-15.9532,4,http://www.spsrasd.info/news/en/articles/2020/01/10/24091.html
1202202983,20241004,THE EU,,EUR,,190,4,-10.0,-1.74129353233831,25.0,-13.5,1,https://www.euronews.com/my-europe/2024/10/04/eu-top-court-upholds-cancellation-of-eu-morocco-trade-deals-over-disputed-western-sahara
1202175515,20241004,EUROPEAN,THE EU,EUR,EUR,190,4,-10.0,-0.23041474654378,25.0,-13.5,1,https://www.euractiv.com/section/agriculture-food/news/ecj-quashes-eu-morocco-farm-and-fisheries-deals-cites-lack-of-saharawi-consent/
1202175516,20241004,EUROPEAN,THE EU,EUR,EUR,190,4,-10.0,-0.23041474654378,25.0,-13.5,1,https://www.euractiv.com/section/agriculture-food/news/ecj-quashes-eu-morocco-farm-and-fisheries-deals-cites-lack-of-saharawi-consent/
1063385686,20220916,MOROCCAN,,MAR,,190,4,-10.0,-4.76190476190476,27.4143,-9.04784,4,https://www.aps.dz:443/monde/144807-armee-sahraouie-de-nouvelles-attaques-contre-des-positions-des-forces-d-occupation-marocaines-dans-le-secteur-d-el-bekkari
1063368570,20220916,WESTERN SAHARA,PALESTINE,MAR,PSE,190,4,-10.0,1.66112956810631,25.0,-13.5,1,https://www.thepresidency.gov.za/speeches/address-president-cyril-ramaphosa-during-meeting-congressional-black-caucus-and-anti-apartheid-veterans-during-his-visit-united-states
1063368656,20220916,PALESTINE,WESTERN SAHARA,PSE,MAR,190,4,-10.0,1.66112956810631,25.0,-13.5,1,https://www.thepresidency.gov.za/speeches/address-president-cyril-ramaphosa-during-meeting-congressional-black-caucus-and-anti-apartheid-veterans-during-his-visit-united-states
1063464053,20220917,WESTERN SAHARA,PALESTINE,MAR,PSE,190,4,-10.0,1.61987041036717,25.0,-13.5,1,https://allafrica.com/stories/202209170015.html
1063464103,20220917,PALESTINE,WESTERN SAHARA,PSE,MAR,190,4,-10.0,1.61987041036717,25.0,-13.5,1,https://allafrica.com/stories/202209170015.html
1028494164,20220215,MOROCCAN,,MAR,,196,4,-9.5,0.36258158085569,21.2167,-17.0167,4,https://goodmenproject.com/featured-content/morocco-drives-a-war-in-western-sahara-for-its-phosphates/
1024722973,20220124,MOROCCAN,,MAR,,196,4,-9.5,-1.12994350282486,21.2167,-17.0167,4,https://allafrica.com/view/group/main/main/id/00080928.html
1025644493,20220129,AUTHORITIES,WESTERN SAHARA,,MAR,190,4,-10.0,-5.54875560995513,26.1147,-14.3892,4,https://www.echoroukonline.com/%D8%A7%D9%84%D8%AA%D8%B6%D9%8A%D9%8A%D9%82-%D8%B9%D9%84%D9%89-%D8%B3%D9%84%D8%B7%D8%A7%D9%86%D8%A9-%D8%AE%D9%8A%D8%A7-%D8%AD%D9%85%D9%84%D8%A9-%D8%A7%D9%84%D9%83%D8%AA%D8%B1%D9%88%D9%86%D9%8A%D8%A9
904625190,20200208,ALGERIA,MOROCCO,DZA,MAR,190,4,-10.0,-2.00286123032904,25.0,-13.5,1,https://allafrica.com/stories/202002080021.html
961830551,20201229,,WESTERN SAHARA,,MAR,190,4,-10.0,0.30120481927711,25.0,-13.5,1,http://www.aps.dz/monde/115094-front-el-moustakbal-les-organisations-internationales-appelees-a-oeuvrer-pour-la-concretisation-de-l-autodetermination-du-peuple-sahraoui
961414700,20201225,MOROCCO,POLICE,MAR,,190,4,-10.0,-4.54545454545455,25.0,-13.5,1,http://www.aps.dz/monde/114912-la-ligue-des-journalistes-et-ecrivains-sahraouis-en-europe-condamne-l-agression-marocaine-barbare-contre-des-militants-sahraouis
993439698,20210705,REBEL,WESTERN SAHARA,,MAR,190,4,-10.0,-1.63934426229508,25.0,-13.5,1,https://israelvalley.com/2021/07/05/nouvelle-etape-dans-les-relations-israel-et-le-maroc-sur-la-base-aerienne-de-hatzor/
985720022,20210519,WESTERN SAHARA,WESTERN SAHARA,MAR,MAR,1822,4,-9.0,-9.62962962962966,25.0,-13.5,1,https://www.reuters.com/article/us-europe-migrants-spain-polisario/spain-high-court-issues-war-crime-case-summons-against-polisario-front-leader-ghali-idUSKCN2D00ZV
954847095,20201116,MOROCCAN,LIBERATION ARMY,MAR,,190,4,-10.0,-1.64473684210526,25.0,-13.5,1,https://allafrica.com/view/group/main/main/id/00075755.html
960432181,20201219,CIVILIAN,MAURITANIA,,MRT,191,4,-9.5,-4.97131931166348,21.2167,-17.0167,4,https://www.naija247news.com/2020/12/19/rights-advocate-slams-morocco-for-cracking-down-on-activists-in-western-sahara/
955362145,20201119,MOROCCAN,MILITARY,MAR,,190,4,-10.0,-7.67543859649123,21.2167,-17.0167,4,https://www.telesurtv.net/news/prosiguen-enfrentamientos-sahara-occidental-20201116-0020.html
1082473151,20230130,,GUERRILLA,,,190,4,-10.0,-1.48305084745763,25.0,-13.5,1,https://businessghana.com/site/news/politics/278847/Morocco-country-profile
1082473696,20230130,GUERRILLA,,,,190,4,-10.0,-1.48305084745763,25.0,-13.5,1,https://businessghana.com/site/news/politics/278847/Morocco-country-profile
955968563,20201123,FRANCE,MOROCCO,FRA,MAR,181,4,-9.0,-4.81430536451169,21.2167,-17.0167,4,http://north-africa.com/2020/11/north-africans-lost-three-decades-over-the-western-sahara/
993822996,20210707,PRESIDENT,,,,190,4,-10.0,-0.96463022508039,25.0,-13.5,1,https://www.aps.dz/regions/124630-l-espace-de-l-histoire-et-de-la-memoire-d-oran-raconte-la-glorieuse-revolution-de-liberation-nationale
987941023,20210601,HUMAN RIGHTS GROUP,WESTERN SAHARA,,MAR,190,4,-10.0,-5.89970501474927,25.0,-13.5,1,https://www.msn.com/en-us/news/world/lawyer-of-polisarios-ghali-to-ask-spanish-court-to-drop-war-crimes-case/ar-AAKAK4y
959379481,20201213,WESTERN SAHARA,,MAR,,196,4,-9.5,-0.47106325706595,21.2167,-17.0167,4,https://www.middleeasteye.net/news/israel-morocco-deal-palestine-western-sahara-solidarity
1053811315,20220713,,AFRICA,,AFR,190,4,-10.0,-1.23180291153415,25.0,-13.5,1,https://www.microsoftnewskids.com/en-us/kids/science-tech/worlds-oldest-martian-meteorite-traced-to-precise-crater-it-came-from/ar-AAZwcR1
1054461027,20220717,MOROCCAN,,MAR,,190,4,-10.0,-2.1398002853067,25.0,-13.5,1,https://www.alquds.co.uk/%D8%A7%D9%84%D8%AC%D8%B2%D8%A7%D8%A6%D8%B1-%D8%AA%D8%B4%D8%B1%D8%AD-%D8%B3%D8%A8%D8%A8-%D8%B1%D9%81%D8%B6%D9%87%D8%A7-%D9%84%D9%85%D9%82%D8%AA%D8%B1%D8%AD-%D8%A7%D9%84%D8%AD%D9%83%D9%85-%D8%A7%D9%84/
1055095062,20220721,WESTERN SAHARA,,MAR,,190,4,-10.0,-3.17460317460317,25.0,-13.5,1,https://fr.allafrica.com/stories/202207210282.html
1055406889,20220723,RABAT,ARMY,MAR,,190,4,-10.0,-4.7103410936654,25.0,-13.5,1,https://www.echoroukonline.com/%D8%A8%D8%A7%D9%84%D9%81%D9%8A%D8%AF%D9%8A%D9%88-%D9%85%D8%A4%D8%B3%D8%B3%D8%A9-%D9%86%D8%B4%D8%B7%D8%A7%D8%A1-%D8%AA%D9%86%D9%82%D9%84-%D8%A3%D8%AC%D9%88%D8%A7%D8%A1-%D8%A7%D9%84%D8%AD%D8%B1%D8%A8
1039169785,20220413,WESTERN SAHARA,AUTHORITIES,MAR,,190,4,-10.0,-5.84104691988509,26.1147,-14.3892,4,https://www.echoroukonline.com/%D8%A3%D9%85%D9%86%D9%8A%D8%B3%D8%AA%D9%8A-%D8%AA%D8%B7%D9%84%D9%82-%D8%AD%D9%85%D8%A9-%D8%A7%D9%84%D9%80-10-%D8%A2%D9%84%D8%A7%D9%81-%D8%AA%D9%88%D9%82%D9%8A%D8%B9-%D9%84%D8%A5%D9%86%D9%87%D8%A7
1044991034,20220518,AUTHORITIES,WESTERN SAHARA,,MAR,190,4,-10.0,-6.25832223701731,26.1147,-14.3892,4,https://www.echoroukonline.com/%D8%A7%D9%84%D8%B5%D8%AD%D8%B1%D8%A7%D8%A1-%D8%A7%D9%84%D8%BA%D8%B1%D8%A8%D9%8A%D8%A9-%D8%B4%D8%A7%D8%AD%D9%86%D8%A9-%D8%AA%D8%B1%D8%AA%D8%B7%D9%85-%D8%A8%D9%85%D9%86%D8%B2%D9%84-%D8%B3%D9%84%D8%B7
1039169542,20220413,AUTHORITIES,,,,190,4,-10.0,-5.84104691988509,26.1147,-14.3892,4,https://www.echoroukonline.com/%D8%A3%D9%85%D9%86%D9%8A%D8%B3%D8%AA%D9%8A-%D8%AA%D8%B7%D9%84%D9%82-%D8%AD%D9%85%D8%A9-%D8%A7%D9%84%D9%80-10-%D8%A2%D9%84%D8%A7%D9%81-%D8%AA%D9%88%D9%82%D9%8A%D8%B9-%D9%84%D8%A5%D9%86%D9%87%D8%A7
898706167,20200113,WEBSITE,,,,1822,4,-9.0,-4.71311475409836,25.0,-13.5,1,http://northafricapost.com/36901-italian-media-uncovers-slavery-practices-in-polisairo-run-camps.html
898435542,20200112,WESTERN SAHARA,USAID,MAR,USA,190,4,-10.0,-6.03371783496007,25.0,-13.5,1,https://sofrep.com/news/ukrainian-airplane-shoot-down-just-another-one-in-a-long-list-of-military-screw-ups/
911836290,20200312,MOROCCO,CIVILIAN,MAR,,1711,4,-9.2,-6.44329896907216,25.0,-13.5,1,https://www.lemaghrebdz.com/?page=detail_actualite&rubrique=Maghreb&id=99240
1081128475,20230120,MOROCCO,VILLAGE,MAR,,192,4,-9.5,-1.75438596491228,21.2167,-17.0167,4,https://www.laprensalatina.com/ghali-re-elected-as-leader-of-polisario-front/
1081128186,20230120,VILLAGE,WESTERN SAHARA,,MAR,175,4,-9.0,-1.75438596491228,23.6609,-15.9532,4,https://www.laprensalatina.com/ghali-re-elected-as-leader-of-polisario-front/
1081128474,20230120,MOROCCO,VILLAGE,MAR,,192,4,-9.5,-1.75438596491228,21.2167,-17.0167,4,https://www.laprensalatina.com/ghali-re-elected-as-leader-of-polisario-front/
898616573,20200113,GAMBIA,WESTERN SAHARA,GMB,MAR,180,4,-9.0,-6.32183908045977,23.6609,-15.9532,4,https://www.spsrasd.info/news/en/articles/2020/01/10/24091.html
911500157,20200310,MOROCCAN,MOROCCO,MAR,MAR,1711,4,-9.2,-9.48616600790513,25.0,-13.5,1,http://www.aps.dz/monde/102821-les-prisonniers-sahraouis-victimes-de-discrimination-et-de-violations-marocaines-des-droits-de-l-homme
1025644262,20220129,,AUTHORITIES,,,190,4,-10.0,-5.54875560995513,26.1147,-14.3892,4,https://www.echoroukonline.com/%D8%A7%D9%84%D8%AA%D8%B6%D9%8A%D9%8A%D9%82-%D8%B9%D9%84%D9%89-%D8%B3%D9%84%D8%B7%D8%A7%D9%86%D8%A9-%D8%AE%D9%8A%D8%A7-%D8%AD%D9%85%D9%84%D8%A9-%D8%A7%D9%84%D9%83%D8%AA%D8%B1%D9%88%D9%86%D9%8A%D8%A9
1023264617,20220114,DIPLOMAT,,,,190,4,-10.0,-3.05602716468591,25.0,-13.5,1,https://www.aps.dz/monde/134254-une-solution-politique-basee-sur-le-referendum-principale-revendication-du-front-polisario
1017814560,20211206,ARMY,MOROCCAN,,MAR,190,4,-10.0,-2.97805642633229,25.0,-13.5,1,https://www.ennaharonline.com/%D8%A7%D9%84%D8%AC%D9%8A%D8%B4-%D8%A7%D9%84%D9%8A%D8%A7%D8%A8%D8%A7%D9%86%D9%8A-%D9%8A%D8%B3%D8%AA%D8%B9%D8%B1%D8%B6-%D9%82%D9%88%D8%AA%D9%87-%D8%A8%D8%AC%D8%B2%D9%8A%D8%B1%D8%A9-%D9%87%D9%88/
1023320423,20220114,DIPLOMAT,,,,190,4,-10.0,-3.55648535564854,25.0,-13.5,1,https://fr.allafrica.com/stories/202201140494.html
1029534200,20220222,ALGERIA,RABAT,DZA,MAR,190,4,-10.0,-2.02702702702703,25.0,-13.5,1,https://english.alaraby.co.uk/news/morocco-creates-new-military-zone-along-algeria-border
1024722972,20220124,MOROCCAN,,MAR,,196,4,-9.5,-1.12994350282486,21.2167,-17.0167,4,https://allafrica.com/view/group/main/main/id/00080928.html
1025085066,20220126,MOROCCAN,,MAR,,196,4,-9.5,-0.74135090609556,21.2167,-17.0167,4,https://mg.co.za/africa/2022-01-26-morocco-drives-a-war-in-western-sahara-for-its-phosphates/
1025309815,20220127,WESTERN SAHARA,AUTHORITIES,MAR,,190,4,-10.0,-5.3921568627451,26.1147,-14.3892,4,https://www.echoroukonline.com/%D8%A7%D9%84%D8%B5%D8%AD%D8%B1%D8%A7%D8%A1-%D8%A7%D9%84%D8%BA%D8%B1%D8%A8%D9%8A%D8%A9-%D8%A3%D9%83%D8%AB%D8%B1-%D9%85%D9%86-300-%D9%85%D9%86%D8%B8%D9%85%D8%A9-%D8%AF%D9%88%D9%84%D9%8A%D8%A9-%D8%AA
1020592907,20211224,FIGHTER,MOROCCO,,MAR,195,4,-10.0,-1.63487738419618,22.5367,-14.294,4,https://stepagency-sy.net/2021/12/24/%D9%84%D8%AD%D8%B8%D8%A9-%D9%82%D8%B5%D9%81-%D8%AC%D8%A8%D9%87%D8%A9-%D8%A7%D9%84%D8%A8%D9%88%D9%84%D9%8A%D8%B3%D8%A7%D8%B1%D9%8A%D9%88-%D9%82%D8%A7%D8%B9%D8%AF%D8%A9%D9%8B/
1024352866,20220121,MAURITANIA,ALGERIA,MRT,DZA,190,4,-10.0,-0.77220077220078,21.2167,-17.0167,4,https://www.aljazeera.com/news/2020/12/11/us-recognised-moroccos-claim-to-western-sahara-now-what
1020592906,20211224,FIGHTER,MOROCCO,,MAR,195,4,-10.0,-1.63487738419618,22.5367,-14.294,4,https://stepagency-sy.net/2021/12/24/%D9%84%D8%AD%D8%B8%D8%A9-%D9%82%D8%B5%D9%81-%D8%AC%D8%A8%D9%87%D8%A9-%D8%A7%D9%84%D8%A8%D9%88%D9%84%D9%8A%D8%B3%D8%A7%D8%B1%D9%8A%D9%88-%D9%82%D8%A7%D8%B9%D8%AF%D8%A9%D9%8B/
1025806544,20220131,MOROCCO,,MAR,,180,4,-9.0,-4.7457627118644,25.0,-13.5,1,http://lecourrier-dalgerie.com/amar-belani-avertit-rabat-et-alerte-lonu-le-maroc-alimente-dangereusement-lescalade-de-la-tension-dans-la-region/
1022541994,20220110,UNITED STATES,IRAQ,USA,IRQ,190,4,-10.0,-3.81944444444444,25.0,-13.5,1,https://www.koreatimes.co.kr/www/opinion/2022/01/773_321968.html
1029514107,20220221,ALGERIA,RABAT,DZA,MAR,190,4,-10.0,-1.81818181818182,25.0,-13.5,1,https://english.ahram.org.eg/News/461496.aspx
1025644600,20220129,WESTERN SAHARA,AUTHORITIES,MAR,,190,4,-10.0,-5.54875560995513,26.1147,-14.3892,4,https://www.echoroukonline.com/%D8%A7%D9%84%D8%AA%D8%B6%D9%8A%D9%8A%D9%82-%D8%B9%D9%84%D9%89-%D8%B3%D9%84%D8%B7%D8%A7%D9%86%D8%A9-%D8%AE%D9%8A%D8%A7-%D8%AD%D9%85%D9%84%D8%A9-%D8%A7%D9%84%D9%83%D8%AA%D8%B1%D9%88%D9%86%D9%8A%D8%A9
1052239549,20220702,,MOROCCAN,,MAR,190,4,-10.0,-14.1935483870968,27.135,-13.1625,4,https://dailytimes.com.pk/961088/w-sahara-prisoners-complain-to-un-experts-against-rabat/
1051638109,20220628,ALGERIA,MOROCCO,DZA,MAR,190,4,-10.0,-5.99173553719008,25.0,-13.5,1,https://www.al-monitor.com/originals/2022/06/23-migrants-dead-morocco-spain-border
1052451656,20220704,SPANISH,,ESP,,193,4,-10.0,-5.98006644518273,25.0,-13.5,1,http://www.lequotidien-oran.com/index.php?news=5313519
1051325846,20220627,WESTERN SAHARA,MIGRANT,MAR,,190,4,-10.0,-12.9770992366412,25.0,-13.5,1,https://allafrica.com/view/group/main/main/id/00082582.html
1051325849,20220627,MOROCCO,MIGRANT,MAR,,190,4,-10.0,-12.9770992366412,25.0,-13.5,1,https://allafrica.com/view/group/main/main/id/00082582.html
1051132976,20220625,MOROCCAN,MIGRANT,MAR,,190,4,-10.0,-6.0475161987041,25.0,-13.5,1,https://www.middleeastmonitor.com/20220625-migrants-killed-wounded-after-storming-spain-morocco-border/
1051584701,20220628,SPAIN,IMMIGRANT,ESP,,190,4,-10.0,-4.17827298050139,25.0,-13.5,1,https://www.annahar.com/arabic/section/80-%D8%A7%D9%84%D8%B9%D8%A7%D9%84%D9%85-%D8%A7%D9%84%D8%B9%D8%B1%D8%A8%D9%8A/28062022010353761
1052180023,20220701,WESTERN SAHARA,MOROCCAN,MAR,MAR,190,4,-10.0,-8.71259732919411,27.135,-13.1625,4,https://www.msn.com/en-xl/africa/other/sahrawi-activists-petition-un-over-detention-by-morocco/ar-AAZ59ZY
922667901,20200509,DEMONSTRATOR,,,,175,4,-9.0,-1.11731843575419,25.0,-13.5,1,http://www.aps.dz/monde/104859-le-codesa-appelle-a-l-intervention-urgente-de-l-onu-pour-la-liberation-de-tous-les-detenus-sahraouis
1051638495,20220628,MOROCCO,ALGERIA,MAR,DZA,190,4,-10.0,-5.99173553719008,25.0,-13.5,1,https://www.al-monitor.com/originals/2022/06/23-migrants-dead-morocco-spain-border
1051325845,20220627,MOROCCAN,MIGRANT,MAR,,190,4,-10.0,-12.9770992366412,25.0,-13.5,1,https://allafrica.com/view/group/main/main/id/00082582.html
1052556455,20220704,MOROCCAN,APACHE,MAR,,195,4,-10.0,-3.8917089678511,25.0,-13.5,1,https://www.voaafrique.com/a/drame-de-melilla-ouverture-du-proc%C3%A8s-d-un-1er-groupe-de-migrants-au-maroc/6644744.html
1051132727,20220625,SPANISH,MIGRANT,ESP,,182,4,-9.5,-6.0475161987041,25.0,-13.5,1,https://www.middleeastmonitor.com/20220625-migrants-killed-wounded-after-storming-spain-morocco-border/
1051022672,20210624,SPAIN,HOSPITAL,ESP,,192,4,-9.5,-4.26829268292683,25.0,-13.5,1,http://www.infomigrants.net/en/post/41467/migrants-storm-spanish-border-fence-in-morocco
1051190225,20220626,MOROCCAN,MOROCCO,MAR,MAR,182,4,-9.5,-4.78260869565218,25.0,-13.5,1,https://www.msn.com/en-us/news/world/probe-of-migrant-deaths-at-spains-north-africa-enclave-demanded/ar-AAYRCiA
911836291,20200312,MOROCCAN,MOROCCAN,MAR,MAR,1711,4,-9.2,-6.44329896907216,25.0,-13.5,1,https://www.lemaghrebdz.com/?page=detail_actualite&rubrique=Maghreb&id=99240
1024901977,20220125,,AUTHORITIES,,,190,4,-10.0,-6.53663679493938,26.1147,-14.3892,4,https://www.echoroukonline.com/%D8%A7%D9%84%D8%B5%D8%AD%D8%B1%D8%A7%D8%A1-%D8%A7%D9%84%D8%BA%D8%B1%D8%A8%D9%8A%D8%A9-%D8%A7%D9%84%D8%B1%D8%A8%D8%A7%D8%B7-%D8%AA%D9%88%D8%AC%D9%87-%D8%AA%D9%87%D9%85%D8%A9-%D8%BA%D8%B1%D9%8A%D8%A8
1018984144,20211214,,DEMONSTRATOR,,,182,4,-9.5,-5.32319391634981,26.1147,-14.3892,4,https://www.spsrasd.info/news/en/articles/2021/12/13/36950.html
1016895103,20211130,WESTERN SAHARA,,MAR,,192,4,-9.5,-2.16606498194946,25.0,-13.5,1,https://www.lopinion.fr/international/lalgerie-est-prete-a-faire-la-guerre-au-maroc-sil-le-faut
981996502,20210427,WESTERN SAHARA,,MAR,,1821,4,-9.0,-6.07142857142857,25.0,-13.5,1,https://www.maliweb.net/international/khadijatou-mohamed-mahmoud-une-jeune-fille-sahraouie-victime-de-viol-par-ibrahim-ghali-2926533.html
969679853,20210215,WESTERN SAHARA,MOROCCO,MAR,MAR,190,4,-10.0,-5.82120582120582,25.0,-13.5,1,https://fr.allafrica.com/stories/202102150053.html
960262096,20201218,CIVILIAN,WESTERN SAHARA,,MAR,191,4,-9.5,-3.75203915171289,26.1147,-14.3892,4,https://www.hrw.org/news/2020/12/18/western-sahara-morocco-cracks-down-activists
1052158554,20220701,POPULATION,EUROPE,,EUR,193,4,-10.0,-4.20393559928443,25.0,-13.5,1,https://www.irishexaminer.com/opinion/yourview/arid-40907714.html
1052451841,20220704,MOROCCAN,SPAIN,MAR,ESP,193,4,-10.0,-5.98006644518273,25.0,-13.5,1,http://www.lequotidien-oran.com/index.php?news=5313519
1052556456,20220704,MOROCCAN,APACHE,MAR,,195,4,-10.0,-3.8917089678511,25.0,-13.5,1,https://www.voaafrique.com/a/drame-de-melilla-ouverture-du-proc%C3%A8s-d-un-1er-groupe-de-migrants-au-maroc/6644744.html
1051027543,20220624,MIGRANT,SECURITY FORCE,,,190,4,-10.0,-4.6448087431694,25.0,-13.5,1,https://www.enca.com/news/thousands-migrants-storm-border-fence-spains-melilla
1051132973,20220625,MOROCCAN,MIGRANT,MAR,,190,4,-10.0,-6.0475161987041,25.0,-13.5,1,https://www.middleeastmonitor.com/20220625-migrants-killed-wounded-after-storming-spain-morocco-border/
1051027542,20220624,MIGRANT,SECURITY FORCE,,,190,4,-10.0,-4.6448087431694,25.0,-13.5,1,https://www.enca.com/news/thousands-migrants-storm-border-fence-spains-melilla
1051157382,20220625,MOROCCAN,MOROCCO,MAR,MAR,182,4,-9.5,-4.81421183681288,25.0,-13.5,1,https://www.msn.com/en-us/news/world/probe-of-migrant-deaths-at-spain-e2-80-99s-north-africa-enclave-demanded/ar-AAYRCiA
1052240074,20220702,MOROCCO,MOROCCO,MAR,MAR,190,4,-10.0,-14.1935483870968,27.135,-13.1625,4,https://dailytimes.com.pk/961088/w-sahara-prisoners-complain-to-un-experts-against-rabat/
1052240079,20220702,MOROCCO,MOROCCO,MAR,MAR,190,4,-10.0,-14.1935483870968,27.135,-13.1625,4,https://dailytimes.com.pk/961088/w-sahara-prisoners-complain-to-un-experts-against-rabat/
1046581295,20220527,,ARMY,,,190,4,-10.0,-4.79725870930897,25.0,-13.5,1,https://www.echoroukonline.com/%D8%A8%D8%A7%D9%84%D9%81%D9%8A%D8%AF%D9%8A%D9%88-%D9%82%D9%86%D8%A7%D8%A9-%D8%A7%D8%B3%D8%A8%D8%A7%D9%86%D9%8A%D8%A9-%D8%AA%D9%86%D9%82%D9%84-%D8%A3%D8%AC%D9%88%D8%A7%D8%A1-%D8%A7%D9%84%D8%AD%D8%B1
1039169141,20220413,,AUTHORITIES,,,190,4,-10.0,-5.84104691988509,26.1147,-14.3892,4,https://www.echoroukonline.com/%D8%A3%D9%85%D9%86%D9%8A%D8%B3%D8%AA%D9%8A-%D8%AA%D8%B7%D9%84%D9%82-%D8%AD%D9%85%D8%A9-%D8%A7%D9%84%D9%80-10-%D8%A2%D9%84%D8%A7%D9%81-%D8%AA%D9%88%D9%82%D9%8A%D8%B9-%D9%84%D8%A5%D9%86%D9%87%D8%A7
1037828544,20220405,WESTERN SAHARA,MOROCCAN,MAR,MAR,190,4,-10.0,-0.81154192966636,25.0,-13.5,1,http://koulouba.com/contribution/tribune-les-repliques-de-dr-fatogoma-togola-aux-propos-de-soumana-sako
1044181750,20220513,ACTIVIST,MOROCCAN,,MAR,192,4,-9.5,-3.89705882352941,25.0,-13.5,1,https://www.echoroukonline.com/sahara-occidentalhirak-mak-larbaoui-recadre-lambassadeur-marocain
1046545804,20220527,MOROCCO,ACTIVIST,MAR,,180,4,-9.0,-4.9482163406214,26.1147,-14.3892,4,https://www.amnesty.org/en/latest/news/2022/05/morocco-western-sahara-investigate-targeted-assault-on-sahrawi-women-activists/
1051638108,20220628,ALGERIA,MOROCCO,DZA,MAR,190,4,-10.0,-5.99173553719008,25.0,-13.5,1,https://www.al-monitor.com/originals/2022/06/23-migrants-dead-morocco-spain-border
1051325848,20220627,MOROCCAN,MIGRANT,MAR,,190,4,-10.0,-12.9770992366412,25.0,-13.5,1,https://allafrica.com/view/group/main/main/id/00082582.html
1052451658,20220704,SPAIN,MIGRANT,ESP,,190,4,-10.0,-5.98006644518273,25.0,-13.5,1,http://www.lequotidien-oran.com/index.php?news=5313519
1052240077,20220702,MOROCCAN,,MAR,,190,4,-10.0,-14.1935483870968,27.135,-13.1625,4,https://dailytimes.com.pk/961088/w-sahara-prisoners-complain-to-un-experts-against-rabat/
1052240078,20220702,MOROCCO,WESTERN SAHARA,MAR,MAR,190,4,-10.0,-14.1935483870968,27.135,-13.1625,4,https://dailytimes.com.pk/961088/w-sahara-prisoners-complain-to-un-experts-against-rabat/
987996365,20210601,MOROCCO,SPAIN,MAR,ESP,190,4,-10.0,-5.79710144927536,25.0,-13.5,1,https://www.thetimes.co.uk/article/western-saharas-president-ghani-faces-court-from-hospital-bed-gb5whrlhk
1040490944,20220421,,WESTERN SAHARA,,MAR,190,4,-10.0,-4.1311475409836,26.1147,-14.3892,4,https://www.middleeasteye.net/news/western-sahara-female-activists-morocco-rape-divorce-house-arrest
1044990698,20220518,,AUTHORITIES,,,190,4,-10.0,-6.25832223701731,26.1147,-14.3892,4,https://www.echoroukonline.com/%D8%A7%D9%84%D8%B5%D8%AD%D8%B1%D8%A7%D8%A1-%D8%A7%D9%84%D8%BA%D8%B1%D8%A8%D9%8A%D8%A9-%D8%B4%D8%A7%D8%AD%D9%86%D8%A9-%D8%AA%D8%B1%D8%AA%D8%B7%D9%85-%D8%A8%D9%85%D9%86%D8%B2%D9%84-%D8%B3%D9%84%D8%B7
1041496623,20220427,MADRID,MOROCCO,ESP,MAR,190,4,-10.0,-3.05676855895196,25.0,-13.5,1,https://www.laprensalatina.com/guterres-urges-political-dialogue-on-western-sahara/
1047892884,20220605,WESTERN SAHARA,AUTHORITIES,MAR,,190,4,-10.0,-5.80097087378641,26.1147,-14.3892,4,https://www.echoroukonline.com/%D9%88%D8%B5%D9%84%D8%AA-%D8%A5%D8%B3%D8%A8%D8%A7%D9%86%D9%8A%D8%A7-%D8%B3%D9%84%D8%B7%D8%A7%D9%86%D8%A9-%D8%AE%D9%8A%D8%A7-%D8%AA%D9%86%D8%AA%D8%B5%D8%B1-%D8%B9%D9%84%D9%89-%D8%A2%D9%84%D8%A9
1050039682,20220618,WESTERN SAHARA,ACTIVIST,MAR,,180,4,-9.0,-1.5079707022835,26.6792,-11.6781,4,https://www.resilience.org/stories/2021-11-11/an-unjust-transition-energy-colonialism-and-extractivism-in-occupied-western-sahara/
909306798,20200229,MOROCCAN,MOROCCO,MAR,MAR,180,4,-9.0,-4.7976011994003,25.0,-13.5,1,http://www.aps.dz/monde/102337-l-onu-appelee-a-envoyer-des-commissions-d-enquete-dans-les-zones-sahraouies-occupees
911683105,20200311,MOROCCAN,MOROCCO,MAR,MAR,1711,4,-9.2,-9.31263858093126,25.0,-13.5,1,https://fr.allafrica.com/stories/202003110449.html
897341865,20200107,BURUNDI,CIVILIAN,BDI,,190,4,-10.0,-7.64484058964691,26.0928,-10.6089,4,https://www.crisisgroup.org/crisiswatch/crisiswatch-january-2020-alerts-and-december-2019-trends
956935982,20201129,MOROCCAN,MILITARY,MAR,,192,4,-9.5,-5.35433070866142,27.135,-13.1625,4,https://www.iol.co.za/news/africa/the-winds-of-war-have-come-to-settle-in-the-sahara-6a956f89-d1ee-4ae1-9d27-bc8e7caa066b
985030934,20210515,WESTERN SAHARA,,MAR,,190,4,-10.0,-6.09579100145137,25.0,-13.5,1,https://www.lnr-dz.com/2021/05/14/le-polisario-appelle-lonu-a-proteger-le-peuple-sahraoui-de-la-repression-marocaine/
959435370,20201213,MILITARY WING,ALGERIA,,DZA,190,4,-10.0,-3.08880308880309,25.0,-13.5,1,https://www.wsws.org/en/articles/2020/12/14/isra-d14.html
1031406801,20220302,,MOROCCO,,MAR,190,4,-10.0,-6.21468926553673,25.0,-13.5,1,https://www.msn.com/en-us/news/world/western-sahara-situation-significantly-deteriorated-un-chief-says/ar-AAP59zb
1029514108,20220221,ALGERIA,RABAT,DZA,MAR,190,4,-10.0,-1.81818181818182,25.0,-13.5,1,https://english.ahram.org.eg/News/461496.aspx
1025085067,20220126,MOROCCAN,,MAR,,196,4,-9.5,-0.74135090609556,21.2167,-17.0167,4,https://mg.co.za/africa/2022-01-26-morocco-drives-a-war-in-western-sahara-for-its-phosphates/
1024352867,20220121,MAURITANIA,ALGERIA,MRT,DZA,190,4,-10.0,-0.77220077220078,21.2167,-17.0167,4,https://www.aljazeera.com/news/2020/12/11/us-recognised-moroccos-claim-to-western-sahara-now-what
957167398,20201130,MOROCCAN,,MAR,,180,4,-9.0,-4.7244094488189,25.0,-13.5,1,http://www.aps.dz/en/world/36763-amnesty-calls-for-endowing-minurso-with-human-rights-monitoring-mechanism
968486919,20210208,WESTERN SAHARA,GOVERNMENT,MAR,,186,4,-10.0,-5.49450549450549,27.135,-13.1625,4,https://fr.allafrica.com/stories/202102080045.html
958980557,20201210,AFRICA,WESTERN SAHARA,AFR,MAR,190,4,-10.0,-2.35571260306243,25.0,-13.5,1,https://www.middleeasteye.net/news/morocco-western-sahara-battle-sovereignty
963073106,20210107,ALGERIA,RABAT,DZA,MAR,190,4,-10.0,-2.15827338129496,25.0,-13.5,1,https://themedialine.org/top-stories/arab-world-inundated-with-weaponry-as-trump-term-nears-end/
985732501,20210519,SPAIN,AFRICA,ESP,AFR,192,4,-9.5,-4.61538461538462,25.0,-13.5,1,https://www.middleeasteye.net/news/spain-ceuta-migrants-north-african-enclave
956394954,20201125,THE US,WESTERN SAHARA,USA,MAR,196,4,-9.5,-5.62015503875969,21.2167,-17.0167,4,https://www.spsrasd.info/news/en/articles/2020/11/11/28370.html
961207063,20201224,MOROCCAN,,MAR,,190,4,-10.0,-1.80995475113122,25.0,-13.5,1,https://fr.allafrica.com/stories/202012231014.html
983160960,20210404,MORROCAN,POLICE CHIEF,MAR,,190,4,-10.0,-2.62392900856793,25.0,-13.5,1,https://lobotero.com/2021/05/04/western-sahara-2021/
954418061,20201110,WESTERN SAHARA,FRANCE,MAR,FRA,191,4,-9.5,-4.77815699658703,21.2167,-17.0167,4,https://english.aawsat.com/home/article/2616591/le-drian-stresses-frances-war-against-terrorism-not-islam
973174987,20210306,MOROCCO,MOROCCO,MAR,MAR,190,4,-10.0,-3.9877300613497,26.1147,-14.3892,4,http://www.spsrasd.info/news/en/articles/2021/03/06/31865.html
994751067,20210713,CONSTITUENT,MOROCCAN,,MAR,190,4,-10.0,-9.43396226415093,26.1147,-14.3892,4,https://www.aps.dz:443/monde/124868-conasadh-la-recente-agression-contre-la-famille-de-sultana-khaya-une-tentative-de-meurtre-planifie
1049366016,20220614,EUROPEAN,WESTERN SAHARA,EUR,MAR,190,4,-10.0,-1.74890693316677,25.0,-13.5,1,https://www.echoroukonline.com/%D8%A7%D9%84%D8%B9%D8%B1%D8%A8%D8%A7%D9%88%D9%8A-%D8%A3%D9%8A-%D8%AE%D9%8A%D8%A7%D8%B1-%D9%84%D8%A7-%D9%8A%D8%B6%D9%85%D9%86-%D8%AD%D8%B1%D9%8A%D8%A9-%D8%B4%D8%B9%D8%A8-%D8%A7%D9%84%D8%B5%D8%AD%D8%B1
1038367961,20220408,SPANISH,,ESP,,190,4,-10.0,0.48309178743962,25.0,-13.5,1,https://www.msn.com/en-xl/news/other/morocco-spain-mend-ties-after-change-in-policy-on-western-sahara/ar-AAVZwVG
959435369,20201213,MILITARY WING,ALGERIA,,DZA,190,4,-10.0,-3.08880308880309,25.0,-13.5,1,https://www.wsws.org/en/articles/2020/12/14/isra-d14.html
940554246,20200813,,MOROCCO,,MAR,190,4,-10.0,1.30151843817787,25.0,-13.5,1,http://www.aps.dz/monde/108564-l-ambassadeur-sahraoui-en-algerie-salue-le-soutien-de-l-algerie-a-la-cause-sahraouie
961325737,20201224,MAURITANIA,MOROCCO,MRT,MAR,190,4,-10.0,0.9727626459144,25.0,-13.5,1,https://www.middleeasteye.net/news/us-consulate-disputed-western-sahara-pompeo
959966276,20201216,JOURNALIST,,,,193,4,-10.0,-2.82861896838602,21.2167,-17.0167,4,https://www.ynetnews.com/article/Syutq9v3D
969679844,20210215,MOROCCAN,MOROCCO,MAR,MAR,182,4,-9.5,-7.0528967254408,26.1147,-14.3892,4,https://fr.allafrica.com/stories/202102150074.html
912486849,20200315,MOROCCO,,MAR,,190,4,-10.0,-3.78787878787879,22.5367,-14.294,4,https://www.spsrasd.info/news/en/articles/2020/03/03/24949.html
1005628359,20210923,,WESTERN SAHARA,,MAR,1822,4,-9.0,-8.53146853146853,25.0,-13.5,1,http://www.agenceafrique.com/30416-geneve-une-conference-denonce-les-violations-des-droits-de-lhomme-dans-les-camps-de-tindouf-et-la-responsabilite-de-lalgerie.html
1007047283,20211001,,MOROCCO,,MAR,190,4,-10.0,-2.22602739726027,25.0,-13.5,1,https://euobserver.com/world/153091
1015778198,20211116,ARMY,,,,190,4,-10.0,-3.58090185676393,25.0,-13.5,1,https://www.elperiodico.com/es/internacional/20211123/ministro-israeli-defensa-visita-marruecos-12891746
1000973732,20210825,MOROCCO,ISRAEL,MAR,ISR,182,4,-9.5,-0.99800399201596,25.0,-13.5,1,https://www.echoroukonline.com/%D8%A7%D9%84%D9%85%D8%AE%D8%B2%D9%86-%D9%8A%D8%AF%D8%A7%D9%83-%D8%A3%D9%88%D9%83%D8%AA%D8%A7-%D9%88%D9%81%D9%88%D9%83-%D9%86%D9%81%D8%AE
1010883786,20211025,CIVILIAN,SECURITY FORCE,,,1712,4,-9.2,-3.84271671134942,26.1147,-14.3892,4,https://www.hrw.org/news/2021/03/05/western-sahara-harassment-independence-activist
1000780945,20210825,GAZA,ISRAEL,PSE,ISR,1712,4,-9.2,-6.2780269058296,27.4143,-9.04784,4,https://www.lnr-dz.com/category/monde/?edition=7143
1080116924,20230114,,DELEGATE,,,190,4,-10.0,-2.01793721973094,23.6609,-15.9532,4,https://www.laprensalatina.com/polisario-in-search-of-new-strategy-in-western-sahara/
1080116927,20230114,,WESTERN SAHARA,,MAR,190,4,-10.0,-2.01793721973094,23.6609,-15.9532,4,https://www.laprensalatina.com/polisario-in-search-of-new-strategy-in-western-sahara/
1080117234,20230114,SPAIN,DELEGATE,ESP,,190,4,-10.0,-2.01793721973094,23.6609,-15.9532,4,https://www.laprensalatina.com/polisario-in-search-of-new-strategy-in-western-sahara/
1080117430,20230114,CONGRESS,,,,190,4,-10.0,-2.01793721973094,23.6609,-15.9532,4,https://www.laprensalatina.com/polisario-in-search-of-new-strategy-in-western-sahara/
1080117437,20230114,CONGRESS,SPAIN,,ESP,190,4,-10.0,-2.01793721973094,23.6609,-15.9532,4,https://www.laprensalatina.com/polisario-in-search-of-new-strategy-in-western-sahara/
1080117444,20230114,DELEGATE,WESTERN SAHARA,,MAR,190,4,-10.0,-2.01793721973094,23.6609,-15.9532,4,https://www.laprensalatina.com/polisario-in-search-of-new-strategy-in-western-sahara/
985673652,20210519,OCCUPIED TERRITORIES,,PSE,,203,4,-10.0,-4.89913544668588,21.2167,-17.0167,4,http://lecourrier-dalgerie.com/le-tsahal-israelien-et-les-far-marocains-memes-objectifs-memes-pratiques-criminelles/
959464020,20201214,THE EUROPEAN UNION,THE UN,EUR,,190,4,-10.0,0.20964360587002,25.0,-13.5,1,https://yalibnan.com/2020/12/14/trump-deal-with-morocco-is-yet-another-headache-for-biden-team/
963233871,20210107,MOROCCO,ARMY,MAR,,192,4,-9.5,-0.63985374771481,21.2167,-17.0167,4,https://www.israelherald.com/news/267452343/trump-and-us-betray-the-people-of-western-sahara
957384356,20201201,MOROCCO,,MAR,,190,4,-10.0,-4.59921156373193,26.6792,-11.6781,4,https://www.lnr-dz.com/2020/12/01/larmee-sahraouie-poursuit-ses-attaques-contre-des-positions-de-larmee-doccupation-marocaine/
995873303,20210720,MOROCCO,,MAR,,190,4,-10.0,-8.04020100502514,25.0,-13.5,1,https://www.aps.dz/monde/125150-repression-marocaine-le-president-ghali-denonce-le-mutisme-et-l-inaction-honteuse-de-la-communaute-internationale
933454861,20200706,WESTERN SAHARA,AL QAEDA,MAR,,190,4,-10.0,-4.61285008237232,25.0,-13.5,1,https://theprint.in/world/the-african-union-has-failed-to-silence-the-guns/453097/
985501095,20210518,MOROCCO,SPAIN,MAR,ESP,190,4,-10.0,-2.68538129255364,25.0,-13.5,1,https://www.680news.com/2021/05/18/spain-morocco-square-off-after-6000-migrants-arrive-by-sea/
1038207174,20220407,GUERRILLA,MOROCCO,,MAR,190,4,-10.0,-3.23660714285715,25.0,-13.5,1,https://www.washingtontimes.com/news/2022/apr/7/russians-and-world-could-learn-diplomacy-morocco/
1046581709,20220527,ARMY,MOROCCO,,MAR,190,4,-10.0,-4.79725870930897,25.0,-13.5,1,https://www.echoroukonline.com/%D8%A8%D8%A7%D9%84%D9%81%D9%8A%D8%AF%D9%8A%D9%88-%D9%82%D9%86%D8%A7%D8%A9-%D8%A7%D8%B3%D8%A8%D8%A7%D9%86%D9%8A%D8%A9-%D8%AA%D9%86%D9%82%D9%84-%D8%A3%D8%AC%D9%88%D8%A7%D8%A1-%D8%A7%D9%84%D8%AD%D8%B1
1039412933,20220414,AUTHORITIES,,,,190,4,-10.0,-6.58372213582167,26.1147,-14.3892,4,https://www.echoroukonline.com/%D9%85%D8%AD%D8%A7%D9%83%D9%85%D8%A9-%D8%B9%D9%84%D9%86%D9%8A%D8%A9-%D9%84%D8%A7%D9%86%D8%AA%D9%87%D8%A7%D9%83%D8%A7%D8%AA-%D8%A7%D9%84%D9%85%D8%BA%D8%B1%D8%A8-%D9%81%D9%8A-%D8%A7%D9%84%D8%B5%D8%AD
964745851,20210117,MOROCCAN,,MAR,,190,4,-10.0,-7.59717314487632,25.0,-13.5,1,http://lecourrier-dalgerie.com/mustapha-adib-ex-officier-de-larmee-de-lair-marocaine-le-moral-des-troupes-est-en-dessous-de-zero/
966040185,20210124,MOROCCAN,,MAR,,190,4,-10.0,-1.171875,25.0,-13.5,1,https://www.lnr-dz.com/2021/01/24/lapls-poursuit-ses-attaques-contre-les-positions-marocaines-pour-le-71e-jour-consecutif/
960262098,20201218,CIVILIAN,WESTERN SAHARA,,MAR,191,4,-9.5,-3.75203915171289,21.2167,-17.0167,4,https://www.hrw.org/news/2020/12/18/western-sahara-morocco-cracks-down-activists
963753740,20210111,,FRANCE,,FRA,192,4,-9.5,-4.97967479674797,25.0,-13.5,1,https://blogs.timesofisrael.com/donald-trump-false-messiah/
964593894,20210115,MOROCCAN,,MAR,,190,4,-10.0,-7.47826086956522,25.0,-13.5,1,https://www.aps.dz/monde/115984-sahara-occidental-la-desinformation-est-le-pilier-de-la-politique-de-propagande-du-makhzen
985645204,20210519,RABAT,MADRID,MAR,ESP,190,4,-10.0,-2.47524752475247,25.0,-13.5,1,https://borneobulletin.com.bn/spain-morocco-square-off-6000-migrants-arrive-sea-2/
991962260,20210625,MILITARY,,,,190,4,-10.0,-2.93132328308208,25.0,-13.5,1,https://www.vanguardngr.com/2021/06/challenging-spanish-moroccan-contempt-for-african-sovereignty/
960262103,20201218,CIVILIAN,MAURITANIA,,MRT,191,4,-9.5,-3.75203915171289,21.2167,-17.0167,4,https://www.hrw.org/news/2020/12/18/western-sahara-morocco-cracks-down-activists
958968708,20201210,MOROCCAN,ACTIVIST,MAR,,190,4,-10.0,0.77821011673151,23.6609,-15.9532,4,https://abc17news.com/politics/national-politics/2020/12/10/trump-announces-israel-and-morocco-to-normalize-relations/
958202893,20201206,FIGHTER,ARMY,,,190,4,-10.0,-3.96270396270396,22.5367,-14.294,4,https://www.ennaharonline.com/%D8%A7%D9%84%D8%AC%D9%8A%D8%B4-%D8%A7%D9%84%D8%B5%D8%AD%D8%B1%D8%A7%D9%88%D9%8A-%D9%8A%D8%B3%D8%AA%D8%B9%D9%85%D9%84-%D9%84%D8%A3%D9%88%D9%84-%D9%85%D8%B1%D8%A9-%D9%82%D8%A7%D8%AA%D9%84-%D8%A7%D9%84/
905422541,20200212,REFUGEE,,,,181,4,-9.0,-2.65270031288261,26.0928,-10.6089,4,https://todaynewsafrica.com/western-sahara-the-deeper-story-behind-the-spanish-governments-fake-terror-alert-by-luis-portillo-pasqual-del-riquelme/
1059520313,20220821,MOROCCO,SPAIN,MAR,ESP,190,4,-10.0,1.81818181818182,25.0,-13.5,1,https://ewn.co.za/0001/01/01/morocco-king-calls-for-unequivocal-support-over-w-sahara
1061074870,20220901,MOROCCAN,,MAR,,192,4,-9.5,-1.69699950811609,23.6609,-15.9532,4,https://www.counterpunch.org/2022/09/01/western-sahara-conflict-analyzing-the-illegal-occupation-1973-present/
1061074872,20220901,MOROCCAN,POPULATION,MAR,,192,4,-9.5,-1.69699950811609,23.6609,-15.9532,4,https://www.counterpunch.org/2022/09/01/western-sahara-conflict-analyzing-the-illegal-occupation-1973-present/
974475395,20210314,,MOROCCO,,MAR,190,4,-10.0,-1.23152709359606,25.0,-13.5,1,https://allafrica.com/stories/202103140027.html
959549815,20201214,MAURITANIA,MOROCCO,MRT,MAR,190,4,-10.0,-1.16175156389634,26.8161,-12.8083,4,https://www.vanguardngr.com/2020/12/western-saharas-sovereignty-and-united-states-decision/
987942914,20210601,HUMAN RIGHTS GROUP,WESTERN SAHARA,,MAR,190,4,-10.0,-5.68561872909699,25.0,-13.5,1,https://www.reuters.com/world/europe/lawyer-polisarios-ghali-ask-spanish-court-drop-war-crimes-case-2021-06-01/
956242269,20201125,WESTERN SAHARA,,MAR,,180,4,-9.0,-2.5518341307815,25.0,-13.5,1,http://lecourrier-dalgerie.com/2020/11/25/
997278603,20210729,WESTERN SAHARA,REFUGEE,MAR,,1822,4,-9.0,-7.4585635359116,25.0,-13.5,1,https://www.justiceinfo.net/en/80645-spain-closes-genocide-case-against-w-sahara-leader.html
987941022,20210601,HUMAN RIGHTS GROUP,WESTERN SAHARA,,MAR,190,4,-10.0,-5.89970501474927,25.0,-13.5,1,https://www.msn.com/en-us/news/world/lawyer-of-polisarios-ghali-to-ask-spanish-court-to-drop-war-crimes-case/ar-AAKAK4y
955023803,20201118,ALGERIA,MOROCCO,DZA,MAR,190,4,-10.0,-6.18181818181819,25.0,-13.5,1,https://www.upstreamonline.com/opinion/opinion-eyes-on-huge-bp-led-lng-project-as-polisario-at-war-with-morocco/2-1-914389
959297279,20201212,THE EUROPEAN UNION,THE UN,EUR,,190,4,-10.0,0.37914691943128,25.0,-13.5,1,http://www.msn.com/en-us/news/world/trump-deal-with-morocco-is-yet-another-headache-for-biden-team/ar-BB1bSjch
976224991,20210324,POLICE,,,,190,4,-10.0,-7.43083003952569,26.1147,-14.3892,4,https://ar.globalvoices.org/2021/03/24/70196/
985892035,20210420,SPAIN,WESTERN SAHARA,ESP,MAR,190,4,-10.0,-4.05594405594406,25.0,-13.5,1,https://www.mysanantonio.com/news/article/EXPLAINER-Spain-s-migrant-crisis-in-North-Africa-16187418.php
987942913,20210601,HUMAN RIGHTS GROUP,WESTERN SAHARA,,MAR,190,4,-10.0,-5.26315789473684,25.0,-13.5,1,https://english.aawsat.com/home/article/3003321/polisario-head-appear-spanish-high-court-hearing-tuesday
993136949,20210702,POLICE OFFICER,MOROCCAN,,MAR,190,4,-10.0,-6.35155096011817,26.1147,-14.3892,4,https://www.tercerainformacion.es/articulo/internacional/02/07/2021/experta-de-la-onu-critica-la-represion-de-los-defensores-de-los-derechos-humanos-en-marruecos/
958995440,20201210,,MOROCCO,,MAR,190,4,-10.0,-2.11019929660024,25.0,-13.5,1,https://www.nytimes.com/2020/12/10/world/africa/morocco-western-sahara-conflict-explained.html
959574495,20201214,MAURITANIA,ALGERIA,MRT,DZA,190,4,-10.0,-2.92397660818713,25.0,-13.5,1,https://www.radioislam.org.za/a/listen-mohamed-yeslem-beissat-its-shameful-western-sahara-doesnt-belong-to-trump-to-give-away-to-morocco/
959171667,20201211,MAURITANIA,ALGERIA,MRT,DZA,190,4,-10.0,-0.78247261345853,21.2167,-17.0167,4,https://www.aljazeera.com/news/2020/12/11/us-recognised-moroccos-claim-to-western-sahara-now-what
944148421,20200902,MOROCCO,,MAR,,190,4,-10.0,-5.9233449477352,25.0,-13.5,1,https://fr.allafrica.com/stories/202009011058.html
960668686,20201221,ACTIVIST,MAURITANIA,,MRT,191,4,-9.5,-1.97869101978691,25.0,-13.5,1,https://www.la-croix.com/Monde/Le-conflit-Sahara-occidental-menu-lONU-2020-12-21-1201131263
927895771,20200607,CITIZEN,REFUGEE,,,192,4,-9.5,-1.87793427230047,25.0,-13.5,1,https://fr.allafrica.com/stories/202006060260.html
954775296,20201116,WESTERN SAHARA,,MAR,,194,4,-10.0,-4.31034482758621,21.2167,-17.0167,4,https://allafrica.com/stories/202011150154.html
1039887005,20220418,GUERRILLA,MOROCCO,,MAR,190,4,-10.0,-3.23660714285715,25.0,-13.5,1,https://m.washingtontimes.com/news/2022/apr/7/russians-and-world-could-learn-diplomacy-morocco/
1039412954,20220414,AUTHORITIES,WESTERN SAHARA,,MAR,190,4,-10.0,-6.58372213582167,26.1147,-14.3892,4,https://www.echoroukonline.com/%D9%85%D8%AD%D8%A7%D9%83%D9%85%D8%A9-%D8%B9%D9%84%D9%86%D9%8A%D8%A9-%D9%84%D8%A7%D9%86%D8%AA%D9%87%D8%A7%D9%83%D8%A7%D8%AA-%D8%A7%D9%84%D9%85%D8%BA%D8%B1%D8%A8-%D9%81%D9%8A-%D8%A7%D9%84%D8%B5%D8%AD
1039840537,20220417,UNSC,WESTERN SAHARA,,MAR,190,4,-10.0,0.17361111111111,21.2167,-17.0167,4,https://www.diariosigloxxi.com/texto-ep/mostrar/20220417190535/hasta-308-organizaciones-instan-onu-organizar-referendum-autodeterminacion-sahara-occidental
959435030,20201213,ALGERIA,MILITARY WING,DZA,,190,4,-10.0,-3.08880308880309,25.0,-13.5,1,https://www.wsws.org/en/articles/2020/12/14/isra-d14.html
985140940,20210516,WESTERN SAHARA,,MAR,,190,4,-10.0,-8.57142857142857,25.0,-13.5,1,http://lecourrier-dalgerie.com/sahara-occidental-des-organisations-internationales-condamnent-la-campagne-de-repression-marocaine/
932560650,20200701,WESTERN SAHARA,AL QAEDA,MAR,,190,4,-10.0,-4.87380330722368,25.0,-13.5,1,https://allafrica.com/stories/202007010016.html
985504297,20210518,SPANISH,EUROPE,ESP,EUR,192,4,-9.5,-3.60010320062145,25.0,-13.5,1,https://www.yeovilexpress.co.uk/news/national/19310141.spain-morocco-square-off-6-000-migrants-arrive-north-africa-enclave/
958954382,20201210,MOROCCO,REBEL GROUP,MAR,,190,4,-10.0,-0.9009009009009,23.6609,-15.9532,4,https://www.msn.com/en-us/news/world/trump-says-morocco-joining-arab-states-building-israeli-ties/ar-BB1bOFpk
975435012,20210319,,WESTERN SAHARA,,MAR,190,4,-10.0,-3.61216730038023,25.0,-13.5,1,https://fr.allafrica.com/stories/202103190692.html
972402164,20210302,,WESTERN SAHARA,,MAR,190,4,-10.0,-3.67008681925809,21.2167,-17.0167,4,https://www.theafricareport.com/69335/morocco-algeria-western-sahara-conflict-shows-signs-of-escalation/
955228251,20201119,MILITARY,MOROCCAN,,MAR,191,4,-9.5,-4.61971830985915,21.2167,-17.0167,4,https://www.greenleft.org.au/content/africas-oldest-conflict-reignites
931762695,20200626,UNITED NATIONS,,,,1822,4,-9.0,-7.33249051833122,25.0,-13.5,1,http://www.aps.dz/monde/106655-journee-internationale-de-soutien-aux-victimes-de-la-torture-le-maroc-somme-de-se-conformer-a-la-legalite-internationale
960771658,20201221,GERMAN,PRESIDENT,DEU,,196,4,-9.5,-2.02360876897133,25.0,-13.5,1,https://www.antiwar.com/blog/2020/12/21/trumps-recognition-of-moroccan-sovereignty-over-western-sahara-will-increase-tensions-in-africa/
932418129,20200630,WESTERN SAHARA,AL QAEDA,MAR,,190,4,-10.0,-4.8780487804878,25.0,-13.5,1,https://theconversation.com/why-the-african-union-has-failed-to-silence-the-guns-and-some-solutions-139567
960470689,20201219,WESTERN SAHARA,MOROCCAN,MAR,MAR,190,4,-10.0,-1.82868142444658,25.0,-13.5,1,http://www.liberte-algerie.com/international/que-fera-le-conseil-de-securite-350926
959437528,20201213,ACTIVIST,,,,1822,4,-9.0,-2.89256198347107,21.2167,-17.0167,4,https://www.economist.com/middle-east-and-africa/2020/12/13/the-israel-morocco-peace-deal-donald-trump-has-brokered-is-risky
958954538,20201210,REBEL GROUP,MOROCCO,,MAR,190,4,-10.0,-0.9009009009009,23.6609,-15.9532,4,https://www.msn.com/en-us/news/world/trump-says-morocco-joining-arab-states-building-israeli-ties/ar-BB1bOFpk
993136947,20210702,POLICE OFFICER,WESTERN SAHARA,,MAR,190,4,-10.0,-6.35155096011817,26.1147,-14.3892,4,https://www.tercerainformacion.es/articulo/internacional/02/07/2021/experta-de-la-onu-critica-la-represion-de-los-defensores-de-los-derechos-humanos-en-marruecos/
984072587,20210510,,MOROCCAN,,MAR,190,4,-10.0,-5.25087514585765,25.0,-13.5,1,https://www.24heures.ch/la-justice-reporte-une-audience-cle-apres-un-week-end-tendu-410784045532
997363499,20210730,HUMAN RIGHTS GROUP,WESTERN SAHARA,,MAR,190,4,-10.0,-12.8378378378378,25.0,-13.5,1,https://english.aawsat.com/home/article/3105751/spanish-court-drops-genocide-case-against-polisario-front-leader
963650883,20210110,MOROCCAN,,MAR,,190,4,-10.0,-2.67175572519084,25.0,-13.5,1,https://www.aps.dz/monde/115713-l-armee-sahraouie-poursuit-ses-attaques-contre-des-positions-de-l-armee-d-occupation-marocaine
959343410,20201213,MOROCCO,,MAR,,190,4,-10.0,-4.26356589147287,25.0,-13.5,1,http://www.xinhuanet.com/english/2020-12/13/c_139585549.htm
954395062,20201110,MOROCCO,,MAR,,190,4,-10.0,-0.95541401273886,25.0,-13.5,1,http://www.xinhuanet.com/english/2020-10/31/c_139479867.htm
923348582,20200513,LIBYA,,LBY,,180,4,-9.0,-14.8148148148148,25.0,-13.5,1,https://www.almasryalyoum.com/news/details/1977265
965994771,20210124,,MOROCCAN,,MAR,193,4,-10.0,-1.82648401826484,25.0,-13.5,1,https://www.alalamtv.net/news/5403981/%D9%82%D9%88%D8%A7%D8%AA-%D8%A7%D9%84%D8%A8%D9%88%D9%84%D9%8A%D8%B3%D8%A7%D8%B1%D9%8A%D9%88-%D8%AA%D8%B9%D9%84%D9%86-%D9%82%D8%B5%D9%81-%D9%85%D9%86%D8%B7%D9%82%D8%A9-%D8%A7%D9%84%D9%83%D8%B1%D9%83%D8%B1%D8%A7%D8%AA
957703858,20201203,MOROCCAN,,MAR,,190,4,-10.0,-1.86915887850467,25.0,-13.5,1,https://fr.allafrica.com/stories/202012030666.html
987913682,20210601,SPAIN,MOROCCO,ESP,MAR,190,4,-10.0,-6.12582781456953,25.0,-13.5,1,https://www.alquds.co.uk/%D9%82%D8%A7%D8%B6-%D8%A5%D8%B3%D8%A8%D8%A7%D9%86%D9%8A-%D9%8A%D8%B3%D8%AA%D9%85%D8%B9-%D8%A5%D9%84%D9%89-%D8%B2%D8%B9%D9%8A%D9%85-%D8%AC%D8%A8%D9%87%D8%A9-%D8%A7%D9%84%D8%A8%D9%88%D9%84%D9%8A%D8%B3/
958968848,20201210,ACTIVIST,MOROCCAN,,MAR,190,4,-10.0,0.77821011673151,23.6609,-15.9532,4,https://abc17news.com/politics/national-politics/2020/12/10/trump-announces-israel-and-morocco-to-normalize-relations/
942912745,20200826,IRAQ,LONDON,IRQ,GBR,190,4,-10.0,-2.15924426450742,25.0,-13.5,1,https://www.thenational.ae/uae/health/coronavirus-gulf-drives-down-cases-but-rest-of-middle-east-struggles-with-dire-second-wave-1.1068544
954656721,20201112,WESTERN SAHARA,FRANCE,MAR,FRA,192,4,-9.5,-3.53200883002208,25.0,-13.5,1,http://www.aps.dz/monde/112688-el-guerguerat-le-maroc-prepare-une-nouvelle-agression-avec-l-assentimentde-la-france-denonce-le-pcf
957627647,20201203,MOROCCAN,MOROCCO,MAR,MAR,190,4,-10.0,-5.47945205479453,25.0,-13.5,1,https://fr.allafrica.com/stories/202012030056.html
955968560,20201123,FRANCE,THE SECURITY COUNCIL,FRA,,181,4,-9.0,-4.81430536451169,21.2167,-17.0167,4,http://north-africa.com/2020/11/north-africans-lost-three-decades-over-the-western-sahara/
959270447,20201212,MOROCCO,,MAR,,192,4,-9.5,-5.02645502645503,21.2167,-17.0167,4,http://koulouba.com/nord-mali/le-sahara-occidental-en-proie-a-un-regain-de-tension
971442304,20210225,WESTERN SAHARA,,MAR,,193,4,-10.0,-5.07880910683012,25.0,-13.5,1,http://lecourrier-dalgerie.com/trafic-de-drogue-et-traite-detres-humains-au-sahara-occidental-le-conseil-de-securite-informe-de-la-responsabilite-du-maroc/
988113689,20210602,HUMAN RIGHTS GROUP,WESTERN SAHARA,,MAR,190,4,-10.0,-3.92670157068063,25.0,-13.5,1,https://english.ahram.org.eg/NewsContent/2/8/413417/World/Region/Polisario-leader-to-leave-Spain-soon-amid-diplomat.aspx
957428149,20201202,WESTERN SAHARA,BUSINESS,MAR,,191,4,-9.5,-3.69799691833591,21.2167,-17.0167,4,https://www.barrons.com/news/w-sahara-flare-up-spells-gloom-for-buffer-zone-businesses-01606872605
959296870,20201112,FIGHTER,MAURITANIA,,MRT,190,4,-10.0,-6.80587780355762,25.0,-13.5,1,https://www.middleeasteye.net/news/western-sahara-activists-call-release-citizen-journalist-campaigners
965957843,20210124,WESTERN SAHARA,PRESS AGENCY,MAR,,190,4,-10.0,-7.12328767123288,21.2167,-17.0167,4,https://www.news24.com/news24/Africa/News/western-saharas-polisario-front-says-it-attacked-guerguerat-border-area-20210124
956278355,20201125,CIVILIAN,MOROCCO,,MAR,191,4,-9.5,-7.69230769230769,21.2167,-17.0167,4,https://new.finalcall.com/2020/11/24/new-hotspot-opens-up-in-north-africa-despite-un-bid-to-defuse-tensions/
954797677,20201116,,MOROCCAN,,MAR,193,4,-10.0,-3.69393139841689,25.0,-13.5,1,https://www.journaldemontreal.com/2020/11/16/sahara-occidental-echanges-de-tirs-entre-larmee-marocaine-et-le-polisario
954882666,20201117,ALGERIA,WESTERN SAHARA,DZA,MAR,196,4,-9.5,-5.52763819095477,21.2167,-17.0167,4,https://www.aljazeera.com/news/2020/11/13/morocco-launches-operation-in-western-sahara-border-zone
961414570,20201225,CRIMINAL,OCCUPIED TERRITORIES,,PSE,195,4,-10.0,-4.54545454545455,25.0,-13.5,1,http://www.aps.dz/monde/114912-la-ligue-des-journalistes-et-ecrivains-sahraouis-en-europe-condamne-l-agression-marocaine-barbare-contre-des-militants-sahraouis
959574496,20201214,MAURITANIA,MOROCCO,MRT,MAR,190,4,-10.0,-2.92397660818713,25.0,-13.5,1,https://www.radioislam.org.za/a/listen-mohamed-yeslem-beissat-its-shameful-western-sahara-doesnt-belong-to-trump-to-give-away-to-morocco/
969679841,20210215,MOROCCAN,,MAR,,182,4,-9.5,-7.0528967254408,26.1147,-14.3892,4,https://fr.allafrica.com/stories/202102150074.html
965994548,20210124,REBEL,WESTERN SAHARA,,MAR,190,4,-10.0,-6.38984167569855,21.2167,-17.0167,4,http://www.msn.com/en-us/news/world/w-sahara-rebels-launch-attack-warn-morocco-of-escalation/ar-BB1d2QUk
987363239,20210528,HUMAN RIGHTS GROUP,WESTERN SAHARA,,MAR,1822,4,-9.0,-4.57317073170732,25.0,-13.5,1,https://www.euronews.com/2021/05/27/us-spain-polisario-court
956289933,20201125,MOROCCO,MOROCCAN,MAR,MAR,190,4,-10.0,-1.42857142857143,21.2167,-17.0167,4,https://www.aa.com.tr/en/world/algeria-sends-60-tons-of-aid-to-west-sahara-refugees/2045047
925763153,20200527,REGIME,DEFENCE FORCE,,,190,4,-10.0,-1.47058823529412,25.0,-13.5,1,https://www.sowetanlive.co.za/opinion/columnists/2020-05-27-sa-owes-continent-a-huge-debt-and-must-play-its-part-to-rescue-africa-day/
972697588,20210304,MOROCCO,CIVILIAN,MAR,,182,4,-9.5,-2.41286863270778,25.0,-13.5,1,https://fr.allafrica.com/stories/202103030919.html
968075097,20210205,WESTERN SAHARA,KING,MAR,,186,4,-10.0,-0.95652173913044,25.0,-13.5,1,https://www.vanguardngr.com/2021/02/a-people-united-conversations-with-the-saharawi-foreign-minister/
960369876,20201218,HUMAN RIGHTS GROUP,MOROCCO,,MAR,175,4,-9.0,-1.9620253164557,27.135,-13.1625,4,https://peoplesworld.org/article/trump-inflames-western-sahara-conflict-by-validating-moroccos-occupation/
908686578,20200227,ACTIVIST,JOURNALIST,,,180,4,-9.0,-5.04950495049505,25.0,-13.5,1,http://lecourrier-dalgerie.com/a-lapproche-du-44e-anniversaire-de-la-rasd-la-repression-coloniale-marocaine-sintensifie/
1045634585,20220522,,MOROCCAN,,MAR,190,4,-10.0,-0.86206896551724,25.0,-13.5,1,https://www.aps.dz:443/monde/140030-armee-sahraouie-nouvelles-attaques-contre-les-positions-marocaines-dans-le-secteur-de-smara
1046557468,20220527,MOROCCO,ACTIVIST,MAR,,180,4,-9.0,-5.02283105022831,26.1147,-14.3892,4,https://article.wn.com/view/2022/05/27/Morocco_Western_Sahara_Investigate_targeted_assault_on_Sahra/
1044990999,20220518,AUTHORITIES,,,,190,4,-10.0,-6.25832223701731,26.1147,-14.3892,4,https://www.echoroukonline.com/%D8%A7%D9%84%D8%B5%D8%AD%D8%B1%D8%A7%D8%A1-%D8%A7%D9%84%D8%BA%D8%B1%D8%A8%D9%8A%D8%A9-%D8%B4%D8%A7%D8%AD%D9%86%D8%A9-%D8%AA%D8%B1%D8%AA%D8%B7%D9%85-%D8%A8%D9%85%D9%86%D8%B2%D9%84-%D8%B3%D9%84%D8%B7
1034386531,20220317,WESTERN SAHARA,AUTHORITIES,MAR,,190,4,-10.0,-5.3931659118979,26.1147,-14.3892,4,https://www.echoroukonline.com/%D8%A3%D9%85%D8%B1%D9%8A%D9%83%D9%8A%D9%88%D9%86-%D9%8A%D9%83%D8%B3%D8%B1%D9%88%D9%86-%D8%AD%D8%B5%D8%A7%D8%B1-%D8%A7%D9%84%D9%86%D8%B8%D8%A7%D9%85-%D8%A7%D9%84%D9%85%D8%BA%D8%B1%D8%A8%D9%8A-%D8%B9
959170516,20201111,MOROCCO,WESTERN SAHARA,MAR,MAR,196,4,-9.5,-0.78247261345853,21.2167,-17.0167,4,https://www.aljazeera.com/news/2020/12/11/us-recognised-moroccos-claim-to-western-sahara-now-what
987363240,20210528,HUMAN RIGHTS GROUP,WESTERN SAHARA,,MAR,1822,4,-9.0,-4.57317073170732,25.0,-13.5,1,https://www.euronews.com/2021/05/27/us-spain-polisario-court
960163166,20201217,HUMAN RIGHTS GROUP,,,,175,4,-9.0,-1.94601381042059,27.135,-13.1625,4,https://www.peoplesworld.org/article/trump-inflames-western-sahara-conflict-by-validating-moroccos-occupation/
966350885,20210126,THE UN,WESTERN SAHARA,,MAR,194,4,-10.0,-1.16648992576882,21.2167,-17.0167,4,https://www.trtworld.com/opinion/biden-will-alter-rhetoric-but-won-t-change-course-on-western-sahara-43595
1060531970,20220828,MOROCCO,TUNISIA,MAR,TUN,190,4,-10.0,2.53623188405797,25.0,-13.5,1,http://lefaso.net/spip.php?article115650
1059616957,20220822,MOROCCO,SPAIN,MAR,ESP,190,4,-10.0,0.90634441087613,25.0,-13.5,1,https://en.qantara.de/content/moroccos-king-mohammed-vi-calls-for-unequivocal-support-over-western-sahara-issue
1059820832,20220823,MINIST OF DEFENCE,MOROCCAN,,MAR,190,4,-10.0,-3.03643724696357,26.8161,-12.8083,4,https://www.algerie-focus.com/larmee-sahraouie-mene-de-nouvelles-attaques-contre-les-forces-marocaine-dans-le-secteur-de-mahbas/
1061074871,20220901,MOROCCO,POPULATION,MAR,,192,4,-9.5,-1.69699950811609,23.6609,-15.9532,4,https://www.counterpunch.org/2022/09/01/western-sahara-conflict-analyzing-the-illegal-occupation-1973-present/
977877209,20210402,PRISON,PROTESTER,,,175,4,-9.0,-12.9629629629629,25.0,-13.5,1,https://www.urdupoint.com/en/miscellaneous/watchdog-urges-morocco-to-release-jailed-w-sa-1212358.html
928860691,20200611,WESTERN SAHARA,JOURNALIST,MAR,,180,4,-9.0,-6.03864734299517,25.0,-13.5,1,http://www.aps.dz/monde/106093-sahara-occidental-des-milliers-de-femmes-sahraouies-violentees-par-les-forces-d-occupation-marocaines-ces-20-dernieres-annees
985500752,20210518,MADRID,RABAT,ESP,MAR,190,4,-10.0,-2.98452437911622,25.0,-13.5,1,https://www.chron.com/news/article/Spain-Morocco-square-off-after-6-000-migrants-16184453.php
969614285,20210214,MOROCCAN,MOROCCO,MAR,MAR,182,4,-9.5,-5.58659217877095,26.1147,-14.3892,4,https://www.aps.dz:443/monde/117550-la-militante-sahraouie-soltana-khaya-plus-que-jamais-disposee-a-poursuivre-la-lutte
996513187,20210724,,MOROCCO,,MAR,190,4,-10.0,-4.75578406169666,25.0,-13.5,1,https://www.alquds.co.uk/%D9%85%D8%B1%D9%83%D8%B2-%D8%A7%D8%B3%D8%AA%D8%AE%D8%A8%D8%A7%D8%B1%D8%A7%D8%AA%D9%8A-%D8%A3%D9%85%D8%B1%D9%8A%D9%83%D9%8A-%D9%87%D8%B0%D9%87-%D9%85%D8%AE%D8%A7%D8%B7%D8%B1-%D8%AA%D8%B2%D8%A7%D9%8A/
981713730,20210425,UNITED NATIONS,WESTERN SAHARA,,MAR,190,4,-10.0,-3.470715835141,25.0,-13.5,1,https://fr.sputniknews.com/international/202104251045520017-lespagne-accueille-le-chef-du-front-polisario-le-maroc-exige-des-explications/
955274341,20201119,AMBASSADOR,STUDENT,,,190,4,-10.0,-1.88841201716738,25.0,-13.5,1,https://www.annasronline.com/index.php/2014-08-17-13-22-10/vip/164836-2020-11-19-10-00-38
983199878,20210504,,WESTERN SAHARA,,MAR,1821,4,-9.0,-6.77966101694915,25.0,-13.5,1,http://fr.le360.ma/politique/son-identification-avant-interrogatoires-est-enclenchee-en-espagne-le-debut-de-la-fin-de-brahim-237981
956726414,20201127,MOROCCAN,MOROCCAN,MAR,MAR,190,4,-10.0,-8.65603644646925,27.135,-13.1625,4,https://www.la-croix.com/Monde/condamnation-Sahraouis-confirme-dysfonctionnements-justice-marocaine-2020-11-27-1201126983
959009343,20201211,WESTERN SAHARA,,MAR,,1821,4,-9.0,-3.18655851680186,25.0,-13.5,1,http://www.msn.com/en-us/news/politics/overnight-defense-biden-taps-ex-obama-chief-for-va-shutdown-looms-amid-standoff-scotus-rules-on-rape-cases-in-military/ar-BB1bPmVn
960827252,20201222,CIVILIAN,MILITARY,,,190,4,-10.0,-3.73831775700934,25.0,-13.5,1,http://www.lexpressiondz.com/internationale/5-militaires-tues-et-35-civils-enleves-dans-deux-attaques-terroristes-338931
928915487,20200612,WESTERN SAHARA,ACTIVIST,MAR,,180,4,-9.0,-5.86956521739131,25.0,-13.5,1,https://fr.allafrica.com/stories/202006120026.html
987801354,20210524,MOROCCO,SPAIN,MAR,ESP,192,4,-9.5,-4.9043062200957,25.0,-13.5,1,https://www.iol.co.za/news/opinion/pressure-to-toe-moroccos-line-on-western-sahara-failing-cabdc8a0-5d1e-4972-a5d6-85f0ea5d8832
960494108,20201219,MOROCCO,MOROCCO,MAR,MAR,190,4,-10.0,-3.66972477064221,25.0,-13.5,1,http://www.aps.dz/en/world/37119-sahrawi-army-continues-attacks-against-moroccan-occupation-forces
956493173,20201126,WESTERN SAHARA,BUSINESS,MAR,,191,4,-9.5,-3.98724082934609,21.2167,-17.0167,4,http://north-africa.com/2020/11/western-sahara-its-tough-to-run-a-business-in-guerguerat/
966591939,20210127,WESTERN SAHARA,MAURITANIA,MAR,MRT,196,4,-9.5,-4.21875,21.2167,-17.0167,4,https://www.diplomaticourier.com/posts/a-western-sahara-human-rights-agenda-for-the-biden-administration
987363241,20210528,HUMAN RIGHTS GROUP,WESTERN SAHARA,,MAR,190,4,-10.0,-4.57317073170732,25.0,-13.5,1,https://www.euronews.com/2021/05/27/us-spain-polisario-court
965946289,20210124,WESTERN SAHARA,MAURITANIA,MAR,MRT,190,4,-10.0,-5.79710144927536,21.2167,-17.0167,4,https://www.msn.com/en-us/news/world/w-saharas-polisario-front-says-it-attacked-guerguerat-border-area/ar-BB1d2gkz
960470685,20201219,WESTERN SAHARA,,MAR,,190,4,-10.0,-1.82868142444658,25.0,-13.5,1,http://www.liberte-algerie.com/international/que-fera-le-conseil-de-securite-350926
996224843,20210722,SPAIN,HOSPITAL,ESP,,192,4,-9.5,-4.42890442890443,25.0,-13.5,1,https://www.france24.com/en/europe/20210722-more-than-230-migrants-enter-spain-s-melilla-enclave-from-morocco
954942177,20201118,,MOROCCO,,MAR,193,4,-10.0,-1.60427807486631,25.0,-13.5,1,https://www.alquds.co.uk/%D8%AA%D8%A8%D8%A7%D8%AF%D9%84-%D8%AC%D8%AF%D9%8A%D8%AF-%D9%84%D8%A5%D8%B7%D9%84%D8%A7%D9%82-%D8%A7%D9%84%D9%86%D8%A7%D8%B1-%D8%A8%D9%8A%D9%86-%D8%A7%D9%84%D9%85%D8%BA%D8%B1%D8%A8-%D9%88%D8%A8%D9%88/
994270068,20210710,INTELLIGENCE SERVICE,,,,1822,4,-9.0,-3.1629392971246,25.0,-13.5,1,https://english.alaraby.co.uk/opinion/arab-left-loses-three-its-leading-lights
996398751,20210723,SPAIN,HOSPITAL,ESP,,192,4,-9.5,-3.8659793814433,25.0,-13.5,1,https://english.aawsat.com/home/article/3094116/more-230-migrants-enter-spain%E2%80%99s-melilla-enclave-morocco
960981408,20201222,MOROCCO,THE INTERNATIONAL COMMUNITY,MAR,,196,4,-9.5,-1.3061224489796,21.2167,-17.0167,4,https://www.scoop.co.nz/stories/PO2012/S00180/ardern-urged-to-play-a-positive-role-in-the-decolonisation-of-western-sahara.htm
898090524,20200110,GAMBIA,,GMB,,180,4,-9.0,-6.32183908045977,23.6609,-15.9532,4,http://www.spsrasd.info/news/en/articles/2020/01/10/24091.html
958973762,20201110,MOROCCAN,,MAR,,190,4,-10.0,-2.78810408921933,25.0,-13.5,1,https://thehill.com/homenews/house/529705-top-house-democrat-warns-against-trumps-western-sahara-designation
965957846,20210124,MOROCCO,MAURITANIA,MAR,MRT,190,4,-10.0,-7.12328767123288,21.2167,-17.0167,4,https://www.news24.com/news24/Africa/News/western-saharas-polisario-front-says-it-attacked-guerguerat-border-area-20210124
987949659,20210601,HUMAN RIGHTS GROUP,WESTERN SAHARA,,MAR,190,4,-10.0,-5.92105263157895,25.0,-13.5,1,https://www.thestar.com.my/news/world/2021/06/01/lawyer-of-polisario039s-ghali-to-ask-spanish-court-to-drop-war-crimes-case
1025309244,20220127,,AUTHORITIES,,,190,4,-10.0,-5.3921568627451,26.1147,-14.3892,4,https://www.echoroukonline.com/%D8%A7%D9%84%D8%B5%D8%AD%D8%B1%D8%A7%D8%A1-%D8%A7%D9%84%D8%BA%D8%B1%D8%A8%D9%8A%D8%A9-%D8%A3%D9%83%D8%AB%D8%B1-%D9%85%D9%86-300-%D9%85%D9%86%D8%B8%D9%85%D8%A9-%D8%AF%D9%88%D9%84%D9%8A%D8%A9-%D8%AA
1029514535,20220221,RABAT,ALGERIA,MAR,DZA,190,4,-10.0,-1.81818181818182,25.0,-13.5,1,https://english.ahram.org.eg/News/461496.aspx
1016715714,20211129,ARMY,MOROCCAN,,MAR,190,4,-10.0,-3.81679389312977,22.5367,-14.294,4,https://www.ennaharonline.com/%D8%AC%D9%8A%D8%B4-%D8%A7%D9%84%D8%A8%D9%88%D9%84%D9%8A%D8%B2%D8%A7%D8%B1%D9%8A%D9%88-%D9%8A%D9%86%D9%81%D8%B0-6-%D9%87%D8%AC%D9%88%D9%85%D8%A7%D8%AA-%D8%B6%D8%AF-%D9%82%D9%88%D8%A7%D8%AA-%D8%A7/
1027566161,20220210,WESTERN SAHARA,AUTHORITIES,MAR,,190,4,-10.0,-5.625,26.1147,-14.3892,4,https://www.echoroukonline.com/%D9%82%D9%85%D8%B9-%D9%85%D8%B8%D8%A7%D9%87%D8%B1%D8%A9-%D9%84%D9%84%D8%AA%D8%B6%D8%A7%D9%85%D9%86-%D9%85%D8%B9-%D8%B3%D9%84%D8%B7%D8%A7%D9%86%D8%A9-%D8%AE%D9%8A%D8%A7-%D8%A8%D8%A7%D9%84%D8%B9%D9%8A
1039412673,20220414,,AUTHORITIES,,,190,4,-10.0,-6.58372213582167,26.1147,-14.3892,4,https://www.echoroukonline.com/%D9%85%D8%AD%D8%A7%D9%83%D9%85%D8%A9-%D8%B9%D9%84%D9%86%D9%8A%D8%A9-%D9%84%D8%A7%D9%86%D8%AA%D9%87%D8%A7%D9%83%D8%A7%D8%AA-%D8%A7%D9%84%D9%85%D8%BA%D8%B1%D8%A8-%D9%81%D9%8A-%D8%A7%D9%84%D8%B5%D8%AD
1038762903,20220411,PARIS,,FRA,,190,4,-10.0,-1.83875530410184,25.0,-13.5,1,http://www.nspm.rs/hronika/na-danasnji-dan-ubijeni-slavko-curuvija-1999-i-radovan-stojicic-badza-1997.-2002.-vlajko-stojiljkovic-izvrsio-samoubistvo-1713.-potpisan-utrehtski-mir-umrli-prever-i-enver-hodza.html
1038163486,20220407,MOROCCAN,,MAR,,190,4,-10.0,-1.46198830409356,25.0,-13.5,1,https://www.digitaljournal.com/world/spains-sanchez-visits-morocco-as-tensions-ease/article
1045772201,20220523,PRISONER,EMPLOYEE,,,180,4,-9.0,-12.258064516129,25.0,-13.5,1,https://www.aps.dz/monde/140073-le-prisonnier-sahraoui-lamine-haddi-soumis-a-des-traitements-cruels-et-inhumains-dans-les-geoles-marocaines
1046581680,20220527,RABAT,ARMY,MAR,,190,4,-10.0,-4.79725870930897,25.0,-13.5,1,https://www.echoroukonline.com/%D8%A8%D8%A7%D9%84%D9%81%D9%8A%D8%AF%D9%8A%D9%88-%D9%82%D9%86%D8%A7%D8%A9-%D8%A7%D8%B3%D8%A8%D8%A7%D9%86%D9%8A%D8%A9-%D8%AA%D9%86%D9%82%D9%84-%D8%A3%D8%AC%D9%88%D8%A7%D8%A1-%D8%A7%D9%84%D8%AD%D8%B1
1040491793,20220421,WESTERN SAHARA,,MAR,,190,4,-10.0,-4.1311475409836,26.1147,-14.3892,4,https://www.middleeasteye.net/news/western-sahara-female-activists-morocco-rape-divorce-house-arrest
1043427881,20220509,AUTHORITIES,,,,190,4,-10.0,-6.14801864801865,26.1147,-14.3892,4,https://www.echoroukonline.com/%D9%82%D8%B6%D9%8A%D8%A9-%D8%B3%D9%84%D8%B7%D8%A7%D9%86%D8%A9-%D8%AE%D9%8A%D8%A7-%D9%86%D8%A7%D8%B4%D8%B7%D8%A9-%D8%A3%D9%85%D8%B1%D9%8A%D9%83%D9%8A%D8%A9-%D8%AA%D8%AE%D9%88%D8%B6-%D8%A5%D8%B6%D8%B1
1046545353,20220527,POLICE,,,,180,4,-9.0,-4.9482163406214,26.1147,-14.3892,4,https://www.amnesty.org/en/latest/news/2022/05/morocco-western-sahara-investigate-targeted-assault-on-sahrawi-women-activists/
1050039436,20220618,POLICE,WESTERN SAHARA,,MAR,1822,4,-9.0,-1.5079707022835,27.135,-13.1625,4,https://www.resilience.org/stories/2021-11-11/an-unjust-transition-energy-colonialism-and-extractivism-in-occupied-western-sahara/
1043035074,20220506,WESTERN SAHARA,MOROCCAN,MAR,MAR,190,4,-10.0,-3.70370370370371,27.4143,-9.04784,4,https://fr.allafrica.com/stories/202205060641.html
992450238,20210628,MILITARY,,,,190,4,-10.0,-2.74771024146544,25.0,-13.5,1,http://saharareporters.com/2021/06/28/challenging-spanish-moroccan-contempt-african-sovereignty-owei-lakemfa
979247545,20210411,FIGHTER,WESTERN SAHARA,,MAR,190,4,-10.0,-4.73372781065089,26.0928,-10.6089,4,https://english.alaraby.co.uk/english/news/2021/4/11/morocco-reportedly-used-a-drone-in-western-sahara
1051638496,20220628,MOROCCO,ALGERIA,MAR,DZA,190,4,-10.0,-5.99173553719008,25.0,-13.5,1,https://www.al-monitor.com/originals/2022/06/23-migrants-dead-morocco-spain-border
1052240073,20220702,WESTERN SAHARA,MOROCCO,MAR,MAR,190,4,-10.0,-14.1935483870968,27.135,-13.1625,4,https://dailytimes.com.pk/961088/w-sahara-prisoners-complain-to-un-experts-against-rabat/
985928733,20210520,MOROCCO,,MAR,,192,4,-9.5,-4.06976744186047,25.0,-13.5,1,https://www.9news.com.au/world/morocco-ceuta-migrant-crisis-baby-rescued-from-ocean-waters/d8d5e4d5-ba03-45b5-8418-9f70a91a7e31
984566583,20210512,WESTERN SAHARA,,MAR,,180,4,-9.0,-4.62427745664739,25.0,-13.5,1,https://www.annasronline.com/index.php/2014-08-09-10-33-20/2014-08-23-11-15-46/177009-2021-05-12-13-26-44
993659940,20210706,WESTERN SAHARA,,MAR,,1822,4,-9.0,-2.4948024948025,25.0,-13.5,1,https://www.aps.dz:443/monde/124581-ould-salek-la-volonte-des-peuples-facteur-determinant-pour-remporter-les-luttes-de-liberation
933007373,20200703,POPULATION,SPAIN,,ESP,192,4,-9.5,-3.69609856262833,25.0,-13.5,1,https://www.equaltimes.org/the-young-sahrawi-refugees
954837247,20201116,MOROCCAN,MOROCCO,MAR,MAR,193,4,-10.0,-3.17460317460317,25.0,-13.5,1,https://sabq.org/xMf2LG
993121039,20210702,MOROCCO,MADRID,MAR,ESP,190,4,-10.0,-3.05676855895196,25.0,-13.5,1,https://www.laprensalatina.com/guterres-urges-political-dialogue-on-western-sahara/
985720023,20210519,WESTERN SAHARA,WESTERN SAHARA,MAR,MAR,190,4,-10.0,-9.62962962962966,25.0,-13.5,1,https://www.reuters.com/article/us-europe-migrants-spain-polisario/spain-high-court-issues-war-crime-case-summons-against-polisario-front-leader-ghali-idUSKCN2D00ZV
973987983,20210311,RABAT,,MAR,,192,4,-9.5,-3.85326318782881,21.2167,-17.0167,4,https://www.crisisgroup.org/middle-east-north-africa/north-africa/western-sahara/b82-time-international-re-engagement-western-sahara
961482858,20201226,MOROCCAN,,MAR,,190,4,-10.0,-1.66666666666666,27.15,-10.9667,4,https://fr.allafrica.com/stories/202012260167.html
975514304,20210320,,WESTERN SAHARA,,MAR,190,4,-10.0,-4.36363636363636,25.0,-13.5,1,https://www.lnr-dz.com/2021/03/20/le-maroc-continue-a-nier-lexistence-dune-guerre/
961066922,20201223,,WESTERN SAHARA,,MAR,190,4,-10.0,-3.41349883630722,21.2167,-17.0167,4,https://www.lifegate.com/western-sahara-war-sahrawi
961097498,20201223,FIGHTER,ARMY,,,190,4,-10.0,-3.21100917431192,25.0,-13.5,1,http://www.elbilad.net/article/detail?id=112200
963164268,20210107,MOROCCO,,MAR,,190,4,-10.0,-7.38577298153557,23.6609,-15.9532,4,https://www.crisisgroup.org/crisiswatch/january-2021-alerts-and-december-trends-2020
954942865,20201118,MOROCCO,,MAR,,193,4,-10.0,-1.60427807486631,25.0,-13.5,1,https://www.alquds.co.uk/%D8%AA%D8%A8%D8%A7%D8%AF%D9%84-%D8%AC%D8%AF%D9%8A%D8%AF-%D9%84%D8%A5%D8%B7%D9%84%D8%A7%D9%82-%D8%A7%D9%84%D9%86%D8%A7%D8%B1-%D8%A8%D9%8A%D9%86-%D8%A7%D9%84%D9%85%D8%BA%D8%B1%D8%A8-%D9%88%D8%A8%D9%88/
957234248,20201201,WESTERN SAHARA,,MAR,,190,4,-10.0,-1.92102454642476,23.6609,-15.9532,4,http://lecourrier-dalgerie.com/abdelaziz-rahabi-aborde-le-conflit-du-sahara-occidental-sur-al-quds-al-arabi-la-solution-definitive-et-permanente-est-une-urgence/
965994550,20210124,REBEL,WESTERN SAHARA,,MAR,194,4,-10.0,-6.38984167569855,21.2167,-17.0167,4,http://www.msn.com/en-us/news/world/w-sahara-rebels-launch-attack-warn-morocco-of-escalation/ar-BB1d2QUk
1057594059,20220807,AMNESTY INTERNATIONAL,WESTERN SAHARA,,MAR,180,4,-9.0,-4.13363533408834,26.1147,-14.3892,4,http://honisoit.com/2022/08/sons-of-the-clouds-oral-tradition-and-resistance-in-africas-last-colony/
915890310,20200401,,WESTERN SAHARA,,MAR,190,4,-10.0,-3.03030303030303,25.0,-13.5,1,https://www.modernghana.com/news/993059/key-polisario-front-figure-mhamed-khadad-dies.html
1014339754,20211115,MOROCCAN,,MAR,,190,4,-10.0,-4.34782608695652,27.4143,-9.04784,4,https://fr.allafrica.com/stories/202111140348.html
1013050863,20211107,ALGERIAN,WESTERN SAHARA,DZA,MAR,190,4,-10.0,-4.65116279069767,25.0,-13.5,1,https://fr.allafrica.com/stories/202111070025.html
1011932805,20211031,MOROCCO,THE UN,MAR,,190,4,-10.0,-3.74531835205992,25.0,-13.5,1,https://mareeg.com/decolonizing-western-sahara/
1010963900,20211025,MOROCCAN,,MAR,,190,4,-10.0,-5.21428571428571,25.0,-13.5,1,https://www.echoroukonline.com/%D8%A8%D8%A7%D9%84%D9%81%D9%8A%D8%AF%D9%8A%D9%88-%D9%82%D9%86%D8%A7%D8%A9-%D8%B3%D9%88%D9%8A%D8%B3%D8%B1%D9%8A%D8%A9-%D8%AA%D8%A8%D8%AB-%D8%AA%D9%82%D8%B1%D9%8A%D8%B1%D8%A7-%D8%AD%D9%88%D9%84-%D8%AD
1010350042,20211021,MOROCCAN,,MAR,,190,4,-10.0,-5.00736377025037,25.0,-13.5,1,https://www.echoroukonline.com/%D8%B7%D8%A7%D8%A6%D8%B1%D8%A7%D8%AA-%D8%A8%D8%AF%D9%88%D9%86-%D8%B7%D9%8A%D8%A7%D8%B1-%D9%85%D8%BA%D8%B1%D8%A8%D9%8A%D8%A9-%D8%AA%D9%82%D8%B5%D9%81-%D9%85%D8%AF%D9%86%D9%8A%D9%8A%D9%86-%D8%B5%D8%AD
1012387812,20211102,WEBSITE,,,,190,4,-10.0,-3.27868852459017,25.0,-13.5,1,https://www.bienpublic.com/science-et-technologie/2021/11/02/facebook-va-arreter-la-reconnaissance-faciale-sur-les-photos-et-supprimer-les-donnees
1002944917,20210907,EUROPEAN PARLIAMENT,MOROCCO,EUR,MAR,190,4,-10.0,2.07715133531158,25.0,-13.5,1,https://www.echoroukonline.com/%D8%B9%D9%85%D8%A7%D8%B1-%D8%A8%D9%84%D8%A7%D9%86%D9%8A-%D8%B9%D9%88%D8%AF%D8%A9-%D8%AA%D8%B2%D8%B9%D8%AC-%D8%A7%D9%84%D9%85%D8%AE%D8%B2%D9%86-%D8%A7%D9%84%D9%85%D8%BA%D8%B1%D8%A8%D9%8A
1018779524,20211212,MOROCCO,WESTERN SAHARA,MAR,MAR,190,4,-10.0,-2.25898822780782,21.2167,-17.0167,4,https://allafrica.com/stories/202108310220.html
1022638878,20220110,MOROCCO,,MAR,,1822,4,-9.0,-5.46448087431694,25.0,-13.5,1,https://www.aps.dz/monde/134059-sahara-occidental-amnesty-alerte-sur-le-seuil-dangereux-des-violations-des-droits-de-l-homme
1022211417,20220107,UNITED STATES,IRAQ,USA,IRQ,190,4,-10.0,-3.57698289269052,25.0,-13.5,1,https://www.bozemandailychronicle.com/ap_news/commentary-us-western-sahara-stance-emboldens-putin/article_1eeae970-d4f7-5c3e-aea6-a575bd90e4c0.html
1022119488,20220106,UNITED STATES,IRAQ,USA,IRQ,190,4,-10.0,-3.60065466448446,25.0,-13.5,1,https://progressive.org/op-eds/us-western-sahara-emboldens-putin-zunes-220106/
1016895104,20211130,MOHAMMED VI,WESTERN SAHARA,MAR,MAR,192,4,-9.5,-2.16606498194946,25.0,-13.5,1,https://www.lopinion.fr/international/lalgerie-est-prete-a-faire-la-guerre-au-maroc-sil-le-faut
1043609063,20210510,,INTERIOR MINIST,,,190,4,-10.0,-1.60642570281124,25.0,-13.5,1,https://www.vozpopuli.com/espana/gobierno-evita-senalar-marruecos.html
1035224031,20220322,UNITED STATES,,USA,,1712,4,-9.2,-1.62790697674418,25.0,-13.5,1,"https://pplus.ynet.co.il/articles/0,7340,L-6097545,00.html"
1036302108,20220328,MOROCCO,SPAIN,MAR,ESP,190,4,-10.0,0.23923444976076,25.0,-13.5,1,https://www.euractiv.com/section/politics/news/morocco-germany-renew-ties-after-misunderstandings/
1042621316,20220504,EUROPEAN,WESTERN SAHARA,EUR,MAR,190,4,-10.0,-2.18579234972678,25.0,-13.5,1,https://www.echoroukonline.com/%D8%AC%D9%88%D8%B3%D9%8A%D8%A8-%D8%A8%D9%88%D8%B1%D8%A7%D9%84-%D9%8A%D9%88%D8%AC%D9%91%D9%87-%D8%B5%D9%81%D8%B9%D8%A9-%D9%84%D9%84%D9%85%D8%BA%D8%B1%D8%A8-%D9%88%D8%B3%D8%A7%D9%86%D8%B4%D9%8A
1039169572,20220413,AUTHORITIES,WESTERN SAHARA,,MAR,190,4,-10.0,-5.84104691988509,26.1147,-14.3892,4,https://www.echoroukonline.com/%D8%A3%D9%85%D9%86%D9%8A%D8%B3%D8%AA%D9%8A-%D8%AA%D8%B7%D9%84%D9%82-%D8%AD%D9%85%D8%A9-%D8%A7%D9%84%D9%80-10-%D8%A2%D9%84%D8%A7%D9%81-%D8%AA%D9%88%D9%82%D9%8A%D8%B9-%D9%84%D8%A5%D9%86%D9%87%D8%A7
1034386305,20220317,AUTHORITIES,WESTERN SAHARA,,MAR,190,4,-10.0,-5.3931659118979,26.1147,-14.3892,4,https://www.echoroukonline.com/%D8%A3%D9%85%D8%B1%D9%8A%D9%83%D9%8A%D9%88%D9%86-%D9%8A%D9%83%D8%B3%D8%B1%D9%88%D9%86-%D8%AD%D8%B5%D8%A7%D8%B1-%D8%A7%D9%84%D9%86%D8%B8%D8%A7%D9%85-%D8%A7%D9%84%D9%85%D8%BA%D8%B1%D8%A8%D9%8A-%D8%B9
897342425,20200107,CIVILIAN,,,,190,4,-10.0,-7.64484058964691,26.0928,-10.6089,4,https://www.crisisgroup.org/crisiswatch/crisiswatch-january-2020-alerts-and-december-2019-trends
909306796,20200229,MOROCCAN,,MAR,,180,4,-9.0,-4.7976011994003,25.0,-13.5,1,http://www.aps.dz/monde/102337-l-onu-appelee-a-envoyer-des-commissions-d-enquete-dans-les-zones-sahraouies-occupees
962310393,20210101,MOROCCAN,,MAR,,190,4,-10.0,-2.53164556962025,25.0,-13.5,1,https://fr.allafrica.com/stories/202012310005.html
998709041,20210810,WESTERN SAHARA,,MAR,,190,4,-10.0,-1.49253731343283,25.0,-13.5,1,https://fr.allafrica.com/stories/202108100029.html
962310394,20210101,MOROCCAN,MOROCCO,MAR,MAR,190,4,-10.0,-2.53164556962025,25.0,-13.5,1,https://fr.allafrica.com/stories/202012310005.html
977949050,20210403,PRISON,PROTESTER,,,175,4,-9.0,-12.1890547263681,25.0,-13.5,1,https://english.alaraby.co.uk/english/news/2021/4/2/watchdog-urges-morocco-to-release-jailed-w-sahara-journalist
985968080,20210520,SPAIN,MOROCCO,ESP,MAR,190,4,-10.0,-5.54785020804438,25.0,-13.5,1,https://www.bangkokpost.com/world/2118955/clashes-on-morocco-border-as-madrid-accuses-rabat-of-blackmail
961414699,20201225,MOROCCO,POLICE,MAR,,190,4,-10.0,-4.54545454545455,25.0,-13.5,1,http://www.aps.dz/monde/114912-la-ligue-des-journalistes-et-ecrivains-sahraouis-en-europe-condamne-l-agression-marocaine-barbare-contre-des-militants-sahraouis
961613357,20201227,ARMY,,,,190,4,-10.0,-6.27177700348432,25.0,-13.5,1,http://www.elbilad.net/article/detail?id=112327
985968784,20210520,HUMAN RIGHTS GROUP,WESTERN SAHARA,,MAR,190,4,-10.0,-4.89130434782609,25.0,-13.5,1,https://www.middleeastmonitor.com/20210520-spain-court-summons-polisario-front-leader-in-war-crimes-case/
959435375,20201213,MILITARY WING,LIBYA,,LBY,190,4,-10.0,-3.08880308880309,25.0,-13.5,1,https://www.wsws.org/en/articles/2020/12/14/isra-d14.html
985750715,20210519,HUMAN RIGHTS GROUP,WESTERN SAHARA,,MAR,190,4,-10.0,-4.74860335195531,23.6609,-15.9532,4,http://www.msn.com/en-us/news/world/polisario-front-leader-ghali-served-with-spanish-court-summons-in-war-crime-case/ar-BB1gUbUD
927857965,20200606,CITIZEN,REFUGEE,,,192,4,-9.5,-1.18343195266273,25.0,-13.5,1,http://www.aps.dz/monde/105855-covid-19-aucun-cas-enregistre-dans-les-camps-des-refugies-sahraouis-et-les-territoires-liberes
955278052,20201119,MOROCCAN,MILITIA,MAR,,191,4,-9.5,-5.57768924302789,25.0,-13.5,1,https://www.sinnfein.ie/ga/contents/58888
987913681,20210601,SPAIN,MOROCCO,ESP,MAR,190,4,-10.0,-6.12582781456953,25.0,-13.5,1,https://www.alquds.co.uk/%D9%82%D8%A7%D8%B6-%D8%A5%D8%B3%D8%A8%D8%A7%D9%86%D9%8A-%D9%8A%D8%B3%D8%AA%D9%85%D8%B9-%D8%A5%D9%84%D9%89-%D8%B2%D8%B9%D9%8A%D9%85-%D8%AC%D8%A8%D9%87%D8%A9-%D8%A7%D9%84%D8%A8%D9%88%D9%84%D9%8A%D8%B3/
985504645,20210518,MOROCCAN,SPAIN,MAR,ESP,192,4,-9.5,-3.60010320062145,25.0,-13.5,1,https://www.yeovilexpress.co.uk/news/national/19310141.spain-morocco-square-off-6-000-migrants-arrive-north-africa-enclave/
966351109,20210126,MOROCCO,THE UN,MAR,,194,4,-10.0,-1.16648992576882,21.2167,-17.0167,4,https://www.trtworld.com/opinion/biden-will-alter-rhetoric-but-won-t-change-course-on-western-sahara-43595
956022710,20201123,ARMY,,,,190,4,-10.0,-7.5,22.5367,-14.294,4,https://www.ennaharonline.com/%D9%82%D8%B0%D8%A7%D8%A6%D9%81-%D8%A7%D9%84%D8%A8%D9%88%D9%84%D9%8A%D8%B2%D8%A7%D8%B1%D9%8A%D9%88-%D8%AA%D8%AF%D9%81%D9%86-%D9%85%D8%B9%D9%86%D9%88%D9%8A%D8%A7%D8%AA-%D8%AC%D9%8A%D8%B4-%D8%A7/
971922868,20210227,,MILITARY,,,190,4,-10.0,-2.29990800367986,26.8161,-12.8083,4,http://www.lexpressiondz.com/info-en-continu/proclamation-de-la-rasd-des-acquis-politiques-et-diplomatiques-sur-fond-de-victoires-militaires-325590
954919551,20201117,ALGERIA,WESTERN SAHARA,DZA,MAR,196,4,-9.5,0.30769230769231,21.2167,-17.0167,4,https://english.aawsat.com/home/article/2630106/algerian-party-calls-sahara-referendum-boosting-maghreb-unity
985746297,20210519,HUMAN RIGHTS GROUP,WESTERN SAHARA,,MAR,190,4,-10.0,-5.16717325227963,25.0,-13.5,1,https://www.msn.com/en-us/news/world/update-1-polisario-front-leader-ghali-served-with-spanish-court-summons-in-war-crime-case/ar-BB1gTYN0
987029936,20210526,SECURITY FORCE,,,,180,4,-9.0,-12.0370370370371,26.1147,-14.3892,4,https://article.wn.com/view/2021/05/26/Morocco_WesternSahara_Further_information_Sahrawi_activist_a/
988563470,20210604,,WESTERN SAHARA,,MAR,190,4,-10.0,-3.35195530726257,25.0,-13.5,1,https://www.la-croix.com/Monde/Migrants-bras-fer-durcit-entre-Maroc-lEspagne-2021-06-04-1201159370
994932828,20210714,,POLICE,,,190,4,-10.0,-4.68368840461863,23.6609,-15.9532,4,https://www.amnestyalgerie.org/2021/07/14/maroc-et-sahara-occidental-repression-ciblee-de-militants-saharouis/
987363129,20210528,WESTERN SAHARA,HUMAN RIGHTS GROUP,MAR,,1822,4,-9.0,-4.57317073170732,25.0,-13.5,1,https://www.euronews.com/2021/05/27/us-spain-polisario-court
972274060,20210302,MOROCCAN,,MAR,,192,4,-9.5,-0.96525096525097,25.0,-13.5,1,https://www.aps.dz:443/monde/118414-le-polisario-reitere-son-engagement-a-defendre-la-souverainete-du-peuple-sahraoui
998664646,20210809,WESTERN SAHARA,,MAR,,190,4,-10.0,-1.93548387096774,25.0,-13.5,1,https://www.aps.dz/monde/125907-l-apls-mene-de-nouvelles-attaques-contre-les-forces-d-occupation-marocaines
1060531971,20220828,MOROCCO,TUNISIA,MAR,TUN,190,4,-10.0,2.53623188405797,25.0,-13.5,1,http://lefaso.net/spip.php?article115650
1059520098,20220821,SPAIN,MOROCCO,ESP,MAR,190,4,-10.0,1.81818181818182,25.0,-13.5,1,https://ewn.co.za/0001/01/01/morocco-king-calls-for-unequivocal-support-over-w-sahara
1061074873,20220901,MOROCCAN,POPULATION,MAR,,192,4,-9.5,-1.69699950811609,23.6609,-15.9532,4,https://www.counterpunch.org/2022/09/01/western-sahara-conflict-analyzing-the-illegal-occupation-1973-present/
1039191203,20220413,,WESTERN SAHARA,,MAR,190,4,-10.0,-1.19695321001088,27.135,-13.1625,4,https://english.alaraby.co.uk/analysis/why-spain-wading-morocco-and-algerias-rivalry
1038553222,20220409,SPANISH,,ESP,,190,4,-10.0,0.0,25.0,-13.5,1,https://allafrica.com/stories/202204090104.html
1038364485,20220408,SPAIN,HOSPITAL,ESP,,192,4,-9.5,0.83194675540766,25.0,-13.5,1,https://english.aawsat.com/home/article/3579786/spanish-pm-visits-morocco-show-reconciliation-between-both-countries
1034913716,20220320,HOSPITAL,WESTERN SAHARA,,MAR,182,4,-9.5,0.35671819262782,25.0,-13.5,1,https://arabic.euronews.com/2022/03/20/algeria-calls-it-s-ambassador-in-spain-after-changing-position-of-western-sahara
962398895,20210102,,WESTERN SAHARA,,MAR,190,4,-10.0,-7.57097791798107,25.0,-13.5,1,http://www.aps.dz/monde/115296-le-peuple-sahraoui-frustre-par-l-inaction-de-l-onu-face-aux-violations-marocaines
961441208,20201226,,MOROCCO,,MAR,190,4,-10.0,-2.00803212851406,25.0,-13.5,1,http://lecourrier-dalgerie.com/son-retour-au-pays-donnera-un-coup-daccelerateur-a-plusieurs-chantiers-les-dossiers-qui-attendent-le-president/
985731576,20210519,WESTERN SAHARA,WESTERN SAHARA,MAR,MAR,190,4,-10.0,-10.8333333333334,25.0,-13.5,1,https://www.reuters.com/world/spain-high-court-issues-war-crime-case-summons-against-polisario-front-leader-2021-05-19/
953672975,20201101,MOROCCO,,MAR,,190,4,-10.0,-0.96774193548387,25.0,-13.5,1,https://www.sierraleonetimes.com/news/266840054/security-council-re-un-mission-mandate-in-western-sahara-for-a-year
987029942,20210526,SECURITY FORCE,,,,1821,4,-9.0,-12.0370370370371,26.1147,-14.3892,4,https://article.wn.com/view/2021/05/26/Morocco_WesternSahara_Further_information_Sahrawi_activist_a/
1009269217,20211014,,WESTERN SAHARA,,MAR,190,4,-10.0,-3.9950602037666,23.6609,-15.9532,4,https://www.crisisgroup.org/middle-east-north-africa/north-africa/western-sahara/227-relaunching-negotiations-over-western-sahara
998901271,20210811,,WESTERN SAHARA,,MAR,195,4,-10.0,-2.89256198347108,27.4143,-9.04784,4,https://fr.allafrica.com/stories/202108110456.html
1010350043,20211021,MOROCCAN,CIVILIAN,MAR,,195,4,-10.0,-5.00736377025037,25.0,-13.5,1,https://www.echoroukonline.com/%D8%B7%D8%A7%D8%A6%D8%B1%D8%A7%D8%AA-%D8%A8%D8%AF%D9%88%D9%86-%D8%B7%D9%8A%D8%A7%D8%B1-%D9%85%D8%BA%D8%B1%D8%A8%D9%8A%D8%A9-%D8%AA%D9%82%D8%B5%D9%81-%D9%85%D8%AF%D9%86%D9%8A%D9%8A%D9%86-%D8%B5%D8%AD
1015381145,20211121,MOROCCAN,CIVILIAN,MAR,,190,4,-10.0,-6.60919540229885,25.0,-13.5,1,https://www.lnr-dz.com/2021/11/20/12-civils-tues-dans-une-attaque-marocaine-par-des-drones/
1013284599,20211108,RABAT,,MAR,,193,4,-10.0,-5.24781341107872,21.2167,-17.0167,4,https://www.reuters.com/article/us-morocco-westernsahara-idUSKBN27U0GE
1013007913,20211106,TUNIS,MOROCCO,TUN,MAR,190,4,-10.0,-4.87588652482269,23.6609,-15.9532,4,https://www.msn.com/en-us/news/world/why-is-the-western-sahara-conflict-heating-up/ar-AAQoeYu
1005229001,20210921,SECURITY FORCE,ACTIVIST,,,171,4,-9.2,-7.38193489225126,27.135,-13.1625,4,https://www.lawfareblog.com/western-sahara-biden-administration-and-human-rights
958973756,20201110,,MOROCCAN,,MAR,190,4,-10.0,-2.78810408921933,25.0,-13.5,1,https://thehill.com/homenews/house/529705-top-house-democrat-warns-against-trumps-western-sahara-designation
954726481,20201114,MOROCCAN,WESTERN SAHARA,MAR,MAR,190,4,-10.0,-4.92424242424242,21.2167,-17.0167,4,https://www.rfi.fr/en/wires/20201114-polisario-says-new-fighting-wsahara
985671363,20210519,MOROCCO,SPAIN,MAR,ESP,190,4,-10.0,-3.03030303030303,25.0,-13.5,1,https://www.nytimes.com/2021/05/18/briefing/gaza-crisis-spain-migrants-coronavirus.html
987975706,20210601,SPANISH,WESTERN SAHARA,ESP,MAR,1822,4,-9.0,-7.37327188940092,25.0,-13.5,1,https://www.rfi.fr/fr/afrique/20210601-espagne-le-chef-du-front-polisario-est-libre-de-quitter-le-pays
962136278,20201231,WESTERN SAHARA,FIGHTER,MAR,,190,4,-10.0,-5.1082731815658,25.0,-13.5,1,http://pnn.ps/news/562627
987942858,20210601,WESTERN SAHARA,HUMAN RIGHTS GROUP,MAR,,1822,4,-9.0,-5.26315789473684,25.0,-13.5,1,https://english.aawsat.com/home/article/3003321/polisario-head-appear-spanish-high-court-hearing-tuesday
979240271,20210411,POLICE CHIEF,MOROCCO,,MAR,190,4,-10.0,-4.50450450450451,26.0928,-10.6089,4,http://www.naharnet.com/stories/en/280800
970071591,20210217,WESTERN SAHARA,,MAR,,1822,4,-9.0,-3.93258426966292,26.1147,-14.3892,4,https://www.spsrasd.info/news/en/articles/2021/02/16/31222.html
1018253663,20211209,MOROCCAN,,MAR,,190,4,-10.0,1.36986301369863,25.0,-13.5,1,https://www.aps.dz/monde/132275-pres-de-200-palestiniens-arretes-par-l-occupation-israelienne-en-novembre
1024140864,20220120,WESTERN SAHARA,MAURITANIA,MAR,MRT,190,4,-10.0,-8.57787810383747,25.0,-13.5,1,https://www.la-croix.com/France/Assassinat-dune-Francaise-Maroc-parquet-antiterroriste-ouvre-enquete-2022-01-20-1201195854
1029557539,20220222,RABAT,ALGERIA,MAR,DZA,190,4,-10.0,-3.37301587301587,25.0,-13.5,1,http://bwabtk.com/782051.html
1019108127,20211214,WESTERN SAHARA,,MAR,,190,4,-10.0,-8.41683366733467,25.0,-13.5,1,https://www.franceguyane.fr/actualite/international/nouveau-drame-en-haiti-au-moins-60-morts-dans-l-explosion-d-un-camion-citerne-493242.php
1021966387,20220105,MOROCCO,AFRICA,MAR,AFR,190,4,-10.0,-1.38588133391078,25.0,-13.5,1,https://www.echoroukonline.com/%D9%81%D9%88%D8%B1%D8%A7%D9%8A%D9%86-%D8%A8%D9%88%D9%84%D9%8A%D8%B3%D9%8A-%D8%A7%D9%84%D9%85%D8%BA%D8%B1%D8%A8-%D9%85%D8%B9%D8%B2%D9%88%D9%84-%D8%A8%D9%8A%D9%86-%D8%AD%D9%84%D9%81%D8%A7%D8%A6%D9%87
1029690365,20220222,WESTERN SAHARA,MOROCCAN,MAR,MAR,190,4,-10.0,-3.99590163934426,25.0,-13.5,1,https://sante.journaldesfemmes.fr/fiches-maladies/2782423-droit-a-l-oubli-et-cancer-definition-nouveautes-duree-assurance-emprunteur-2022-5-ans-has/
1021988639,20220105,RABAT,SPAIN,MAR,ESP,190,4,-10.0,-1.65745856353591,25.0,-13.5,1,https://english.alaraby.co.uk/news/morocco-says-german-president-invites-king-seal-new-partnership
1022361168,20220108,SPAIN,RABAT,ESP,MAR,190,4,-10.0,-1.65289256198347,25.0,-13.5,1,https://www.expatica.com/de/uncategorized/morocco-says-german-president-invites-king-to-seal-new-partnership-552743/
965534152,20210121,MOROCCAN,,MAR,,190,4,-10.0,-1.73410404624278,25.0,-13.5,1,https://fr.allafrica.com/stories/202101210395.html
965997435,20210124,REBEL,MILITARY,,,190,4,-10.0,-7.04845814977974,21.2167,-17.0167,4,https://www.modernghana.com/news/1057256/w-sahara-rebels-launch-attack-warn-morocco-of.html
982798777,20210501,ALGERIA,MOROCCAN,DZA,MAR,190,4,-10.0,-4.9645390070922,21.2167,-17.0167,4,https://sputniknews.com/world/202105011082781500-morocco-seeks-explanation-from-spain-over-hospitalization-of-separatist-leader---reports/
985565506,20210518,SPAIN,MOROCCO,ESP,MAR,190,4,-10.0,-4.88301119023398,25.0,-13.5,1,https://www.nytimes.com/2021/05/18/world/europe/spain-migrants-ceuta-morocco.html
987999113,20210601,SPANISH,WESTERN SAHARA,ESP,MAR,192,4,-9.5,-5.36912751677853,25.0,-13.5,1,https://www.ibtimes.com/spain-court-rejects-custody-polisario-leader-3213722
961493956,20201226,MOROCCO,POLICE,MAR,,190,4,-10.0,-4.53074433656958,25.0,-13.5,1,http://www.lexpressiondz.com/info-en-continu/la-ligue-des-journalistes-et-ecrivains-sahraouis-en-europe-condamne-l-agression-marocaine-barbare-contre-des-militants-sahraouis-324742
968622193,20210208,JOURNALIST,,,,175,4,-9.0,-6.5123010130246,25.0,-13.5,1,https://www.aps.dz/monde/117254-des-experts-de-l-onu-appellent-a-la-liberation-immediate-d-un-journaliste-sahraoui-arrete-par-le-maroc
969651736,20210214,WESTERN SAHARA,MOROCCO,MAR,MAR,190,4,-10.0,-5.8411214953271,25.0,-13.5,1,https://www.aps.dz/monde/117591-la-communaute-internationale-appelee-a-intervenir-pour-mettre-un-terme-a-la-repression-marocaine
942912434,20200826,PROFESSOR,LONDON,,GBR,190,4,-10.0,-2.15924426450742,25.0,-13.5,1,https://www.thenational.ae/uae/health/coronavirus-gulf-drives-down-cases-but-rest-of-middle-east-struggles-with-dire-second-wave-1.1068544
959009364,20201211,WESTERN SAHARA,AIRMAN,MAR,,1821,4,-9.0,-3.18655851680186,25.0,-13.5,1,http://www.msn.com/en-us/news/politics/overnight-defense-biden-taps-ex-obama-chief-for-va-shutdown-looms-amid-standoff-scotus-rules-on-rape-cases-in-military/ar-BB1bPmVn
959149013,20201211,AUTHORITIES,MOROCCO,,MAR,190,4,-10.0,-2.30473751600512,26.1147,-14.3892,4,https://www.bbc.com/arabic/middleeast-54930223
960790628,20201221,MOROCCAN,,MAR,,190,4,-10.0,-3.23886639676114,26.6792,-11.6781,4,http://www.aps.dz/monde/114684-el-guerguarat-l-apls-poursuit-ses-attaques-contre-les-positions-des-forces-d-occupation-marocaines
970003374,20210216,MOROCCAN,,MAR,,190,4,-10.0,-8.08743169398907,26.1147,-14.3892,4,https://www.lnr-dz.com/2021/02/16/lagression-marocaine-contre-soltana-kheya-denoncee-2/
955099101,20201111,DEMONSTRATOR,RABAT,,MAR,193,4,-10.0,-2.77008310249308,21.2167,-17.0167,4,https://www.guengl.eu/moroccos-invasion-of-western-sahara-strongly-condemned/
981026363,20210421,MOROCCO,TURKEY,MAR,TUR,190,4,-10.0,-0.76530612244898,21.2167,-17.0167,4,https://www.middleeastmonitor.com/20210421-morocco-to-acquire-turkeys-bayraktar-drones/
1040490874,20220421,,POLICE,,,180,4,-9.0,-4.1311475409836,26.1147,-14.3892,4,https://www.middleeasteye.net/news/western-sahara-female-activists-morocco-rape-divorce-house-arrest
1038725690,20220411,ALGERIA,,DZA,,190,4,-10.0,-4.61215932914047,25.0,-13.5,1,https://www.africaleader.com/news/272468723/cold-war-under-the-scorching-sun-how-a-new-conflict-is-brewing-in-africa
1047327255,20220601,ACTIVIST,,,,1821,4,-9.0,-3.04878048780487,26.1147,-14.3892,4,https://www.aps.dz:443/monde/140532-sultana-khaya-souligne-que-son-voyage-medical-a-l-etranger-lui-permettra-de-poursuivre-son-combat
1048931621,20220611,WESTERN SAHARA,AUTHORITIES,MAR,,190,4,-10.0,-6.14239181014425,26.1147,-14.3892,4,https://www.echoroukonline.com/%D8%A7%D9%84%D9%86%D8%B8%D8%A7%D9%85-%D8%A7%D9%84%D9%85%D8%BA%D8%B1%D8%A8%D9%8A-%D9%8A%D9%88%D8%A7%D8%AC%D9%87-4-%D8%A7%D8%AA%D9%87%D8%A7%D9%85%D8%A7%D8%AA-%D8%A8%D8%AA%D8%B9%D8%B0%D9%8A%D8%A8-%D9%86
1001766924,20210831,MOROCCO,WESTERN SAHARA,MAR,MAR,190,4,-10.0,-2.253252935576,21.2167,-17.0167,4,https://www.herald.co.zw/inevitable-recognition-of-the-sahrawi-republic/
1015213350,20211119,WESTERN SAHARA,,MAR,,190,4,-10.0,-2.08550573514077,25.0,-13.5,1,https://www.pressenza.com/2021/11/climate-colonialism-why-was-occupied-western-sahara-excluded-from-cop26-u-n-summit-in-scotland/
1014420284,20211115,WESTERN SAHARA,UNITED NATIONS,MAR,,192,4,-9.5,1.8018018018018,25.0,-13.5,1,https://fr.allafrica.com/stories/202111150710.html
1006706865,20210929,ALGERIA,TURKEY,DZA,TUR,190,4,-10.0,0.80482897384306,25.0,-13.5,1,https://www.middleeasteye.net/news/morocco-western-sahara-european-court-annuls-eu-deals
1013439368,20211109,WESTERN SAHARA,ALGERIAN,MAR,DZA,190,4,-10.0,-3.97923875432526,25.0,-13.5,1,https://24.ae/article/670455/39/%D9%84%D9%88%D9%81%D9%8A%D8%BA%D8%A7%D8%B1%D9%88-%D9%87%D9%84-%D8%AA%D9%86%D8%AF%D9%84%D8%B9-%D8%AD%D8%B1%D8%A8-%D8%A8%D9%8A%D9%86-%D8%A7%D9%84%D9%85%D8%BA%D8%B1%D8%A8-%D9%88%D8%A7%D9%84%D8%AC%D8%B2%D8%A7%D8%A6%D8%B1-
1016023189,20211125,ARMY,MOROCCAN,,MAR,190,4,-10.0,-4.87179487179487,25.0,-13.5,1,https://www.ennaharonline.com/%D9%82%D8%B5%D9%81-%D8%A7%D9%84%D8%A8%D9%88%D9%84%D9%8A%D8%B2%D8%A7%D8%B1%D9%8A%D9%88-%D9%84%D8%A7-%D9%8A%D8%AA%D9%88%D9%82%D9%81-%D9%88%D9%82%D9%88%D8%A7%D8%AA-%D8%A7%D9%84%D8%A5/
1012662538,20211104,ALGERIAN,ALGERIA,DZA,DZA,190,4,-10.0,-4.24657534246575,25.0,-13.5,1,https://www.leconomistemaghrebin.com/2021/11/04/regain-tension-algerie-maroc-tunisie-tenaille/
1010883782,20211025,CIVILIAN,,,,1712,4,-9.2,-3.84271671134942,26.1147,-14.3892,4,https://www.hrw.org/news/2021/03/05/western-sahara-harassment-independence-activist
935477702,20200716,MOROCCO,,MAR,,1822,4,-9.0,-4.5662100456621,25.0,-13.5,1,https://fr.sputniknews.com/maghreb/202007161044111216-soupcon-despionnage-amnesty-classe-le-maroc-sur-le-meme-pied-degalite-que-le-regime-de-kadhafi/
959464023,20201214,THE UN,THE EUROPEAN UNION,,EUR,190,4,-10.0,0.20964360587002,25.0,-13.5,1,https://yalibnan.com/2020/12/14/trump-deal-with-morocco-is-yet-another-headache-for-biden-team/
954748331,20201115,MOROCCO,,MAR,,190,4,-10.0,-5.83941605839416,21.2167,-17.0167,4,https://allafrica.com/stories/202011140062.html
956261733,20201125,APACHE,BUSINESS,,,191,4,-9.5,-3.84122919334187,21.2167,-17.0167,4,https://www.msn.com/en-us/news/world/w-sahara-flare-up-spells-gloom-for-buffer-zone-businesses/ar-BB1bkunS
965947620,20210124,WESTERN SAHARA,MAURITANIA,MAR,MRT,190,4,-10.0,-5.88235294117647,21.2167,-17.0167,4,http://www.digitaljournal.com/news/world/w-sahara-s-polisario-front-says-it-attacked-guerguerat-border-area/article/584391
960994534,20201223,MOROCCO,THE INTERNATIONAL COMMUNITY,MAR,,196,4,-9.5,-1.77364864864865,21.2167,-17.0167,4,http://community.scoop.co.nz/2020/12/ardern-urged-to-play-a-positive-role-in-the-decolonisation-of-western-sahara/
971801705,20210226,,MILITARY,,,190,4,-10.0,-1.875,26.8161,-12.8083,4,https://www.aps.dz/monde/118252-proclamation-de-la-rasd-des-acquis-politiques-et-diplomatiques-sur-fond-de-victoires-militaires
951503655,20201013,CIVILIAN,,,,1822,4,-9.0,-1.46290491118077,25.0,-13.5,1,http://www.liberte-algerie.com/international/les-sahraouis-denoncent-le-soutien-de-certaines-puissances-a-rabat-347179
928087371,20200608,REFUGEE,CITIZEN,,,192,4,-9.5,-1.09289617486339,25.0,-13.5,1,http://www.spsrasd.info/news/en/articles/2020/06/08/26224.html
950890277,20201008,WESTERN SAHARA,WESTERN SAHARA,MAR,MAR,190,4,-10.0,-3.83333333333334,25.0,-13.5,1,http://www.aps.dz/monde/110763-sahara-occidental-le-rapport-de-guterres-est-reducteur-et-ne-reflete-pas-la-realite
976225435,20210324,MOROCCO,ACTIVIST,MAR,,175,4,-9.0,-7.43083003952569,26.1147,-14.3892,4,https://ar.globalvoices.org/2021/03/24/70196/
972402847,20210302,STATE OWNED TELEVISION,WESTERN SAHARA,,MAR,190,4,-10.0,-3.67008681925809,21.2167,-17.0167,4,https://www.theafricareport.com/69335/morocco-algeria-western-sahara-conflict-shows-signs-of-escalation/
956561420,20201126,MOROCCO,REBEL,MAR,,190,4,-10.0,-17.5675675675676,25.0,-13.5,1,https://www.themalaysianinsight.com/s/286970
955440482,20201120,MOROCCO,THE UN,MAR,,191,4,-9.5,-5.12820512820512,21.2167,-17.0167,4,https://www.greenleft.org.au/content/australian-solidarity-western-sahara
997639676,20210801,WESTERN SAHARA,ABDULLAH,MAR,SAU,190,4,-10.0,-4.3956043956044,25.0,-13.5,1,https://www.aps.dz/monde/125577-deces-du-militant-abdallah-lahbib-la-presidence-sahraouie-decrete-un-deuil-d-une-semaine
960369877,20201218,HUMAN RIGHTS GROUP,WESTERN SAHARA,,MAR,175,4,-9.0,-1.9620253164557,27.135,-13.1625,4,https://peoplesworld.org/article/trump-inflames-western-sahara-conflict-by-validating-moroccos-occupation/
984263661,20210511,ACTIVIST,,,,1822,4,-9.0,-6.15384615384615,25.0,-13.5,1,https://www.aps.dz:443/monde/121596-les-forces-d-occupation-marocaines-arretent-et-torturent-un-eminent-activiste-sahraoui-de-l-isacom
969651779,20210214,ACTIVIST,MOROCCO,,MAR,190,4,-10.0,-5.8411214953271,25.0,-13.5,1,https://www.aps.dz/monde/117591-la-communaute-internationale-appelee-a-intervenir-pour-mettre-un-terme-a-la-repression-marocaine
985501093,20210518,RABAT,MADRID,MAR,ESP,190,4,-10.0,-2.68538129255364,25.0,-13.5,1,https://www.680news.com/2021/05/18/spain-morocco-square-off-after-6000-migrants-arrive-by-sea/
977970094,20210403,MILITARY,ACTIVIST,,,190,4,-10.0,-8.9579524680073,27.135,-13.1625,4,https://allafrica.com/stories/202104030246.html
959549813,20201214,MAURITANIA,ALGERIA,MRT,DZA,190,4,-10.0,-1.16175156389634,26.8161,-12.8083,4,https://www.vanguardngr.com/2020/12/western-saharas-sovereignty-and-united-states-decision/
965957845,20210124,MOROCCO,MAURITANIA,MAR,MRT,190,4,-10.0,-7.12328767123288,21.2167,-17.0167,4,https://www.news24.com/news24/Africa/News/western-saharas-polisario-front-says-it-attacked-guerguerat-border-area-20210124
994933086,20210714,POLICE,WESTERN SAHARA,,MAR,190,4,-10.0,-4.68368840461863,23.6609,-15.9532,4,https://www.amnestyalgerie.org/2021/07/14/maroc-et-sahara-occidental-repression-ciblee-de-militants-saharouis/
994751065,20210713,CONSTITUENT,MOROCCAN,,MAR,190,4,-10.0,-9.43396226415093,26.1147,-14.3892,4,https://www.aps.dz:443/monde/124868-conasadh-la-recente-agression-contre-la-famille-de-sultana-khaya-une-tentative-de-meurtre-planifie
958876283,20201210,TUNISIAN,SYRIA,TUN,SYR,190,4,-10.0,-2.52662868466683,25.0,-13.5,1,https://www.afrique-asie.fr/de-quoi-moncef-marzouki-est-il-le-nom-la-haine-de-lalgerie-comme-sacerdoce/
928860693,20200611,WESTERN SAHARA,ACTIVIST,MAR,,180,4,-9.0,-6.03864734299517,25.0,-13.5,1,http://www.aps.dz/monde/106093-sahara-occidental-des-milliers-de-femmes-sahraouies-violentees-par-les-forces-d-occupation-marocaines-ces-20-dernieres-annees
954775298,20201116,MOROCCAN,WESTERN SAHARA,MAR,MAR,190,4,-10.0,-3.27272727272727,25.0,-13.5,1,https://www.wionews.com/world/western-sahara-independence-leader-declares-end-of-29-year-old-ceasefire-with-morocco-343433
960281852,20201218,THE SECURITY COUNCIL,MOROCCAN,,MAR,180,4,-9.0,-3.97350993377483,25.0,-13.5,1,http://www.aps.dz/monde/114466-l-armee-sahraouie-poursuit-ses-attaques-contre-les-positions-marocaines
960262097,20201218,CIVILIAN,WESTERN SAHARA,,MAR,191,4,-9.5,-3.75203915171289,26.1147,-14.3892,4,https://www.hrw.org/news/2020/12/18/western-sahara-morocco-cracks-down-activists
984072586,20210510,,MOROCCO,,MAR,190,4,-10.0,-5.25087514585765,25.0,-13.5,1,https://www.24heures.ch/la-justice-reporte-une-audience-cle-apres-un-week-end-tendu-410784045532
945370167,20200908,PROTESTER,,,,175,4,-9.0,-7.49542961608773,27.135,-13.1625,4,http://www.aps.dz/monde/109474-l-ong-wsrw-appelle-a-la-liberation-immediate-des-prisonniers-de-gdeim-izik
959939482,20201216,SPANISH,WESTERN SAHARA,ESP,MAR,192,4,-9.5,-5.98669623059867,25.0,-13.5,1,https://article.wn.com/view/2020/12/16/How_Do_You_Get_Away_With_Genocide_Terrorism_And_Human_Rights/
994270069,20210710,INTELLIGENCE SERVICE,,,,1822,4,-9.0,-3.1629392971246,25.0,-13.5,1,https://english.alaraby.co.uk/opinion/arab-left-loses-three-its-leading-lights
959297282,20201212,THE UN,THE EUROPEAN UNION,,EUR,190,4,-10.0,0.37914691943128,25.0,-13.5,1,http://www.msn.com/en-us/news/world/trump-deal-with-morocco-is-yet-another-headache-for-biden-team/ar-BB1bSjch
1047892594,20220605,,AUTHORITIES,,,190,4,-10.0,-5.80097087378641,26.1147,-14.3892,4,https://www.echoroukonline.com/%D9%88%D8%B5%D9%84%D8%AA-%D8%A5%D8%B3%D8%A8%D8%A7%D9%86%D9%8A%D8%A7-%D8%B3%D9%84%D8%B7%D8%A7%D9%86%D8%A9-%D8%AE%D9%8A%D8%A7-%D8%AA%D9%86%D8%AA%D8%B5%D8%B1-%D8%B9%D9%84%D9%89-%D8%A2%D9%84%D8%A9
1047708621,20220603,EUROPEAN,WESTERN SAHARA,EUR,MAR,190,4,-10.0,-0.9468317552804,25.0,-13.5,1,https://www.echoroukonline.com/%D8%A7%D9%84%D8%B5%D8%AD%D8%B1%D8%A7%D8%A1-%D8%A7%D9%84%D8%BA%D8%B1%D8%A8%D9%8A%D8%A9-%D8%A7%D9%84%D8%AD%D9%83%D9%88%D9%85%D8%A9-%D8%A7%D9%84%D8%A3%D9%84%D9%85%D8%A7%D9%86%D9%8A%D8%A9-%D8%AA%D8%B9
1047752654,20220604,ACTIVIST,,,,1821,4,-9.0,-0.62370062370062,26.1147,-14.3892,4,http://lecourrier-dalgerie.com/transferee-pour-des-soins-a-la-suite-des-violences-et-tortures-que-lui-ont-fait-subir-les-forces-du-makhzen-sultana-khaya-accueillie-en-heroine-a-las-palmas/
1042994933,20220506,MOROCCAN,,MAR,,190,4,-10.0,-4.54545454545455,27.4143,-9.04784,4,https://www.aps.dz:443/monde/139321-armee-sahraouie-nouvelles-attaques-contre-les-forces-de-l-occupation-marocaine-dans-les-secteurs-de-mahbes-et-ousserd
1050039676,20220618,MOROCCAN,MOROCCO,MAR,MAR,192,4,-9.5,-1.5079707022835,21.2167,-17.0167,4,https://www.resilience.org/stories/2021-11-11/an-unjust-transition-energy-colonialism-and-extractivism-in-occupied-western-sahara/
898616571,20200113,GAMBIA,,GMB,,180,4,-9.0,-6.32183908045977,23.6609,-15.9532,4,https://www.spsrasd.info/news/en/articles/2020/01/10/24091.html
959702111,20201215,,MILITARY,,,195,4,-10.0,-5.01567398119123,25.0,-13.5,1,http://www.aps.dz/monde/114258-185-bombardements-contre-10-positions-militaires-de-l-occupation-en-un-mois
961576941,20201227,,ARMY,,,190,4,-10.0,-4.39882697947214,26.6792,-11.6781,4,http://www.elbilad.net/article/detail?id=112303
961580609,20201227,WESTERN SAHARA,FIGHTER,MAR,,190,4,-10.0,-4.96277915632754,25.0,-13.5,1,http://alwasat.ly/news/international/305645
966085173,20210125,ALGERIA,WESTERN SAHARA,DZA,MAR,194,4,-10.0,-5.55555555555555,21.2167,-17.0167,4,http://www.dailyexpress.com.my/news/165345/w-sahara-s-polisario-front-attacks-guerguerat-border-/
963480214,20210109,ACTIVIST,MOROCCAN,,MAR,190,4,-10.0,0.77821011673151,23.6609,-15.9532,4,https://www.fox10tv.com/news/us_world_news/trump-announces-israel-and-morocco-to-normalize-relations/article_86ba065c-7263-5575-8cbf-3461d52c12a7.html
978843239,20210409,WESTERN SAHARA,POLICE CHIEF,MAR,,190,4,-10.0,-4.76190476190476,26.0928,-10.6089,4,https://english.alaraby.co.uk/english/news/2021/4/7/polisario-says-police-chief-killed-in-western-sahara
1017498312,20211204,MOROCCAN,MOROCCO,MAR,MAR,190,4,-10.0,-5.0,25.0,-13.5,1,https://fr.sputniknews.com/20211204/sahara-occidental-la-police-marocaine-accusee-de-viol-contre-des-militantes-independantistes-1053788668.html
1017635612,20211205,MOROCCO,MOROCCO,MAR,MAR,180,4,-9.0,-5.83707504810776,26.1147,-14.3892,4,https://www.echoroukonline.com/%D8%A7%D9%84%D8%A3%D9%85%D9%86-%D8%A7%D9%84%D9%85%D8%BA%D8%B1%D8%A8%D9%8A-%D9%8A%D8%AD%D9%82%D9%86-%D8%B3%D9%84%D8%B7%D8%A7%D9%86%D8%A9-%D8%AE%D9%8A%D8%A7-%D8%A8%D8%AD%D9%82%D9%86%D8%A9-%D8%AB%D8%A7
1038367592,20220408,,SPANISH,,ESP,190,4,-10.0,0.48309178743962,25.0,-13.5,1,https://www.msn.com/en-xl/news/other/morocco-spain-mend-ties-after-change-in-policy-on-western-sahara/ar-AAVZwVG
1041646631,20220428,AFRICA,POPULATION,AFR,,190,4,-10.0,-2.23214285714286,25.0,-13.5,1,https://thewire.in/world/spain-sahrawi-people-right-self-determination-betray
1038553416,20220409,MOROCCO,SPANISH,MAR,ESP,190,4,-10.0,0.0,25.0,-13.5,1,https://allafrica.com/stories/202204090104.html
1048931505,20220611,AUTHORITIES,,,,190,4,-10.0,-6.14239181014425,26.1147,-14.3892,4,https://www.echoroukonline.com/%D8%A7%D9%84%D9%86%D8%B8%D8%A7%D9%85-%D8%A7%D9%84%D9%85%D8%BA%D8%B1%D8%A8%D9%8A-%D9%8A%D9%88%D8%A7%D8%AC%D9%87-4-%D8%A7%D8%AA%D9%87%D8%A7%D9%85%D8%A7%D8%AA-%D8%A8%D8%AA%D8%B9%D8%B0%D9%8A%D8%A8-%D9%86
1039192096,20220413,WESTERN SAHARA,,MAR,,190,4,-10.0,-1.19695321001088,27.135,-13.1625,4,https://english.alaraby.co.uk/analysis/why-spain-wading-morocco-and-algerias-rivalry
1044991200,20220518,WESTERN SAHARA,AUTHORITIES,MAR,,190,4,-10.0,-6.25832223701731,26.1147,-14.3892,4,https://www.echoroukonline.com/%D8%A7%D9%84%D8%B5%D8%AD%D8%B1%D8%A7%D8%A1-%D8%A7%D9%84%D8%BA%D8%B1%D8%A8%D9%8A%D8%A9-%D8%B4%D8%A7%D8%AD%D9%86%D8%A9-%D8%AA%D8%B1%D8%AA%D8%B7%D9%85-%D8%A8%D9%85%D9%86%D8%B2%D9%84-%D8%B3%D9%84%D8%B7
959171666,20201211,MAURITANIA,ALGERIA,MRT,DZA,190,4,-10.0,-0.78247261345853,21.2167,-17.0167,4,https://www.aljazeera.com/news/2020/12/11/us-recognised-moroccos-claim-to-western-sahara-now-what
927280464,20200604,MOROCCAN,,MAR,,193,4,-10.0,-6.34920634920635,25.0,-13.5,1,https://fr.allafrica.com/stories/202006030860.html
997363500,20210730,HUMAN RIGHTS GROUP,WESTERN SAHARA,,MAR,190,4,-10.0,-12.8378378378378,25.0,-13.5,1,https://english.aawsat.com/home/article/3105751/spanish-court-drops-genocide-case-against-polisario-front-leader
987942911,20210601,HUMAN RIGHTS GROUP,WESTERN SAHARA,,MAR,1822,4,-9.0,-5.26315789473684,25.0,-13.5,1,https://english.aawsat.com/home/article/3003321/polisario-head-appear-spanish-high-court-hearing-tuesday
961466730,20201226,CRIMINAL,OCCUPIED TERRITORIES,,PSE,195,4,-10.0,-8.29694323144105,27.135,-13.1625,4,http://www.spsrasd.info/news/en/articles/2020/12/26/30013.html
1017454507,20211203,APACHE,UNITED STATES,,USA,195,4,-10.0,-3.18949343339587,25.0,-13.5,1,https://www.alquds.co.uk/%D8%AF%D8%B9%D9%88%D8%A9-%D9%84%D9%84%D8%AA%D8%AD%D9%82%D9%8A%D9%82-%D9%81%D9%8A-%D8%A7%D8%AD%D8%AA%D9%85%D8%A7%D9%84-%D8%A5%D8%B3%D8%A7%D8%A1%D8%A9-%D9%85%D8%B5%D8%B1-%D8%A7%D8%B3%D8%AA%D8%AE%D8%AF/
982490963,20210429,,WESTERN SAHARA,,MAR,192,4,-9.5,-3.16815597075548,27.135,-13.1625,4,https://news.antiwar.com/2021/04/29/morocco-us-to-lead-war-games-after-30-year-ceasefire-with-western-sahara-ends/
970775866,20210221,PRISON,,,,1822,4,-9.0,-7.20338983050847,25.0,-13.5,1,https://www.aps.dz/monde/117938-pan-african-club-condamne-les-intimidations-exercees-par-le-maroc-contre-les-defenseurs-des-droits-de-l-homme-sahraouis
985968783,20210520,HUMAN RIGHTS GROUP,WESTERN SAHARA,,MAR,190,4,-10.0,-4.89130434782609,25.0,-13.5,1,https://www.middleeastmonitor.com/20210520-spain-court-summons-polisario-front-leader-in-war-crimes-case/
956261732,20201125,APACHE,BUSINESS,,,191,4,-9.5,-3.84122919334187,21.2167,-17.0167,4,https://www.msn.com/en-us/news/world/w-sahara-flare-up-spells-gloom-for-buffer-zone-businesses/ar-BB1bkunS
955473549,20201120,MOROCCAN,,MAR,,193,4,-10.0,-5.60606060606061,25.0,-13.5,1,https://www.la-croix.com/Monde/Le-conflit-ravive-Sahara-occidental-2020-11-20-1201125631
941242383,20200817,MALI,BURKINA FASO,MLI,BFA,190,4,-10.0,-7.08604483007954,25.0,-13.5,1,https://www.thenewhumanitarian.org/analysis/2020/08/17/Burkina-Faso-Sahel-conflict-ISIS-al-Qaeda
962912396,20210106,MOROCCO,ARMY,MAR,,192,4,-9.5,-0.63985374771481,21.2167,-17.0167,4,https://www.bignewsnetwork.com/news/267452343/trump-and-us-betray-the-people-of-western-sahara
1037068325,20220331,WESTERN SAHARA,,MAR,,190,4,-10.0,-1.41442715700141,25.0,-13.5,1,https://www.aps.dz/monde/138062-les-declarations-de-blinken-sur-la-question-sahraouie-traduisent-la-position-americaine-reposant-sur-la-legalite-internationale
1033870863,20220315,MOROCCO,PRESIDENT,MAR,,1822,4,-9.0,-6.0483870967742,25.0,-13.5,1,https://www.pressenza.com/2022/03/un-demands-the-immediate-release-of-the-oldest-saharawi-prisoner-sentenced-to-15-years-in-prison/
1045959910,20220524,WESTERN SAHARA,,MAR,,190,4,-10.0,-1.27504553734061,25.0,-13.5,1,https://www.aps.dz/monde/140123-journee-mondiale-de-l-afrique-le-continent-face-aux-defis-de-la-sante-et-de-l-agroalimentaire
1039887008,20220418,GUERRILLA,MAURITANIA,,MRT,190,4,-10.0,-3.23660714285715,25.0,-13.5,1,https://m.washingtontimes.com/news/2022/apr/7/russians-and-world-could-learn-diplomacy-morocco/
1047708622,20220603,EUROPEAN,WESTERN SAHARA,EUR,MAR,190,4,-10.0,-0.9468317552804,25.0,-13.5,1,https://www.echoroukonline.com/%D8%A7%D9%84%D8%B5%D8%AD%D8%B1%D8%A7%D8%A1-%D8%A7%D9%84%D8%BA%D8%B1%D8%A8%D9%8A%D8%A9-%D8%A7%D9%84%D8%AD%D9%83%D9%88%D9%85%D8%A9-%D8%A7%D9%84%D8%A3%D9%84%D9%85%D8%A7%D9%86%D9%8A%D8%A9-%D8%AA%D8%B9
1034930004,20220320,WESTERN SAHARA,SPAIN,MAR,ESP,190,4,-10.0,-1.26404494382023,25.0,-13.5,1,https://fr.timesofisrael.com/sahara-occidental-madrid-soutient-rabat-afin-de-mettre-fin-a-une-crise-diplomatique/
1043427912,20220509,AUTHORITIES,WESTERN SAHARA,,MAR,190,4,-10.0,-6.14801864801865,26.1147,-14.3892,4,https://www.echoroukonline.com/%D9%82%D8%B6%D9%8A%D8%A9-%D8%B3%D9%84%D8%B7%D8%A7%D9%86%D8%A9-%D8%AE%D9%8A%D8%A7-%D9%86%D8%A7%D8%B4%D8%B7%D8%A9-%D8%A3%D9%85%D8%B1%D9%8A%D9%83%D9%8A%D8%A9-%D8%AA%D8%AE%D9%88%D8%B6-%D8%A5%D8%B6%D8%B1
1043428045,20220509,WESTERN SAHARA,AUTHORITIES,MAR,,190,4,-10.0,-6.14801864801865,26.1147,-14.3892,4,https://www.echoroukonline.com/%D9%82%D8%B6%D9%8A%D8%A9-%D8%B3%D9%84%D8%B7%D8%A7%D9%86%D8%A9-%D8%AE%D9%8A%D8%A7-%D9%86%D8%A7%D8%B4%D8%B7%D8%A9-%D8%A3%D9%85%D8%B1%D9%8A%D9%83%D9%8A%D8%A9-%D8%AA%D8%AE%D9%88%D8%B6-%D8%A5%D8%B6%D8%B1
1029534201,20220222,ALGERIA,RABAT,DZA,MAR,190,4,-10.0,-2.02702702702703,25.0,-13.5,1,https://english.alaraby.co.uk/news/morocco-creates-new-military-zone-along-algeria-border
1018779522,20211212,MOROCCO,,MAR,,190,4,-10.0,-2.25898822780782,21.2167,-17.0167,4,https://allafrica.com/stories/202108310220.html
1026167683,20220202,ROMA,,ITA,,190,4,-10.0,-4.65116279069768,25.0,-13.5,1,http://lecourrier-dalgerie.com/il-mene-une-politique-dapartheid-a-lencontre-des-palestiniens-israel-epingle-par-amnesty-international/
1021055330,20211229,WESTERN SAHARA,ALGERIA,MAR,DZA,190,4,-10.0,-0.76745970836531,25.0,-13.5,1,http://lecourrier-dalgerie.com/diplomatie-algerienne-les-defis-exterieurs-de-2022/
1031407482,20220302,MOROCCO,,MAR,,190,4,-10.0,-6.21468926553673,25.0,-13.5,1,https://www.msn.com/en-us/news/world/western-sahara-situation-significantly-deteriorated-un-chief-says/ar-AAP59zb
1029514536,20220221,RABAT,ALGERIA,MAR,DZA,190,4,-10.0,-1.81818181818182,25.0,-13.5,1,https://english.ahram.org.eg/News/461496.aspx
1031387133,20220302,SPAIN,HOSPITAL,ESP,,192,4,-9.5,-5.58900885935769,25.0,-13.5,1,https://www.msn.com/en-us/news/world/about-2500-sub-saharan-migrants-storm-spain-s-melilla-border/ar-AAUvMR8
1019659650,20211217,,WESTERN SAHARA,,MAR,192,4,-9.5,-2.6406429391504,25.0,-13.5,1,https://www.aps.dz:443/monde/132853-le-conseil-de-securite-doit-inclure-un-chapitre-sur-les-droits-de-l-homme-dans-le-mandat-de-la-minurso
1025827948,20220131,ACTIVIST,WESTERN SAHARA,,MAR,190,4,-10.0,-0.847457627118651,25.0,-13.5,1,https://www.aps.dz/ar/monde/120520-2022-01-30-16-27-48
1021988378,20220105,SPAIN,RABAT,ESP,MAR,190,4,-10.0,-1.65745856353591,25.0,-13.5,1,https://english.alaraby.co.uk/news/morocco-says-german-president-invites-king-seal-new-partnership
1027565972,20220210,AUTHORITIES,,,,190,4,-10.0,-5.625,26.1147,-14.3892,4,https://www.echoroukonline.com/%D9%82%D9%85%D8%B9-%D9%85%D8%B8%D8%A7%D9%87%D8%B1%D8%A9-%D9%84%D9%84%D8%AA%D8%B6%D8%A7%D9%85%D9%86-%D9%85%D8%B9-%D8%B3%D9%84%D8%B7%D8%A7%D9%86%D8%A9-%D8%AE%D9%8A%D8%A7-%D8%A8%D8%A7%D9%84%D8%B9%D9%8A
1024893382,20220125,MOROCCAN,,MAR,,196,4,-9.5,-0.76142131979695,21.2167,-17.0167,4,https://www.greenleft.org.au/content/morocco-drives-war-western-sahara-its-phosphates
1038648016,20220410,SPAIN,MOROCCO,ESP,MAR,190,4,-10.0,0.26385224274406,25.0,-13.5,1,https://english.almayadeen.net/news/politics/polisario-front-severing-contacts-with-spanish-government
1049709813,20220616,EUROPEAN,WESTERN SAHARA,EUR,MAR,190,4,-10.0,-2.51813913785745,25.0,-13.5,1,https://www.echoroukonline.com/%D8%B3%D9%81%D9%8A%D8%B1-%D8%A7%D9%84%D8%AC%D8%B2%D8%A7%D8%A6%D8%B1-%D9%8A%D8%B1%D8%A7%D8%B3%D9%84-%D9%85%D8%AC%D9%84%D8%B3-%D8%A7%D9%84%D8%A3%D9%85%D9%86-%D8%B1%D8%AF%D8%A7-%D8%B9%D9%84%D9%89
1036301842,20220328,SPAIN,MOROCCO,ESP,MAR,190,4,-10.0,0.23923444976076,25.0,-13.5,1,https://www.euractiv.com/section/politics/news/morocco-germany-renew-ties-after-misunderstandings/
1047892772,20220605,AUTHORITIES,,,,190,4,-10.0,-5.80097087378641,26.1147,-14.3892,4,https://www.echoroukonline.com/%D9%88%D8%B5%D9%84%D8%AA-%D8%A5%D8%B3%D8%A8%D8%A7%D9%86%D9%8A%D8%A7-%D8%B3%D9%84%D8%B7%D8%A7%D9%86%D8%A9-%D8%AE%D9%8A%D8%A7-%D8%AA%D9%86%D8%AA%D8%B5%D8%B1-%D8%B9%D9%84%D9%89-%D8%A2%D9%84%D8%A9
1044991197,20220518,MOROCCO,,MAR,,180,4,-9.0,-6.25832223701731,26.1147,-14.3892,4,https://www.echoroukonline.com/%D8%A7%D9%84%D8%B5%D8%AD%D8%B1%D8%A7%D8%A1-%D8%A7%D9%84%D8%BA%D8%B1%D8%A8%D9%8A%D8%A9-%D8%B4%D8%A7%D8%AD%D9%86%D8%A9-%D8%AA%D8%B1%D8%AA%D8%B7%D9%85-%D8%A8%D9%85%D9%86%D8%B2%D9%84-%D8%B3%D9%84%D8%B7
1012778191,20211105,MOROCCO,ALGERIAN,MAR,DZA,180,4,-9.0,-5.43478260869565,25.0,-13.5,1,https://www.dostor.org/3618015
1010602740,20211022,WESTERN SAHARA,,MAR,,190,4,-10.0,-4.12573673870334,25.0,-13.5,1,https://www.tsa-algerie.com/sahara-occidental-lalgerie-rejette-definitivement-le-format-des-tables-rondes/
1013149801,20211108,WESTERN SAHARA,MAURITANIA,MAR,MRT,190,4,-10.0,-1.97132616487455,25.0,-13.5,1,https://www.lnr-dz.com/category/levenement/?edition=7205
1015517603,20211122,EUROPEAN,WORKER,EUR,,190,4,-10.0,-1.61290322580645,25.0,-13.5,1,https://www.alquds.co.uk/%D8%A7%D8%AA%D9%81%D8%A7%D9%82%D9%8A%D8%A9-%D8%A7%D9%84%D8%B5%D9%8A%D8%AF-%D8%A7%D9%84%D8%A8%D8%AD%D8%B1%D9%8A-%D8%A8%D9%8A%D9%86-%D8%A7%D9%84%D9%85%D8%BA%D8%B1%D8%A8-%D9%88%D8%A7%D9%84%D8%A7%D8%AA/
955870969,20201123,MOHAMED VI,WESTERN SAHARA,MAR,MAR,190,4,-10.0,-3.70722433460076,21.2167,-17.0167,4,http://www.lemaghrebdz.com/?page=detail_actualite&rubrique=Nation&id=99155&titre=Conflit%20du%20Sahara%20occidental%20:%20Pour%20l
959549816,20201214,MAURITANIA,MOROCCO,MRT,MAR,190,4,-10.0,-1.16175156389634,26.8161,-12.8083,4,https://www.vanguardngr.com/2020/12/western-saharas-sovereignty-and-united-states-decision/
955237149,20201119,LIBERATION MOVEMENT,,,,191,4,-9.5,-3.72771474878444,25.0,-13.5,1,https://www.dnevnik.si/1042943603/svet/zamrznjeni-konflikt-v-zahodni-sahari-se-zacenja-tajati
987363242,20210528,HUMAN RIGHTS GROUP,WESTERN SAHARA,,MAR,190,4,-10.0,-4.57317073170732,25.0,-13.5,1,https://www.euronews.com/2021/05/27/us-spain-polisario-court
967248888,20210131,MOROCCAN,,MAR,,190,4,-10.0,-2.79503105590062,25.0,-13.5,1,https://www.lnr-dz.com/2021/01/31/des-journalistes-et-academiciens-contredisent-la-propagande-mediatique-marocaine/
958992863,20201210,MOROCCAN,ACTIVIST,MAR,,190,4,-10.0,1.0,23.6609,-15.9532,4,https://cnnphilippines.com:443/world/2020/12/11/Trump-announces-Israel-and-Morocco-to-normalize-relations.html
988726066,20210606,SPANISH,,ESP,,1822,4,-9.0,-4.88888888888889,25.0,-13.5,1,https://www.spsrasd.info/news/en/articles/2021/06/05/33605.html
956935979,20201129,MOROCCAN,MILITARY,MAR,,192,4,-9.5,-5.35433070866142,27.135,-13.1625,4,https://www.iol.co.za/news/africa/the-winds-of-war-have-come-to-settle-in-the-sahara-6a956f89-d1ee-4ae1-9d27-bc8e7caa066b
984545775,20210512,,WESTERN SAHARA,,MAR,182,4,-9.5,-2.06185567010309,25.0,-13.5,1,https://www.aps.dz:443/monde/121696-global-liberty-alliance-alerte-washington-sur-les-violations-marocaines-des-droits-de-l-homme-au-sahara-occidental
958978405,20201210,WESTERN SAHARA,MILITANT,MAR,,193,4,-10.0,1.68831168831169,25.0,-13.5,1,"https://www.notretemps.com/afp/accord-historique-entre-israel-et-le-afp-202012,i233356"
994870288,20210714,CONSTITUENT,,,,190,4,-10.0,-10.2631578947368,26.1147,-14.3892,4,https://fr.allafrica.com/stories/202107140067.html
978117363,20210405,MOROCCAN,MILITARY,MAR,,190,4,-10.0,-5.37974683544304,25.0,-13.5,1,http://lecourrier-dalgerie.com/cinq-mois-de-guerre-au-sahara-occidental-larmee-marocaine-erige-des-checkpoints-pour-empecher-la-desertion-de-ses-soldats/
956550696,20201126,MOROCCO,REBEL,MAR,,190,4,-10.0,-10.3703703703704,27.135,-13.1625,4,http://english.ahram.org.eg/NewsContent/2/8/395651/World/Region/Morocco-upholds-jail-terms-for-Sahrawis-over--kill.aspx
959847859,20201216,JOURNALIST,,,,193,4,-10.0,-4.31070009321494,25.0,-13.5,1,https://news.yahoo.com/next-western-sahara-morocco-israel-021856039.html
961325738,20201224,MAURITANIA,MOROCCO,MRT,MAR,190,4,-10.0,0.9727626459144,25.0,-13.5,1,https://www.middleeasteye.net/news/us-consulate-disputed-western-sahara-pompeo
973987981,20210311,MOROCCO,,MAR,,190,4,-10.0,-7.29166666666666,21.2167,-17.0167,4,https://www.crisisgroup.org/middle-east-north-africa/north-africa/western-sahara
987936689,20210601,SPAIN,MOROCCO,ESP,MAR,190,4,-10.0,-6.23946037099494,25.0,-13.5,1,https://gate.ahram.org.eg/News/2753892.aspx
1038890737,20220411,MOROCCAN,CIVILIAN,MAR,,195,4,-10.0,-4.01069518716578,25.0,-13.5,1,https://www.rfi.fr/fr/afrique/20220411-sahara-occidental-le-revirement-diplomatique-de-madrid-met-%C3%A0-mal-ses-relations-avec-alger
1044741184,20220517,MOROCCO,CIVILIAN,MAR,,196,4,-9.5,-5.92160133444537,25.0,-13.5,1,http://www.spsrasd.info/news/en/articles/2022/05/17/39674.html
1043981873,20220512,EUROPEAN,WESTERN SAHARA,EUR,MAR,190,4,-10.0,-1.16731517509728,25.0,-13.5,1,https://www.echoroukonline.com/%D9%87%D9%88%D9%84%D9%86%D8%AF%D8%A7-%D8%AA%D9%86%D8%B4%D8%B1-%D8%A8%D9%8A%D8%A7%D9%86%D8%A7-%D8%AD%D9%88%D9%84-%D9%85%D9%88%D9%82%D9%81%D9%87%D8%A7-%D9%85%D9%86-%D9%82%D8%B6%D9%8A%D8%A9-%D8%A7%D9%84
988063196,20210602,,WESTERN SAHARA,,MAR,1822,4,-9.0,-4.44444444444445,25.0,-13.5,1,https://www.maravipost.com/western-sahara-polisario-head-brahim-ghali-testifies-from-hospital/
998150703,20210805,,ARMY UNIT,,,195,4,-10.0,-6.41711229946524,26.6792,-11.6781,4,https://allafrica.com/stories/202108050478.html
959435224,20201213,LIBYA,MILITARY WING,LBY,,190,4,-10.0,-3.08880308880309,25.0,-13.5,1,https://www.wsws.org/en/articles/2020/12/14/isra-d14.html
985731575,20210519,WESTERN SAHARA,WESTERN SAHARA,MAR,MAR,1822,4,-9.0,-10.8333333333334,25.0,-13.5,1,https://www.reuters.com/world/spain-high-court-issues-war-crime-case-summons-against-polisario-front-leader-2021-05-19/
967261567,20210201,WESTERN SAHARA,,MAR,,1822,4,-9.0,2.41379310344827,25.0,-13.5,1,https://fr.allafrica.com/stories/202102010023.html
932549361,20200701,UNITED NATIONS,,,,1822,4,-9.0,-7.45614035087716,25.0,-13.5,1,http://www.lemaghrebdz.com/?page=detail_actualite&rubrique=Maghreb&id=99858
961629337,20201228,MILITARY,MOROCCAN,,MAR,190,4,-10.0,-1.21297768356592,25.0,-13.5,1,http://lecourrier-dalgerie.com/2020/12/28/
956349445,20201125,WESTERN SAHARA,BUSINESS,MAR,,191,4,-9.5,-3.98724082934609,21.2167,-17.0167,4,https://en.qantara.de/content/western-sahara-flare-up-spells-gloom-for-buffer-zone-businesses
956394955,20201125,THE US,MOROCCAN,USA,MAR,196,4,-9.5,-5.62015503875969,21.2167,-17.0167,4,https://www.spsrasd.info/news/en/articles/2020/11/11/28370.html
961493742,20201226,CRIMINAL,OCCUPIED TERRITORIES,,PSE,195,4,-10.0,-4.53074433656958,25.0,-13.5,1,http://www.lexpressiondz.com/info-en-continu/la-ligue-des-journalistes-et-ecrivains-sahraouis-en-europe-condamne-l-agression-marocaine-barbare-contre-des-militants-sahraouis-324742
959582125,20201214,PALESTINIAN,WESTERN SAHARA,PSE,MAR,190,4,-10.0,0.40816326530612,25.0,-13.5,1,https://fr.allafrica.com/stories/202012141071.html
946486388,20200914,MOROCCO,MAURITANIA,MAR,MRT,190,4,-10.0,-0.65934065934066,25.0,-13.5,1,https://www.trtworld.com/magazine/convincing-morocco-to-normalise-ties-with-israel-won-t-be-easy-39746
985500753,20210518,SPAIN,MOROCCO,ESP,MAR,190,4,-10.0,-2.98452437911622,25.0,-13.5,1,https://www.chron.com/news/article/Spain-Morocco-square-off-after-6-000-migrants-16184453.php
987996366,20210601,RABAT,MADRID,MAR,ESP,190,4,-10.0,-5.79710144927536,25.0,-13.5,1,https://www.thetimes.co.uk/article/western-saharas-president-ghani-faces-court-from-hospital-bed-gb5whrlhk
973987985,20210311,RABAT,,MAR,,196,4,-9.5,-3.85326318782881,21.2167,-17.0167,4,https://www.crisisgroup.org/middle-east-north-africa/north-africa/western-sahara/b82-time-international-re-engagement-western-sahara
935691114,20200717,WESTERN SAHARA,,MAR,,192,4,-9.5,-3.07219662058372,27.244,-9.75166,4,http://fr.le360.ma/monde/le-polisario-annonce-des-cas-de-covid-19-a-lahmada-lalgerie-dement-219425
973282331,20210307,MOROCCO,MOROCCO,MAR,MAR,190,4,-10.0,-3.9877300613497,26.1147,-14.3892,4,https://www.spsrasd.info/news/en/articles/2021/03/06/31865.html
1004307789,20210915,,SEPARATIST,,,196,4,-9.5,-3.85674931129477,21.2167,-17.0167,4,https://punchng.com/morocco-names-new-army-commander/
1013284692,20211108,JOURNALIST,,,,193,4,-10.0,-3.54609929078014,25.0,-13.5,1,https://www.timesofisrael.com/whats-next-for-western-sahara-after-israel-morocco-deal/
1012527775,20211103,MOROCCAN,MOROCCO,MAR,MAR,194,4,-10.0,-10.5,25.0,-13.5,1,https://www.lebanon24.com/news/world-news/882227/%D8%A7%D9%84%D8%AC%D8%B2%D8%A7%D8%A6%D8%B1-%D8%AA%D8%B9%D9%84%D9%86-%D9%85%D9%82%D8%AA%D9%84-%D8%AB%D9%84%D8%A7%D8%AB%D8%A9-%D9%85%D9%86-%D9%85%D9%88%D8%A7%D8%B7%D9%86%D9%8A%D9%87%D8%A7
1012690676,20211104,WESTERN SAHARA,ALGERIA,MAR,DZA,195,4,-10.0,-7.35294117647059,25.0,-13.5,1,https://www.presstv.ir/Detail/2021/11/04/669905/Algeria-accuses-Morocco-of-deadly-airstrike-in-disputed-region
1002575453,20210904,MOROCCO,,MAR,,190,4,-10.0,-11.0497237569061,23.0833,-14.6833,4,https://www.telecinco.es/informativos/internacional/sultana-jaya-contagiada-coronavirus_18_3197521696.html
1009270061,20211014,THE EU,WESTERN SAHARA,EUR,MAR,190,4,-10.0,-3.9950602037666,27.135,-13.1625,4,https://www.crisisgroup.org/middle-east-north-africa/north-africa/western-sahara/227-relaunching-negotiations-over-western-sahara
1009621275,20211017,MILITARY,MOROCCO,,MAR,190,4,-10.0,-2.5974025974026,25.0,-13.5,1,http://www.aqlame.com/node/6562
1012506497,20211103,ALGERIAN,ALGERIA,DZA,DZA,190,4,-10.0,-4.06504065040651,25.0,-13.5,1,https://www.tsa-algerie.com/trois-algeriens-lachement-assassines-par-le-maroc-presidence/
1000780939,20210825,GAZA,,PSE,,1712,4,-9.2,-6.2780269058296,27.4143,-9.04784,4,https://www.lnr-dz.com/category/monde/?edition=7143
1001138830,20210826,WESTERN SAHARA,,MAR,,194,4,-10.0,-4.63576158940397,21.2167,-17.0167,4,https://frblogs.timesofisrael.com/maroc-algerie-demain-la-guerre/
1029621503,20220222,SEPARATIST,WESTERN SAHARA,,MAR,190,4,-10.0,-4.57516339869281,25.0,-13.5,1,https://www.lemonde.fr/afrique/article/2022/02/22/le-maroc-cree-une-region-militaire-a-sa-frontiere-avec-l-algerie_6114729_3212.html
1022428694,20220109,UNITED STATES,IRAQ,USA,IRQ,190,4,-10.0,-3.85852090032154,25.0,-13.5,1,https://poststar.com/opinion/commentary-u-s-western-sahara-stance-emboldens-putin/article_cd51df6f-9da8-5d2e-9d10-76bb74bcbc33.html
1028494163,20220215,MOROCCAN,,MAR,,196,4,-9.5,0.36258158085569,21.2167,-17.0167,4,https://goodmenproject.com/featured-content/morocco-drives-a-war-in-western-sahara-for-its-phosphates/
1024268567,20220121,MOROCCAN,,MAR,,196,4,-9.5,-0.74380165289256,21.2167,-17.0167,4,https://www.pressenza.com/2022/01/morocco-drives-a-war-in-western-sahara-for-its-phosphates/
975298328,20210318,,WESTERN SAHARA,,MAR,190,4,-10.0,-3.7344398340249,25.0,-13.5,1,https://www.aps.dz/monde/119362-des-organisations-protestent-contre-la-vente-d-un-navire-de-guerre-espagnol-au-maroc
966351212,20210126,MAURITANIA,THE UN,MRT,,194,4,-10.0,-1.16648992576882,21.2167,-17.0167,4,https://www.trtworld.com/opinion/biden-will-alter-rhetoric-but-won-t-change-course-on-western-sahara-43595
968622189,20210208,WESTERN SAHARA,,MAR,,1822,4,-9.0,-6.5123010130246,25.0,-13.5,1,https://www.aps.dz/monde/117254-des-experts-de-l-onu-appellent-a-la-liberation-immediate-d-un-journaliste-sahraoui-arrete-par-le-maroc
982938878,20210403,MORROCAN,POLICE CHIEF,MAR,,190,4,-10.0,-1.19402985074626,25.0,-13.5,1,https://news.antiwar.com/2021/05/02/biden-wont-reverse-trumps-western-sahara-move/
973036829,20210305,ISRAELI,EGYPT,ISR,EGY,190,4,-10.0,0.97965335342879,25.0,-13.5,1,https://www.theafricareport.com/70321/morocco-algeria-military-leaders-in-the-shadows/
959435371,20201213,MILITARY WING,ALGERIA,,DZA,190,4,-10.0,-3.08880308880309,25.0,-13.5,1,https://www.wsws.org/en/articles/2020/12/14/isra-d14.html
957297020,20201201,MOROCCO,KINGDOM,MAR,,192,4,-9.5,0.77881619937695,21.2167,-17.0167,4,https://fr.allafrica.com/stories/202012010635.html
908690949,20200227,ACTIVIST,JOURNALIST,,,180,4,-9.0,-4.98753117206983,25.0,-13.5,1,https://www.lemaghrebdz.com/?page=detail_actualite&rubrique=Maghreb&id=98919
903191957,20200202,MOROCCO,,MAR,,190,4,-10.0,-0.72202166064982,27.135,-13.1625,4,http://www.rfi.fr/fr/afrique/20200202-maroc-poursuit-offensive-diplomatique-sahara-occidental
985892053,20210420,WESTERN SAHARA,SPANISH,MAR,ESP,190,4,-10.0,-4.05594405594406,25.0,-13.5,1,https://www.mysanantonio.com/news/article/EXPLAINER-Spain-s-migrant-crisis-in-North-Africa-16187418.php
941242428,20200817,NIGER,BURKINA FASO,NER,BFA,190,4,-10.0,-7.08604483007954,25.0,-13.5,1,https://www.thenewhumanitarian.org/analysis/2020/08/17/Burkina-Faso-Sahel-conflict-ISIS-al-Qaeda
978631301,20210407,POLICE,,,,180,4,-9.0,-5.44303797468355,21.2167,-17.0167,4,https://fr.globalvoices.org/2021/04/07/263926/
997639742,20210801,ABDULLAH,,SAU,,190,4,-10.0,-4.3956043956044,25.0,-13.5,1,https://www.aps.dz/monde/125577-deces-du-militant-abdallah-lahbib-la-presidence-sahraouie-decrete-un-deuil-d-une-semaine
985707888,20210419,WESTERN SAHARA,SPANISH,MAR,ESP,190,4,-10.0,-4.09887195577469,25.0,-13.5,1,https://www.titusvilleherald.com/news/article_3c4dcd7d-55ed-5920-84d7-5a17a89a076d.html
977970090,20210403,MILITARY,MOROCCO,,MAR,190,4,-10.0,-8.9579524680073,27.135,-13.1625,4,https://allafrica.com/stories/202104030246.html
972403095,20210302,WESTERN SAHARA,,MAR,,190,4,-10.0,-3.67008681925809,21.2167,-17.0167,4,https://www.theafricareport.com/69335/morocco-algeria-western-sahara-conflict-shows-signs-of-escalation/
1057594060,20220807,AMNESTY INTERNATIONAL,WESTERN SAHARA,,MAR,180,4,-9.0,-4.13363533408834,26.1147,-14.3892,4,http://honisoit.com/2022/08/sons-of-the-clouds-oral-tradition-and-resistance-in-africas-last-colony/
904958966,20200210,BURKINA FASSO,,BFA,,190,4,-10.0,-2.23529411764705,25.0,-13.5,1,http://www.aps.dz/algerie/101395-le-sommet-de-l-ua-marque-le-retour-de-l-algerie-sur-la-scene-africaine
910274634,20200304,WESTERN SAHARA,LIBYA,MAR,LBY,190,4,-10.0,-5.86956521739131,25.0,-13.5,1,https://24.ae/article/554289/%D8%A7%D9%84%D8%AA%D9%83%D9%81%D9%8A%D8%B1%D9%8A-%D8%A3%D8%A8%D9%88%D8%B9%D9%85%D8%B1-%D9%86%D9%87%D8%A7%D9%8A%D8%A9-%D8%A3%D9%85%D9%8A%D8%B1-%D8%A7%D9%84%D8%A5%D8%B1%D9%87%D8%A7%D8%A8-%D8%A8%D9%85%D8%B5%D8%B1
958778365,20201209,,WESTERN SAHARA,,MAR,190,4,-10.0,-2.43902439024391,25.0,-13.5,1,https://www.spsrasd.info/news/fr/articles/2020/12/09/29444.html
965199534,20210119,MOROCCAN,,MAR,,190,4,-10.0,-3.67775831873906,25.0,-13.5,1,https://www.lnr-dz.com/2021/01/19/le-maroc-exerce-des-pressions-sur-lespagne-pour-emboiter-le-pas-a-trump/
964038533,20210113,MOROCCAN,,MAR,,190,4,-10.0,-1.07719928186715,25.0,-13.5,1,https://www.lnr-dz.com/2021/01/12/ghali-salue-la-resistance-du-peuple-sahraoui-face-a-loccupant-marocain/
956216028,20201124,FIGHTER,ARMY,,,190,4,-10.0,-4.31211498973306,25.0,-13.5,1,https://www.ennaharonline.com/%D8%A7%D9%84%D9%85%D8%BA%D8%B1%D8%A8-%D9%8A%D9%8F%D8%AE%D9%81%D9%8A-%D9%82%D8%AA%D9%84%D8%A7%D9%87-%D8%A8%D8%B9%D8%A8%D8%A7%D8%B1%D8%A9-%D9%82%D9%8F%D8%AA%D9%84-%D8%A8%D9%84%D8%B3%D8%B9%D8%A9-%D8%AD/
965299810,20210120,TIJUANA,SAN DIEGO,MEX,USA,192,4,-9.5,-2.66565118050267,25.0,-13.5,1,https://www.telegraph.co.uk/travel/activity-and-adventure/praise-borders-eight-cross-die-shot/
985968652,20210520,RABAT,MADRID,MAR,ESP,190,4,-10.0,-5.54785020804438,25.0,-13.5,1,https://www.bangkokpost.com/world/2118955/clashes-on-morocco-border-as-madrid-accuses-rabat-of-blackmail
958518123,20201208,ARMY,MOROCCAN,,MAR,190,4,-10.0,-3.33333333333334,26.6792,-11.6781,4,http://www.aps.dz/en/world/36910-sahrawi-army-continues-attacks-on-moroccan-occupation-sites-for-25th-day
1013261090,20211108,,ARMY,,,190,4,-10.0,-4.98737373737374,25.0,-13.5,1,https://www.echoroukonline.com/%D8%B5%D8%AD%D9%81-%D8%B9%D8%A8%D8%B1%D9%8A%D8%A9-%D8%A7%D9%84%D8%B1%D8%A8%D8%A7%D8%B7-%D8%AA%D8%B1%D9%8A%D8%AF-%D8%A7%D9%84%D9%82%D8%A8%D8%A9-%D8%A7%D9%84%D8%AD%D8%AF%D9%8A%D8%AF%D9%8A%D8%A9-%D9%84
1007330950,20211003,,MOROCCO,,MAR,190,4,-10.0,-6.21468926553673,25.0,-13.5,1,http://www.msn.com/en-us/news/world/western-sahara-situation-significantly-deteriorated-un-chief-says/ar-AAP59zb
1012527773,20211103,MOROCCAN,,MAR,,194,4,-10.0,-10.5,25.0,-13.5,1,https://www.lebanon24.com/news/world-news/882227/%D8%A7%D9%84%D8%AC%D8%B2%D8%A7%D8%A6%D8%B1-%D8%AA%D8%B9%D9%84%D9%86-%D9%85%D9%82%D8%AA%D9%84-%D8%AB%D9%84%D8%A7%D8%AB%D8%A9-%D9%85%D9%86-%D9%85%D9%88%D8%A7%D8%B7%D9%86%D9%8A%D9%87%D8%A7
1003368994,20210909,WESTERN SAHARA,,MAR,,180,4,-9.0,-6.19195046439629,25.0,-13.5,1,https://www.aps.dz/monde/127190-la-normalisation-des-relations-israelo-marocaines-est-tournee-contre-l-algerie
1013021066,20211106,MIGRANT,SPANISH,,ESP,192,4,-9.5,-5.35248041775457,25.0,-13.5,1,https://www.deccanherald.com/international/world-news-politics/why-is-the-western-sahara-conflict-heating-up-1047912.html
1013284875,20211108,REBEL,,,,194,4,-10.0,-5.88235294117647,21.2167,-17.0167,4,https://www.middleeasteye.net/news/western-sahara-rebels-attack-warn-morocco-escalation-polisario-front
1007215325,20211002,WESTERN SAHARA,,MAR,,194,4,-10.0,-5.85858585858586,21.2167,-17.0167,4,https://www.aljazeera.com/news/2021/1/24/western-sahara-rebels-attack-moroccos-guerguerat-border
1005228970,20210921,SECURITY FORCE,,,,182,4,-9.5,-7.38193489225126,27.135,-13.1625,4,https://www.lawfareblog.com/western-sahara-biden-administration-and-human-rights
1002705792,20210906,SPECIAL FORCES,,,,180,4,-9.0,-7.17781402936379,26.1147,-14.3892,4,http://lecourrier-dalgerie.com/la-militante-sultana-khaya-affectee-par-la-covid-19-continue-a-subir-la-violence-des-forces-marocaines-brahim-ghali-saisit-et-interpelle-le-sg-de-lonu/
1005228696,20210921,,WESTERN SAHARA,,MAR,180,4,-9.0,-7.38193489225126,27.135,-13.1625,4,https://www.lawfareblog.com/western-sahara-biden-administration-and-human-rights
1002456967,20210903,CHAMBER,,,,190,4,-10.0,-0.42016806722689,25.0,-13.5,1,http://fr.le360.ma/politique/elections-2021-voici-comment-le-pjd-a-deja-perdu-la-bataille-de-la-deuxieme-chambre-245034
1004930861,20210919,AFRICA,MILITANT,AFR,,190,4,-10.0,-4.48717948717949,25.0,-13.5,1,https://www.sabcnews.com/sabcnews/french-minister-in-mali-to-pressure-junta-over-russian-mercenaries/
1009270287,20211014,WESTERN SAHARA,,MAR,,192,4,-9.5,-3.9950602037666,27.135,-13.1625,4,https://www.crisisgroup.org/middle-east-north-africa/north-africa/western-sahara/227-relaunching-negotiations-over-western-sahara
997639433,20210801,,WESTERN SAHARA,,MAR,190,4,-10.0,-4.3956043956044,25.0,-13.5,1,https://www.aps.dz/monde/125577-deces-du-militant-abdallah-lahbib-la-presidence-sahraouie-decrete-un-deuil-d-une-semaine
961580709,20201227,FIGHTER,WESTERN SAHARA,,MAR,190,4,-10.0,-4.96277915632754,25.0,-13.5,1,http://alwasat.ly/news/international/305645
928815414,20200611,MIGRANT,EUROPE,,EUR,192,4,-9.5,-11.1262077294686,25.0,-13.5,1,https://www.prokerala.com/news/articles/a1051230.html
960432179,20201219,CIVILIAN,WESTERN SAHARA,,MAR,191,4,-9.5,-4.97131931166348,21.2167,-17.0167,4,https://www.naija247news.com/2020/12/19/rights-advocate-slams-morocco-for-cracking-down-on-activists-in-western-sahara/
1006882848,20210930,,MOROCCAN,,MAR,193,4,-10.0,-3.43007915567282,25.0,-13.5,1,http://www.slateafrique.com/1044561/sahara-occidental-echanges-de-tirs-entre-larmee-marocaine-et-le-polisario
1002456566,20210903,,CHAMBER,,,190,4,-10.0,-0.42016806722689,25.0,-13.5,1,http://fr.le360.ma/politique/elections-2021-voici-comment-le-pjd-a-deja-perdu-la-bataille-de-la-deuxieme-chambre-245034
1013956040,20211112,CIVILIAN,CIVILIAN,,,192,4,-9.5,1.16618075801749,25.0,-13.5,1,"http://orientxxi.info/magazine/sahara-occidental-le-maroc-peche-en-eau-trouble-l-union-europeenne-finance,5178"
1001697348,20210830,SPAIN,,ESP,,192,4,-9.5,-1.5576323987539,25.0,-13.5,1,https://www.infomigrants.net/en/post/34703/spain-stops-350-migrants-from--scaling-melilla-fence
1012384048,20211102,WESTERN SAHARA,,MAR,,190,4,-10.0,-2.96610169491526,25.0,-13.5,1,https://www.lnr-dz.com/category/monde/?edition=7201
1013956041,20211112,CIVILIAN,CIVILIAN,,,192,4,-9.5,1.16618075801749,25.0,-13.5,1,"http://orientxxi.info/magazine/sahara-occidental-le-maroc-peche-en-eau-trouble-l-union-europeenne-finance,5178"
1013284881,20211108,REBEL,PRESS AGENCY,,,190,4,-10.0,-5.88235294117647,21.2167,-17.0167,4,https://www.middleeasteye.net/news/western-sahara-rebels-attack-warn-morocco-escalation-polisario-front
985671080,20210519,SPAIN,MOROCCO,ESP,MAR,190,4,-10.0,-3.03030303030303,25.0,-13.5,1,https://www.nytimes.com/2021/05/18/briefing/gaza-crisis-spain-migrants-coronavirus.html
961493957,20201226,MOROCCO,POLICE,MAR,,190,4,-10.0,-4.53074433656958,25.0,-13.5,1,http://www.lexpressiondz.com/info-en-continu/la-ligue-des-journalistes-et-ecrivains-sahraouis-en-europe-condamne-l-agression-marocaine-barbare-contre-des-militants-sahraouis-324742
979412319,20210412,MALI,,MLI,,181,4,-9.0,-2.7972027972028,25.0,-13.5,1,http://koulouba.com/politique/transition-malienne-les-elections-sont-elles-une-%E2%80%89priorite-absolue%E2%80%89%E2%80%89
963664996,20210111,MOROCCAN,,MAR,,190,4,-10.0,0.40485829959514,25.0,-13.5,1,https://www.lnr-dz.com/category/monde/?edition=6957
951160188,20201011,PRESIDENT,WESTERN SAHARA,,MAR,190,4,-10.0,-3.31325301204819,25.0,-13.5,1,http://www.lemaghrebdz.com/?page=detail_actualite&rubrique=Maghreb&id=98872
964633334,20210116,NIGER,BURKINA FASO,NER,BFA,190,4,-10.0,-7.08604483007954,25.0,-13.5,1,https://www.thenewhumanitarian.org/2020/08/17/burkina-faso-s-new-conflict-front-jihadists-against-jihadists
954915843,20201117,WESTERN SAHARA,,MAR,,190,4,-10.0,-1.82926829268292,25.0,-13.5,1,https://www.alquds.co.uk/%D9%85%D9%86%D9%81%D8%B0-%D8%A7%D9%84%D9%83%D8%B1%D9%83%D8%B1%D8%A7%D8%AA-%D9%8A%D8%B9%D9%88%D8%AF-%D9%84%D9%86%D8%B4%D8%A7%D8%B7%D9%87-%D8%A7%D9%84%D9%83%D8%A7%D9%85%D9%84-%D9%88%D8%A7%D9%84%D9%85/
983896773,20210508,MOROCCO,GERMANY,MAR,DEU,193,4,-10.0,-2.08986415882968,25.0,-13.5,1,https://www.msn.com/en-za/news/other/tensions-rise-between-morocco-and-germany/ar-BB1gvgaM
983918962,20210508,MOROCCAN,,MAR,,192,4,-9.5,-5.40540540540541,26.1147,-14.3892,4,https://fr.allafrica.com/stories/202105080229.html
1001697577,20210830,MOROCCAN,,MAR,,192,4,-9.5,-1.5576323987539,25.0,-13.5,1,https://www.infomigrants.net/en/post/34703/spain-stops-350-migrants-from--scaling-melilla-fence
1012917037,20211105,MILITARY,,,,190,4,-10.0,-1.19047619047619,25.0,-13.5,1,https://www.lnr-dz.com/2021/11/05/le-maroc-porte-lentiere-responsabilite-de-son-acte-et-de-ses-consequences-sur-la-paix-et-la-stabilite-de-la-region/
1013039781,20211106,ALGERIA,MOROCCO,DZA,MAR,190,4,-10.0,-3.56853203568532,25.0,-13.5,1,https://www.elperiodico.com/es/internacional/20211106/marruecos-conflicto-argelia-soberania-sahara-occidental-12726642
1012756275,20211104,MOROCCAN,ALGERIAN,MAR,DZA,190,4,-10.0,-2.11640211640212,25.0,-13.5,1,https://www.tsa-algerie.com/assassinat-de-3-algeriens-lalgerie-saisit-lonu-et-lua/
1015247573,20211119,MOROCCO,WESTERN SAHARA,MAR,MAR,180,4,-9.0,-6.03015075376884,26.1147,-14.3892,4,https://www.echoroukonline.com/%D9%82%D8%B6%D9%8A%D8%A9-%D8%B3%D9%84%D8%B7%D8%A7%D9%86%D8%A9-%D8%AE%D9%8A%D8%A7-%D9%85%D9%86%D8%B8%D9%85%D8%A9-%D8%A3%D9%85%D8%B1%D9%8A%D9%83%D9%8A%D8%A9-%D8%AA%D8%AF%D8%B9%D9%88-%D8%A7%D9%84%D9%85
984072821,20210510,PALESTINIAN,ISRAEL,PSE,ISR,190,4,-10.0,-5.25087514585765,25.0,-13.5,1,https://www.24heures.ch/la-justice-reporte-une-audience-cle-apres-un-week-end-tendu-410784045532
958506802,20201208,NAMIBIA,,NAM,,190,4,-10.0,-1.86335403726708,25.0,-13.5,1,https://fr.allafrica.com/stories/202012080930.html
981764758,20210426,WESTERN SAHARA,COMMANDER,MAR,,190,4,-10.0,-6.84713375796181,25.0,-13.5,1,https://www.newdelhitimes.com/rebel-polisario-commander-death-likely-to-stoke-tensions-in-western-sahara/
960369873,20201218,HUMAN RIGHTS GROUP,,,,175,4,-9.0,-1.9620253164557,27.135,-13.1625,4,https://peoplesworld.org/article/trump-inflames-western-sahara-conflict-by-validating-moroccos-occupation/
955355739,20201119,MOROCCAN,,MAR,,190,4,-10.0,-5.74712643678161,21.2167,-17.0167,4,http://english.ahram.org.eg/NewsContent/2/8/394200/World/Region/Polisario-says-pounds-Morocco-defensive-wall-in-WS.aspx
987838189,20210531,REFUGEE,,,,192,4,-9.5,0.0,25.0,-13.5,1,https://reliefweb.int/job/3742526/appel-d-offres-pour-une-tude-sur-la-jeunesse-dans-les-camps-de-r-fugi-s-sahraouis-r-f
985645205,20210519,MOROCCO,SPAIN,MAR,ESP,190,4,-10.0,-2.47524752475247,25.0,-13.5,1,https://borneobulletin.com.bn/spain-morocco-square-off-6000-migrants-arrive-sea-2/
965994552,20210124,REBEL,PRESS AGENCY,,,194,4,-10.0,-6.38984167569855,21.2167,-17.0167,4,http://www.msn.com/en-us/news/world/w-sahara-rebels-launch-attack-warn-morocco-of-escalation/ar-BB1d2QUk
940554802,20200813,MOROCCO,MOROCCAN,MAR,MAR,190,4,-10.0,1.30151843817787,25.0,-13.5,1,http://www.aps.dz/monde/108564-l-ambassadeur-sahraoui-en-algerie-salue-le-soutien-de-l-algerie-a-la-cause-sahraouie
958978554,20201210,MILITANT,WESTERN SAHARA,,MAR,193,4,-10.0,1.68831168831169,25.0,-13.5,1,"https://www.notretemps.com/afp/accord-historique-entre-israel-et-le-afp-202012,i233356"
955449509,20201120,MOROCCAN,AFRICA,MAR,AFR,181,4,-9.0,4.07124681933842,25.0,-13.5,1,https://www.iol.co.za/news/politics/saharawi-ambassador-calls-for-support-solidarity-at-pretoria-credentials-ceremony--06c47914-9621-40a8-98f3-db8402c00851
985565505,20210518,SPAIN,MOROCCO,ESP,MAR,190,4,-10.0,-4.88301119023398,25.0,-13.5,1,https://www.nytimes.com/2021/05/18/world/europe/spain-migrants-ceuta-morocco.html
963480133,20210109,MOROCCAN,ACTIVIST,MAR,,190,4,-10.0,0.77821011673151,23.6609,-15.9532,4,https://www.fox10tv.com/news/us_world_news/trump-announces-israel-and-morocco-to-normalize-relations/article_86ba065c-7263-5575-8cbf-3461d52c12a7.html
1048931324,20220611,,AUTHORITIES,,,190,4,-10.0,-6.14239181014425,26.1147,-14.3892,4,https://www.echoroukonline.com/%D8%A7%D9%84%D9%86%D8%B8%D8%A7%D9%85-%D8%A7%D9%84%D9%85%D8%BA%D8%B1%D8%A8%D9%8A-%D9%8A%D9%88%D8%A7%D8%AC%D9%87-4-%D8%A7%D8%AA%D9%87%D8%A7%D9%85%D8%A7%D8%AA-%D8%A8%D8%AA%D8%B9%D8%B0%D9%8A%D8%A8-%D9%86
1048725124,20220610,WESTERN SAHARA,,MAR,,190,4,-10.0,-8.17438692098092,25.0,-13.5,1,https://www.rfi.fr/fr/afrique/20220610-le-maroc-vis%C3%A9-par-une-nouvelle-s%C3%A9rie-de-plaintes-de-prisonniers-sahraouis
1044741182,20220517,MOROCCO,CIVILIAN,MAR,,190,4,-10.0,-5.92160133444537,25.0,-13.5,1,http://www.spsrasd.info/news/en/articles/2022/05/17/39674.html
1041646823,20220428,POPULATION,AFRICA,,AFR,190,4,-10.0,-2.23214285714286,25.0,-13.5,1,https://thewire.in/world/spain-sahrawi-people-right-self-determination-betray
1047503237,20220602,ACTIVIST,,,,1821,4,-9.0,0.30674846625767,26.1147,-14.3892,4,https://www.aps.dz:443/monde/140604-la-militante-sahraouie-sultana-khaya-chaleureusement-accueillie-a-l-aeroport-de-las-palmas
1043428047,20220509,MOROCCO,WESTERN SAHARA,MAR,MAR,180,4,-9.0,-6.14801864801865,26.1147,-14.3892,4,https://www.echoroukonline.com/%D9%82%D8%B6%D9%8A%D8%A9-%D8%B3%D9%84%D8%B7%D8%A7%D9%86%D8%A9-%D8%AE%D9%8A%D8%A7-%D9%86%D8%A7%D8%B4%D8%B7%D8%A9-%D8%A3%D9%85%D8%B1%D9%8A%D9%83%D9%8A%D8%A9-%D8%AA%D8%AE%D9%88%D8%B6-%D8%A5%D8%B6%D8%B1
908686579,20200227,ACTIVIST,JOURNALIST,,,180,4,-9.0,-5.04950495049505,25.0,-13.5,1,http://lecourrier-dalgerie.com/a-lapproche-du-44e-anniversaire-de-la-rasd-la-repression-coloniale-marocaine-sintensifie/
909112766,20200228,MERCENARIES,VENEZUELAN,,VEN,190,4,-10.0,-5.12322628827484,25.0,-13.5,1,https://reliefweb.int/report/world/human-rights-council-starts-interactive-dialogue-special-rapporteur-torture-and-other
1011349740,20211027,,MOROCCO,,MAR,190,4,-10.0,-5.34979423868312,25.0,-13.5,1,https://www.crisisgroup.org/europe-central-asia/war-and-peace-s3-episode-4
1013088413,20211107,MOROCCO,MOROCCO,MAR,MAR,180,4,-9.0,-7.14285714285714,25.0,-13.5,1,https://www.akhersaa-dz.com/2021/11/07/%D8%A7%D9%84%D8%A3%D9%85%D9%85-%D8%A7%D9%84%D9%85%D8%AA%D8%AD%D8%AF%D8%A9-%D8%AA%D9%81%D9%86%D8%AF-%D8%A7%D9%84%D8%A3%D9%83%D8%A7%D8%B0%D9%8A%D8%A8-%D8%A7%D9%84%D9%85%D8%BA%D8%B1%D8%A8%D9%8A%D8%A9/
1001138828,20210826,MOROCCO,,MAR,,190,4,-10.0,-4.63576158940397,21.2167,-17.0167,4,https://frblogs.timesofisrael.com/maroc-algerie-demain-la-guerre/
1013439367,20211109,WESTERN SAHARA,ALGERIA,MAR,DZA,190,4,-10.0,-3.97923875432526,25.0,-13.5,1,https://24.ae/article/670455/39/%D9%84%D9%88%D9%81%D9%8A%D8%BA%D8%A7%D8%B1%D9%88-%D9%87%D9%84-%D8%AA%D9%86%D8%AF%D9%84%D8%B9-%D8%AD%D8%B1%D8%A8-%D8%A8%D9%8A%D9%86-%D8%A7%D9%84%D9%85%D8%BA%D8%B1%D8%A8-%D9%88%D8%A7%D9%84%D8%AC%D8%B2%D8%A7%D8%A6%D8%B1-
1009570779,20211016,WESTERN SAHARA,,MAR,,190,4,-10.0,-3.66719242902208,21.2167,-17.0167,4,https://www.theafricareport.com/69335/morocco-algeria-western-sahara-conflict-shows-signs-of-escalation/
1010244010,20211020,WESTERN SAHARA,,MAR,,190,4,-10.0,-2.52427184466019,23.6609,-15.9532,4,https://www.tsa-algerie.com/consulat-americain-a-dakhla-desillusion-pour-le-maroc/
1010883789,20211025,CIVILIAN,WESTERN SAHARA,,MAR,1712,4,-9.2,-3.84271671134942,26.1147,-14.3892,4,https://www.hrw.org/news/2021/03/05/western-sahara-harassment-independence-activist
1005228997,20210921,SECURITY FORCE,WESTERN SAHARA,,MAR,171,4,-9.2,-7.38193489225126,27.135,-13.1625,4,https://www.lawfareblog.com/western-sahara-biden-administration-and-human-rights
1024893383,20220125,MOROCCAN,,MAR,,196,4,-9.5,-0.76142131979695,21.2167,-17.0167,4,https://www.greenleft.org.au/content/morocco-drives-war-western-sahara-its-phosphates
1030004574,20220224,MOROCCO,MOROCCAN,MAR,MAR,192,4,-9.5,-6.95970695970696,23.6609,-15.9532,4,https://www.pressenza.com/2022/02/western-sahara-occupation-forces-sweep-through-dakhla-after-several-days-of-demonstrations/
1024902508,20220125,MOROCCO,WESTERN SAHARA,MAR,MAR,180,4,-9.0,-6.53663679493938,26.1147,-14.3892,4,https://www.echoroukonline.com/%D8%A7%D9%84%D8%B5%D8%AD%D8%B1%D8%A7%D8%A1-%D8%A7%D9%84%D8%BA%D8%B1%D8%A8%D9%8A%D8%A9-%D8%A7%D9%84%D8%B1%D8%A8%D8%A7%D8%B7-%D8%AA%D9%88%D8%AC%D9%87-%D8%AA%D9%87%D9%85%D8%A9-%D8%BA%D8%B1%D9%8A%D8%A8
1010349565,20211021,,ARMY,,,190,4,-10.0,-5.00736377025037,25.0,-13.5,1,https://www.echoroukonline.com/%D8%B7%D8%A7%D8%A6%D8%B1%D8%A7%D8%AA-%D8%A8%D8%AF%D9%88%D9%86-%D8%B7%D9%8A%D8%A7%D8%B1-%D9%85%D8%BA%D8%B1%D8%A8%D9%8A%D8%A9-%D8%AA%D9%82%D8%B5%D9%81-%D9%85%D8%AF%D9%86%D9%8A%D9%8A%D9%86-%D8%B5%D8%AD
1013261514,20211108,MOROCCAN,,MAR,,190,4,-10.0,-4.98737373737374,25.0,-13.5,1,https://www.echoroukonline.com/%D8%B5%D8%AD%D9%81-%D8%B9%D8%A8%D8%B1%D9%8A%D8%A9-%D8%A7%D9%84%D8%B1%D8%A8%D8%A7%D8%B7-%D8%AA%D8%B1%D9%8A%D8%AF-%D8%A7%D9%84%D9%82%D8%A8%D8%A9-%D8%A7%D9%84%D8%AD%D8%AF%D9%8A%D8%AF%D9%8A%D8%A9-%D9%84
1013088412,20211107,MOROCCO,MOROCCO,MAR,MAR,180,4,-9.0,-7.14285714285714,25.0,-13.5,1,https://www.akhersaa-dz.com/2021/11/07/%D8%A7%D9%84%D8%A3%D9%85%D9%85-%D8%A7%D9%84%D9%85%D8%AA%D8%AD%D8%AF%D8%A9-%D8%AA%D9%81%D9%86%D8%AF-%D8%A7%D9%84%D8%A3%D9%83%D8%A7%D8%B0%D9%8A%D8%A8-%D8%A7%D9%84%D9%85%D8%BA%D8%B1%D8%A8%D9%8A%D8%A9/
1014227248,20211114,MOROCCAN,MOROCCO,MAR,MAR,1822,4,-9.0,-5.48112058465286,25.0,-13.5,1,https://lemaghreb.dz/?page=detail_actualite&rubrique=Maghreb&id=100193
1012513781,20211103,MOROCCO,ALGERIAN,MAR,DZA,190,4,-10.0,-4.66200466200466,25.0,-13.5,1,https://www.france24.com/fr/afrique/20211103-sahara-occidental-trois-alg%C3%A9riens-tu%C3%A9s-dans-un-bombardement-attribu%C3%A9-au-maroc
1012513784,20211103,MOROCCO,ALGERIA,MAR,DZA,190,4,-10.0,-4.66200466200466,25.0,-13.5,1,https://www.france24.com/fr/afrique/20211103-sahara-occidental-trois-alg%C3%A9riens-tu%C3%A9s-dans-un-bombardement-attribu%C3%A9-au-maroc
1000799582,20210825,MOROCCO,,MAR,,190,4,-10.0,-3.6144578313253,25.0,-13.5,1,http://lecourrier-dalgerie.com/lalgerie-rompt-ses-relations-diplomatiques-avec-le-maroc-il-etait-temps/
961097331,20201223,ARMY,,,,190,4,-10.0,-3.21100917431192,25.0,-13.5,1,http://www.elbilad.net/article/detail?id=112200
961086639,20201223,WESTERN SAHARA,,MAR,,190,4,-10.0,0.12539184952978,25.0,-13.5,1,https://www.alzaytouna.net/2020/12/23/%D8%A7%D9%84%D8%AA%D9%82%D8%AF%D9%8A%D8%B1-%D8%A7%D9%84%D8%A7%D8%B3%D8%AA%D8%B1%D8%A7%D8%AA%D9%8A%D8%AC%D9%8A-123-%D8%A7%D9%84%D9%85%D8%B3%D8%A7%D8%B1%D8%A7%D8%AA-%D8%A7%D9%84%D9%85%D8%AD%D8%AA/
998151454,20210805,MOROCCO,LIBERATION ARMY,MAR,,190,4,-10.0,-6.41711229946524,26.6792,-11.6781,4,https://allafrica.com/stories/202108050478.html
956726418,20201127,MOROCCAN,MOROCCAN,MAR,MAR,190,4,-10.0,-8.65603644646925,27.135,-13.1625,4,https://www.la-croix.com/Monde/condamnation-Sahraouis-confirme-dysfonctionnements-justice-marocaine-2020-11-27-1201126983
987676995,20210530,ALGERIA,,DZA,,1822,4,-9.0,-3.70644922164567,25.0,-13.5,1,http://fr.le360.ma/politique/brahim-ghali-devant-la-justice-le-recit-dun-fiasco-signe-alger-madrid-239402
988029085,20210601,MADRID,RABAT,ESP,MAR,190,4,-10.0,-5.75539568345324,25.0,-13.5,1,https://www.thetimes.co.uk/article/western-sahara-s-president-brahim-ghali-faces-court-from-hospital-bed-gb5whrlhk
959149012,20201211,AUTHORITIES,MOROCCO,,MAR,190,4,-10.0,-2.30473751600512,26.1147,-14.3892,4,https://www.bbc.com/arabic/middleeast-54930223
963163101,20210107,,MOROCCO,,MAR,190,4,-10.0,-7.38577298153557,23.6609,-15.9532,4,https://www.crisisgroup.org/crisiswatch/january-2021-alerts-and-december-trends-2020
955789776,20201122,MOROCCAN,,MAR,,190,4,-10.0,-6.30797773654916,25.0,-13.5,1,http://www.liberte-algerie.com/international/le-front-polisario-maintient-la-pression-sur-les-forces-marocaines-349378
960281854,20201218,THE SECURITY COUNCIL,MOROCCAN,,MAR,180,4,-9.0,-3.97350993377483,25.0,-13.5,1,http://www.aps.dz/monde/114466-l-armee-sahraouie-poursuit-ses-attaques-contre-les-positions-marocaines
985644664,20210519,SPAIN,MOROCCO,ESP,MAR,190,4,-10.0,-2.47524752475247,25.0,-13.5,1,https://borneobulletin.com.bn/spain-morocco-square-off-6000-migrants-arrive-sea-2/
1016894796,20211130,,WESTERN SAHARA,,MAR,192,4,-9.5,-2.16606498194946,25.0,-13.5,1,https://www.lopinion.fr/international/lalgerie-est-prete-a-faire-la-guerre-au-maroc-sil-le-faut
1024268568,20220121,MOROCCAN,,MAR,,196,4,-9.5,-0.74380165289256,21.2167,-17.0167,4,https://www.pressenza.com/2022/01/morocco-drives-a-war-in-western-sahara-for-its-phosphates/
1016552058,20211128,ARMY,MOROCCAN,,MAR,190,4,-10.0,-3.5,25.0,-13.5,1,https://www.ennaharonline.com/%D9%85%D8%AF%D9%81%D8%B9%D9%8A%D8%A9-%D8%A7%D9%84%D8%A8%D9%88%D9%84%D9%8A%D8%B2%D8%A7%D8%B1%D9%8A%D9%88-%D8%AA%D8%B3%D8%AA%D9%85%D8%B1-%D9%81%D9%8A-%D9%82%D8%B5%D9%81-%D9%82%D9%88-%D8%A7%D9%84%D9%85/
1025309659,20220127,AUTHORITIES,WESTERN SAHARA,,MAR,190,4,-10.0,-5.3921568627451,26.1147,-14.3892,4,https://www.echoroukonline.com/%D8%A7%D9%84%D8%B5%D8%AD%D8%B1%D8%A7%D8%A1-%D8%A7%D9%84%D8%BA%D8%B1%D8%A8%D9%8A%D8%A9-%D8%A3%D9%83%D8%AB%D8%B1-%D9%85%D9%86-300-%D9%85%D9%86%D8%B8%D9%85%D8%A9-%D8%AF%D9%88%D9%84%D9%8A%D8%A9-%D8%AA
1025309817,20220127,MOROCCO,WESTERN SAHARA,MAR,MAR,180,4,-9.0,-5.3921568627451,26.1147,-14.3892,4,https://www.echoroukonline.com/%D8%A7%D9%84%D8%B5%D8%AD%D8%B1%D8%A7%D8%A1-%D8%A7%D9%84%D8%BA%D8%B1%D8%A8%D9%8A%D8%A9-%D8%A3%D9%83%D8%AB%D8%B1-%D9%85%D9%86-300-%D9%85%D9%86%D8%B8%D9%85%D8%A9-%D8%AF%D9%88%D9%84%D9%8A%D8%A9-%D8%AA
960567626,20201220,,WESTERN SAHARA,,MAR,190,4,-10.0,-3.53356890459364,25.0,-13.5,1,http://www.liberte-algerie.com/international/larmee-sahraouie-poursuit-son-offensive-contre-rabat-350996
956837690,20201128,FIGHTER,,,,195,4,-10.0,-0.58823529411765,25.0,-13.5,1,http://www.liberte-algerie.com/international/bahrein-ouvrira-un-consulat-au-sahara-occidental-349721
962511820,20210103,MOROCCAN,,MAR,,190,4,-10.0,-3.86473429951691,25.0,-13.5,1,http://www.aps.dz/monde/115374-l-apls-poursuit-ses-attaques-contre-des-positions-de-l-armee-d-occupation-marocaine
955197572,20201119,FRANCE,THE SECURITY COUNCIL,FRA,,181,4,-9.0,-2.05607476635514,25.0,-13.5,1,http://lecourrier-dalgerie.com/abdelaziz-rahabi-diplomate-et-ancien-ministre-le-conseil-de-securite-pris-en-otage-par-la-france-et-les-etats-unis/
960163169,20201217,HUMAN RIGHTS GROUP,MOROCCO,,MAR,175,4,-9.0,-1.94601381042059,27.135,-13.1625,4,https://www.peoplesworld.org/article/trump-inflames-western-sahara-conflict-by-validating-moroccos-occupation/
973174986,20210306,MOROCCAN,MOROCCO,MAR,MAR,190,4,-10.0,-3.9877300613497,26.1147,-14.3892,4,http://www.spsrasd.info/news/en/articles/2021/03/06/31865.html
997401797,20210729,,WESTERN SAHARA,,MAR,180,4,-9.0,-5.20361990950226,26.8161,-12.8083,4,https://www.middleeastmonitor.com/20210730-spain-drops-genocide-case-against-polisario-leader/
959160403,20201211,MOROCCAN,,MAR,,190,4,-10.0,-4.13793103448276,27.4143,-9.04784,4,https://fr.allafrica.com/stories/202012110909.html
959273721,20201212,WESTERN SAHARA,LOW LEVEL INSURGENCY,MAR,,190,4,-10.0,-1.52143845089903,25.0,-13.5,1,https://www.albawaba.com/news/palestinians-lash-out-morocco-israel-normalization-ties-1398436
932560651,20200701,WESTERN SAHARA,AL QAEDA,MAR,,190,4,-10.0,-4.87380330722368,25.0,-13.5,1,https://allafrica.com/stories/202007010016.html
985722129,20210519,SPANISH,EUROPEAN,ESP,EUR,192,4,-9.5,-5.45169060507667,25.0,-13.5,1,https://www.wandsworthguardian.co.uk/news/national/19313223.spains-african-enclave-struggles-handle-migrant-influx/
988031020,20210601,PROSECUTOR,,,,1822,4,-9.0,-7.03971119133574,25.0,-13.5,1,https://www.dw.com/en/spanish-court-refuses-to-jail-polisario-front-leader/a-57749598
997639443,20210801,,ABDULLAH,,SAU,190,4,-10.0,-4.3956043956044,25.0,-13.5,1,https://www.aps.dz/monde/125577-deces-du-militant-abdallah-lahbib-la-presidence-sahraouie-decrete-un-deuil-d-une-semaine
988102409,20210602,JUDGE,,,,1822,4,-9.0,-5.38922155688623,25.0,-13.5,1,https://fr.allafrica.com/stories/202106020149.html
957415004,20201202,APACHE,BUSINESS,,,191,4,-9.5,-3.87277019262892,21.2167,-17.0167,4,https://www.france24.com/en/live-news/20201202-w-sahara-flare-up-spells-gloom-for-buffer-zone-businesses
1038553044,20220409,,SPANISH,,ESP,190,4,-10.0,0.0,25.0,-13.5,1,https://allafrica.com/stories/202204090104.html
1041626605,20220428,WESTERN SAHARA,,MAR,,195,4,-10.0,-4.96794871794872,25.0,-13.5,1,http://lecourrier-dalgerie.com/lance-dans-une-propagande-qui-vise-a-discrediter-la-minurso-le-maroc-rattrape-par-ses-mensonges/
1038207177,20220407,GUERRILLA,MAURITANIA,,MRT,190,4,-10.0,-3.23660714285715,25.0,-13.5,1,https://www.washingtontimes.com/news/2022/apr/7/russians-and-world-could-learn-diplomacy-morocco/
1038710239,20220410,MOROCCO,AUTHORITIES,MAR,,190,4,-10.0,-1.3727560718057,26.1147,-14.3892,4,https://www.bbc.com/arabic/middleeast-44023401
1000663108,20210823,,NIGER,,NER,190,4,-10.0,-4.43349753694581,27.135,-13.1625,4,http://koulouba.com/crise-malienne/terrorisme-dans-le-sahel-adnane-abou-walid-al-sahraoui-fondateur-et-chef-de-leigs-aurait-ete-tue-dimanche-entre-menaka-et-le-niger
1015969718,20211124,ALGERIA,MOROCCO,DZA,MAR,190,4,-10.0,0.48076923076924,25.0,-13.5,1,https://news.yahoo.com/israel-morocco-publicize-once-secret-170434267.html
999609788,20210817,ISRAEL,,ISR,,182,4,-9.5,-0.1171875,25.0,-13.5,1,https://frblogs.timesofisrael.com/le-maroc-et-israel-passent-a-la-vitesse-superieure/
1013000168,20211106,TUNIS,MOROCCO,TUN,MAR,190,4,-10.0,-4.33369447453954,23.6609,-15.9532,4,https://www.rfi.fr/en/why-is-the-western-sahara-conflict-heating-up
999278192,20210814,MOROCCAN,MILITARY,MAR,,193,4,-10.0,-3.65744870651204,21.2167,-17.0167,4,https://www.fairobserver.com/region/middle_east_north_africa/gabriel-davis-western-sahara-polisario-front-trump-biden-administrations-us-morocco-relations-news-12127/
959702104,20201215,,WESTERN SAHARA,,MAR,190,4,-10.0,-5.01567398119123,25.0,-13.5,1,http://www.aps.dz/monde/114258-185-bombardements-contre-10-positions-militaires-de-l-occupation-en-un-mois
965995215,20210124,MOROCCO,MOROCCAN,MAR,MAR,193,4,-10.0,-1.82648401826484,25.0,-13.5,1,https://www.alalamtv.net/news/5403981/%D9%82%D9%88%D8%A7%D8%AA-%D8%A7%D9%84%D8%A8%D9%88%D9%84%D9%8A%D8%B3%D8%A7%D8%B1%D9%8A%D9%88-%D8%AA%D8%B9%D9%84%D9%86-%D9%82%D8%B5%D9%81-%D9%85%D9%86%D8%B7%D9%82%D8%A9-%D8%A7%D9%84%D9%83%D8%B1%D9%83%D8%B1%D8%A7%D8%AA
955870968,20201123,MOHAMED VI,SETTLEMENT,MAR,,190,4,-10.0,-3.70722433460076,21.2167,-17.0167,4,http://www.lemaghrebdz.com/?page=detail_actualite&rubrique=Nation&id=99155&titre=Conflit%20du%20Sahara%20occidental%20:%20Pour%20l
956935977,20201129,MOROCCAN,THE UN,MAR,,196,4,-9.5,-5.35433070866142,21.2167,-17.0167,4,https://www.iol.co.za/news/africa/the-winds-of-war-have-come-to-settle-in-the-sahara-6a956f89-d1ee-4ae1-9d27-bc8e7caa066b
961621804,20201228,MOROCCAN,,MAR,,190,4,-10.0,-2.65957446808511,25.0,-13.5,1,https://fr.allafrica.com/stories/202012270149.html
956123086,20201124,MOROCCAN,MILITARY,MAR,,190,4,-10.0,-1.84873949579831,25.0,-13.5,1,http://www.aps.dz/monde/113234-le-mae-mauritanien-recoit-son-homologue-sahraoui
959296868,20201112,MAURITANIA,FIGHTER,MRT,,190,4,-10.0,-6.80587780355762,25.0,-13.5,1,https://www.middleeasteye.net/news/western-sahara-activists-call-release-citizen-journalist-campaigners
928915484,20200612,WESTERN SAHARA,JOURNALIST,MAR,,180,4,-9.0,-5.86956521739131,25.0,-13.5,1,https://fr.allafrica.com/stories/202006120026.html
955126174,20201118,RABAT,,MAR,,193,4,-10.0,-5.50724637681159,21.2167,-17.0167,4,https://lta.reuters.com/article/us-morocco-westernsahara-idUSKBN27U0GE
960051833,20201217,,AMERICAN,,USA,192,4,-9.5,-0.29411764705883,25.0,-13.5,1,http://lecourrier-dalgerie.com/selon-john-bolton-ancien-conseiller-a-la-securite-joe-biden-pourrait-annuler-la-decision-de-trump/
942820379,20200825,POLICE,,,,193,4,-10.0,-5.0,25.0,-13.5,1,https://www.lacote.ch/articles/monde/etats-unis-des-milliers-de-personnes-exigent-que-justice-soit-faite-pour-jacob-blake-968784
959435031,20201213,ALGERIA,MILITARY WING,DZA,,190,4,-10.0,-3.08880308880309,25.0,-13.5,1,https://www.wsws.org/en/articles/2020/12/14/isra-d14.html
908690948,20200227,ACTIVIST,JOURNALIST,,,180,4,-9.0,-4.98753117206983,25.0,-13.5,1,https://www.lemaghrebdz.com/?page=detail_actualite&rubrique=Maghreb&id=98919
897341971,20200107,BURUNDI,CIVILIAN,BDI,,190,4,-10.0,-7.64484058964691,26.0928,-10.6089,4,https://www.crisisgroup.org/crisiswatch/crisiswatch-january-2020-alerts-and-december-2019-trends
999971110,20210819,MOROCCO,,MAR,,190,4,-10.0,-6.01503759398496,25.0,-13.5,1,https://www.aps.dz/monde/126366-l-apls-mene-de-nouvelles-attaques-contre-les-positions-des-forces-d-occupation-marocaines
1006718979,20210929,MAURITANIA,THE UN,MRT,,194,4,-10.0,-1.16648992576882,21.2167,-17.0167,4,https://www.trtworld.com/opinion/biden-will-alter-rhetoric-but-won-t-change-course-on-western-sahara-43595
1013050865,20211107,ALGERIAN,WESTERN SAHARA,DZA,MAR,190,4,-10.0,-4.65116279069767,25.0,-13.5,1,https://fr.allafrica.com/stories/202111070025.html
1013039898,20211106,MOROCCO,ALGERIA,MAR,DZA,190,4,-10.0,-3.56853203568532,25.0,-13.5,1,https://www.elperiodico.com/es/internacional/20211106/marruecos-conflicto-argelia-soberania-sahara-occidental-12726642
1009270283,20211014,WESTERN SAHARA,,MAR,,190,4,-10.0,-3.9950602037666,23.6609,-15.9532,4,https://www.crisisgroup.org/middle-east-north-africa/north-africa/western-sahara/227-relaunching-negotiations-over-western-sahara
1009570717,20211016,STATE OWNED TELEVISION,WESTERN SAHARA,,MAR,190,4,-10.0,-3.66719242902208,21.2167,-17.0167,4,https://www.theafricareport.com/69335/morocco-algeria-western-sahara-conflict-shows-signs-of-escalation/
1007466540,20211004,,MOROCCO,,MAR,190,4,-10.0,-3.95136778115502,25.0,-13.5,1,https://www.uae71.com/posts/95183
1015883076,20211124,,ISRAELI,,ISR,190,4,-10.0,-2.19178082191781,23.6609,-15.9532,4,https://www.france24.com/fr/afrique/20211124-le-ministre-isra%C3%A9lien-de-la-d%C3%A9fense-benny-gantz-au-maroc-pour-une-visite-historique
1013747194,20211111,WESTERN SAHARA,,MAR,,190,4,-10.0,-3.67231638418079,25.0,-13.5,1,https://lemaghreb.dz/?page=detail_actualite&rubrique=Maghreb&id=100156
1015655883,20211123,POLICE OFFICER,,,,193,4,-10.0,-3.33919156414763,25.0,-13.5,1,http://lecourrier-dalgerie.com/alors-quil-veut-fourguer-sa-technologie-et-son-savoir-faire-au-maroc-le-tsahal-impuissant-devant-la-resistance-palestinienne/
1013284874,20211108,REBEL,,,,190,4,-10.0,-5.88235294117647,21.2167,-17.0167,4,https://www.middleeasteye.net/news/western-sahara-rebels-attack-warn-morocco-escalation-polisario-front
1009270285,20211014,WESTERN SAHARA,,MAR,,192,4,-9.5,-3.9950602037666,27.135,-13.1625,4,https://www.crisisgroup.org/middle-east-north-africa/north-africa/western-sahara/227-relaunching-negotiations-over-western-sahara
1015883386,20211124,WESTERN SAHARA,ISRAEL,MAR,ISR,190,4,-10.0,-2.19178082191781,23.6609,-15.9532,4,https://www.france24.com/fr/afrique/20211124-le-ministre-isra%C3%A9lien-de-la-d%C3%A9fense-benny-gantz-au-maroc-pour-une-visite-historique
961086217,20201223,,WESTERN SAHARA,,MAR,190,4,-10.0,0.12539184952978,25.0,-13.5,1,https://www.alzaytouna.net/2020/12/23/%D8%A7%D9%84%D8%AA%D9%82%D8%AF%D9%8A%D8%B1-%D8%A7%D9%84%D8%A7%D8%B3%D8%AA%D8%B1%D8%A7%D8%AA%D9%8A%D8%AC%D9%8A-123-%D8%A7%D9%84%D9%85%D8%B3%D8%A7%D8%B1%D8%A7%D8%AA-%D8%A7%D9%84%D9%85%D8%AD%D8%AA/
985697728,20210519,MIGRANT,MOROCCO,,MAR,192,4,-9.5,-4.33070866141732,25.0,-13.5,1,https://www.france24.com/en/europe/20210519-spanish-pm-visits-ceuta-after-record-8000-migrants-enter-from-morocco
989715722,20210611,PRISONER,PRISON,,,1711,4,-9.2,-8.88888888888892,25.0,-13.5,1,https://article.wn.com/view/2021/06/11/Morocco_Western_Sahara_Sahrawi_activist_detained_incommunica/
985697722,20210519,MIGRANT,MOROCCAN,,MAR,192,4,-9.5,-4.33070866141732,25.0,-13.5,1,https://www.france24.com/en/europe/20210519-spanish-pm-visits-ceuta-after-record-8000-migrants-enter-from-morocco
973987980,20210311,MOROCCAN,,MAR,,190,4,-10.0,-7.29166666666666,21.2167,-17.0167,4,https://www.crisisgroup.org/middle-east-north-africa/north-africa/western-sahara
954028973,20201104,,MOROCCO,,MAR,190,4,-10.0,-2.38095238095238,25.0,-13.5,1,http://spsrasd.info/news/fr/articles/2020/11/02/28236.html
959273719,20201212,WESTERN SAHARA,LOW LEVEL INSURGENCY,MAR,,190,4,-10.0,-1.52143845089903,25.0,-13.5,1,https://www.albawaba.com/news/palestinians-lash-out-morocco-israel-normalization-ties-1398436
987975705,20210601,SPANISH,WESTERN SAHARA,ESP,MAR,1822,4,-9.0,-7.37327188940092,25.0,-13.5,1,https://www.rfi.fr/fr/afrique/20210601-espagne-le-chef-du-front-polisario-est-libre-de-quitter-le-pays
964738337,20210116,MOROCCAN,,MAR,,190,4,-10.0,-7.70491803278689,25.0,-13.5,1,https://www.lnr-dz.com/2021/01/16/la-desinformation-est-le-pilier-de-la-politique-de-propagande-du-makhzen/
957420091,20201202,REBEL,BUSINESS,,,191,4,-9.5,-4.75285171102661,21.2167,-17.0167,4,https://www.al-monitor.com/pulse/afp/2020/12/wsahara-conflict-morocco.html
959009365,20201211,MOROCCAN,ACTIVIST,MAR,,190,4,-10.0,0.77519379844961,23.6609,-15.9532,4,https://www.kten.com/story/43040060/trump-announces-israel-and-morocco-to-normalize-relations
956991230,20201129,MOROCCO,THE UN,MAR,,191,4,-9.5,-2.83975659229209,21.2167,-17.0167,4,https://www.scoop.co.nz/stories/PO2011/S00218/western-sahara-campaign-nz-offers-solidarity-to-the-people-of-western-sahara.htm
956561552,20201126,REBEL,MOROCCO,,MAR,190,4,-10.0,-17.5675675675676,25.0,-13.5,1,https://www.themalaysianinsight.com/s/286970
955473048,20201120,,MOROCCAN,,MAR,193,4,-10.0,-5.60606060606061,25.0,-13.5,1,https://www.la-croix.com/Monde/Le-conflit-ravive-Sahara-occidental-2020-11-20-1201125631
982865037,20210502,,WESTERN SAHARA,,MAR,1821,4,-9.0,-3.07262569832402,25.0,-13.5,1,http://fr.le360.ma/politique/juste-avant-son-arrivee-en-espagne-brahim-ghali-faisait-lobjet-dune-ordonnance-dun-juge-madrilene-237857
956394522,20201125,MOROCCO,THE US,MAR,USA,196,4,-9.5,-5.62015503875969,21.2167,-17.0167,4,https://www.spsrasd.info/news/en/articles/2020/11/11/28370.html
986280453,20210522,SPAIN,,ESP,,192,4,-9.5,-3.21100917431192,25.0,-13.5,1,https://www.trtworld.com/europe/spain-sends-6-600-migrants-back-to-morocco-as-relatives-search-for-children-46909
974397051,20210314,MOROCCAN,CIVILIAN,MAR,,190,4,-10.0,0.0,25.0,-13.5,1,http://lecourrier-dalgerie.com/question-sahraouie-le-senat-espagnol-adopte-une-motion-de-soutien-a-la-solution-politique/
985553570,20210518,MOROCCAN,MIGRANT,MAR,,192,4,-9.5,-4.33884297520661,25.0,-13.5,1,https://www.ibtimes.com/spain-vows-restore-order-ceuta-after-record-migrant-influx-3201062
985553580,20210518,MOROCCAN,MIGRANT,MAR,,192,4,-9.5,-4.33884297520661,25.0,-13.5,1,https://www.ibtimes.com/spain-vows-restore-order-ceuta-after-record-migrant-influx-3201062
971802212,20210226,MILITARY,,,,190,4,-10.0,-1.875,26.8161,-12.8083,4,https://www.aps.dz/monde/118252-proclamation-de-la-rasd-des-acquis-politiques-et-diplomatiques-sur-fond-de-victoires-militaires
988023011,20210601,,WESTERN SAHARA,,MAR,1822,4,-9.0,-4.3574535389482,25.0,-13.5,1,https://www.msn.com/en-xl/africa/other/western-sahara-polisario-head-brahim-ghali-testifies-from-hospital/ar-AAKBH8M
958365676,20201207,SOUTH AFRICAN,MOROCCAN,ZAF,MAR,190,4,-10.0,-0.90293453724605,25.0,-13.5,1,http://www.aps.dz/en/world/36893-au-summit-broad-african-support-to-sahrawi-people-s-self-determination
985732027,20210419,WESTERN SAHARA,SPANISH,MAR,ESP,190,4,-10.0,-3.87596899224806,25.0,-13.5,1,https://www.expressandstar.com/news/world-news/2021/05/19/what-is-behind-the-surge-in-migrants-reaching-spains-ceuta-enclave/
928915483,20200612,MOROCCAN,MOROCCO,MAR,MAR,1711,4,-9.2,-5.86956521739131,25.0,-13.5,1,https://fr.allafrica.com/stories/202006120026.html
945370164,20200908,PROTESTER,,,,175,4,-9.0,-7.49542961608773,27.135,-13.1625,4,http://www.aps.dz/monde/109474-l-ong-wsrw-appelle-a-la-liberation-immediate-des-prisonniers-de-gdeim-izik
961441207,20201226,,MOROCCO,,MAR,190,4,-10.0,-2.00803212851406,25.0,-13.5,1,http://lecourrier-dalgerie.com/son-retour-au-pays-donnera-un-coup-daccelerateur-a-plusieurs-chantiers-les-dossiers-qui-attendent-le-president/
956935981,20201129,MOROCCAN,THE UN,MAR,,196,4,-9.5,-5.35433070866142,21.2167,-17.0167,4,https://www.iol.co.za/news/africa/the-winds-of-war-have-come-to-settle-in-the-sahara-6a956f89-d1ee-4ae1-9d27-bc8e7caa066b
975419356,20210319,BUSINESS,,,,190,4,-10.0,0.67178502879078,25.0,-13.5,1,http://www.elbilad.net/article/detail?id=114273
982938879,20210403,MORROCAN,POLICE CHIEF,MAR,,190,4,-10.0,-1.19402985074626,25.0,-13.5,1,https://news.antiwar.com/2021/05/02/biden-wont-reverse-trumps-western-sahara-move/
969023837,20210210,WESTERN SAHARA,,MAR,,190,4,-10.0,-2.1079258010118,26.6792,-11.6781,4,https://www.lnr-dz.com/2021/02/10/lonu-doit-defendre-le-droit-a-lautodetermination-lun-de-ses-principes-fondamentaux/
955560020,20201120,,ALGERIA,,DZA,192,4,-9.5,-2.45614035087719,21.2167,-17.0167,4,https://fr.hespress.com/175877-le-maroc-a-dejoue-le-projet-dimplantation-dune-base-militaire-algerienne-sur-locean-atlantique.html
964745850,20210117,MOROCCAN,,MAR,,190,4,-10.0,-7.59717314487632,25.0,-13.5,1,http://lecourrier-dalgerie.com/mustapha-adib-ex-officier-de-larmee-de-lair-marocaine-le-moral-des-troupes-est-en-dessous-de-zero/
959574494,20201214,MAURITANIA,ALGERIA,MRT,DZA,190,4,-10.0,-2.92397660818713,25.0,-13.5,1,https://www.radioislam.org.za/a/listen-mohamed-yeslem-beissat-its-shameful-western-sahara-doesnt-belong-to-trump-to-give-away-to-morocco/
960281966,20201218,WESTERN SAHARA,,MAR,,190,4,-10.0,-3.97350993377483,25.0,-13.5,1,http://www.aps.dz/monde/114466-l-armee-sahraouie-poursuit-ses-attaques-contre-les-positions-marocaines
972123546,20210301,EMBASSY,UNITED NATIONS,,,196,4,-9.5,0.64102564102564,25.0,-13.5,1,http://www.spsrasd.info/news/en/articles/2021/03/01/31712.html
987363130,20210528,WESTERN SAHARA,HUMAN RIGHTS GROUP,MAR,,1822,4,-9.0,-4.57317073170732,25.0,-13.5,1,https://www.euronews.com/2021/05/27/us-spain-polisario-court
975001933,20210317,POLICE FORCE,MILITANT,,,190,4,-10.0,-7.38786279683377,25.0,-13.5,1,https://en.royanews.tv/news/26281/2021-03-17
993120633,20210702,MADRID,MOROCCO,ESP,MAR,190,4,-10.0,-3.05676855895196,25.0,-13.5,1,https://www.laprensalatina.com/guterres-urges-political-dialogue-on-western-sahara/
969126076,20210211,REFUGEE,,,,192,4,-9.5,-1.98863636363637,26.6792,-11.6781,4,https://fr.allafrica.com/stories/202102110418.html
958992984,20201210,ACTIVIST,MOROCCAN,,MAR,190,4,-10.0,1.0,23.6609,-15.9532,4,https://cnnphilippines.com:443/world/2020/12/11/Trump-announces-Israel-and-Morocco-to-normalize-relations.html
959009541,20201211,ACTIVIST,MOROCCAN,,MAR,190,4,-10.0,0.77519379844961,23.6609,-15.9532,4,https://www.kten.com/story/43040060/trump-announces-israel-and-morocco-to-normalize-relations
1060642887,20220829,,ETHIOPIA,,ETH,195,4,-10.0,-9.44206008583694,25.0,-13.5,1,http://tnlivenews.in/unicef-slams-ethiopia-air-strike-that-hit-kindergarten-france-24-english/
1061733919,20220906,SEPARATIST,WESTERN SAHARA,,MAR,190,4,-10.0,-4.00667779632721,25.0,-13.5,1,https://www.voaafrique.com/a/sahara-occidental-une-guerre-d-usure-diplomatique-fait-craindre-une-d%C3%A9flagration/6732905.html
1060057599,20220824,WESTERN SAHARA,,MAR,,190,4,-10.0,-1.01010101010101,25.0,-13.5,1,https://www.algerie-focus.com/larmee-sahraouie-continue-de-bombarder-les-forces-marocaines/
1059616659,20220822,SPAIN,MOROCCO,ESP,MAR,190,4,-10.0,0.90634441087613,25.0,-13.5,1,https://en.qantara.de/content/moroccos-king-mohammed-vi-calls-for-unequivocal-support-over-western-sahara-issue
1061534202,20220905,REUTERS,WESTERN SAHARA,USA,MAR,190,4,-10.0,-1.20311394196745,21.2167,-17.0167,4,https://atalayar.com/en/content/polisario-front-calls-greater-un-forcefulness-western-sahara-during-staffan-de-mistura
1061534201,20220905,REUTERS,WESTERN SAHARA,USA,MAR,190,4,-10.0,-1.20311394196745,21.2167,-17.0167,4,https://atalayar.com/en/content/polisario-front-calls-greater-un-forcefulness-western-sahara-during-staffan-de-mistura
982757930,20210501,,SEPARATIST,,,1821,4,-9.0,-10.4651162790698,25.0,-13.5,1,https://www.africaguinee.com/articles/2021/05/01/brahim-ghali-le-chef-des-separatistes-du-polisario-accuse-de-viol
956289670,20201125,FRANCE,THE SECURITY COUNCIL,FRA,,181,4,-9.0,-4.61538461538461,21.2167,-17.0167,4,https://www.thedefensepost.com/2020/11/23/western-sahara-frustration-status-quo/
985780132,20210519,MIGRANT,MOROCCAN,,MAR,192,4,-9.5,-3.3603707995365,25.0,-13.5,1,https://www.modernghana.com/news/1082245/spain-denounces-moroccos-disrepect-to-eu-after.html
931950362,20200627,UNITED NATIONS,,,,1822,4,-9.0,-7.55395683453238,25.0,-13.5,1,http://www.elmoudjahid.com/fr/actualites/155627
957627646,20201203,MOROCCAN,,MAR,,190,4,-10.0,-5.47945205479453,25.0,-13.5,1,https://fr.allafrica.com/stories/202012030056.html
956289673,20201125,FRANCE,MOROCCO,FRA,MAR,181,4,-9.0,-4.61538461538461,21.2167,-17.0167,4,https://www.thedefensepost.com/2020/11/23/western-sahara-frustration-status-quo/
969679881,20210215,ACTIVIST,MOROCCO,,MAR,190,4,-10.0,-5.82120582120582,25.0,-13.5,1,https://fr.allafrica.com/stories/202102150053.html
972713880,20210304,MOROCCAN,,MAR,,190,4,-10.0,-3.06122448979592,25.0,-13.5,1,https://lemaghreb.dz/?page=detail_actualite&rubrique=Maghreb&id=97956
987030492,20210526,MOROCCO,ACTIVIST,MAR,,180,4,-9.0,-12.0370370370371,26.1147,-14.3892,4,https://article.wn.com/view/2021/05/26/Morocco_WesternSahara_Further_information_Sahrawi_activist_a/
958365207,20201207,MOROCCAN,SOUTH AFRICAN,MAR,ZAF,190,4,-10.0,-0.90293453724605,25.0,-13.5,1,http://www.aps.dz/en/world/36893-au-summit-broad-african-support-to-sahrawi-people-s-self-determination
958320526,20201207,NAMIBIA,,NAM,,190,4,-10.0,-1.90217391304348,25.0,-13.5,1,http://www.aps.dz/monde/113856-ua-sommet-large-soutien-africain-a-l-autodetermination-du-peuple-sahraoui
965376671,20210120,MILITARY,MOROCCO,,MAR,190,4,-10.0,-1.16666666666667,25.0,-13.5,1,https://fr.sputniknews.com/afrique/202101201045103618-qui-est-le-general-makri-nomme-chef-du-service-de-renseignement-exterieur-algerien/
968075098,20210205,WESTERN SAHARA,KING,MAR,,186,4,-10.0,-0.95652173913044,25.0,-13.5,1,https://www.vanguardngr.com/2021/02/a-people-united-conversations-with-the-saharawi-foreign-minister/
960262038,20201218,SECURITY FORCE,,,,175,4,-9.0,-3.75203915171289,26.1147,-14.3892,4,https://www.hrw.org/news/2020/12/18/western-sahara-morocco-cracks-down-activists
965994545,20210124,REBEL,,,,190,4,-10.0,-6.38984167569855,21.2167,-17.0167,4,http://www.msn.com/en-us/news/world/w-sahara-rebels-launch-attack-warn-morocco-of-escalation/ar-BB1d2QUk
969614283,20210214,MOROCCAN,,MAR,,182,4,-9.5,-5.58659217877095,26.1147,-14.3892,4,https://www.aps.dz:443/monde/117550-la-militante-sahraouie-soltana-khaya-plus-que-jamais-disposee-a-poursuivre-la-lutte
958293277,20201207,MOROCCO,MOROCCAN,MAR,MAR,190,4,-10.0,-3.55029585798817,22.5367,-14.294,4,https://allafrica.com/stories/202012070643.html
1029690364,20220222,WESTERN SAHARA,MOROCCAN,MAR,MAR,190,4,-10.0,-3.99590163934426,25.0,-13.5,1,https://sante.journaldesfemmes.fr/fiches-maladies/2782423-droit-a-l-oubli-et-cancer-definition-nouveautes-duree-assurance-emprunteur-2022-5-ans-has/
1017035473,20211201,MOROCCO,MOROCCO,MAR,MAR,180,4,-9.0,-5.83994232155731,26.1147,-14.3892,4,https://www.echoroukonline.com/%D9%82%D8%B6%D9%8A%D8%A9-%D8%B3%D9%84%D8%B7%D8%A7%D9%86%D8%A9-%D8%AE%D9%8A%D8%A7-%D8%A7%D9%84%D8%B9%D9%81%D9%88-%D8%A7%D9%84%D8%AF%D9%88%D9%84%D9%8A%D8%A9-%D8%AA%D9%81%D8%B6%D8%AD-%D8%B1%D9%88%D8%A7
1021919855,20220105,ABDULLAH,WESTERN SAHARA,SAU,MAR,1822,4,-9.0,-9.83050847457631,27.135,-13.1625,4,https://fr.allafrica.com/stories/202201050207.html
1018344232,20211209,LIBYA,MOROCCO,LBY,MAR,190,4,-10.0,-4.80880648899189,27.135,-13.1625,4,https://www.middleeasteye.net/news/morocco-western-sahara-polisario-war-rockets-drones
1012778190,20211105,MOROCCO,ALGERIAN,MAR,DZA,180,4,-9.0,-5.43478260869565,25.0,-13.5,1,https://www.dostor.org/3618015
1012985808,20211106,CYPRIOT,TURKISH,CYP,TUR,190,4,-10.0,2.7027027027027,25.0,-13.5,1,https://www.bignewsnetwork.com/news/271665372/un-hopes-new-special-representative-to-visit-cyprus-soon
1009881698,20211018,WESTERN SAHARA,,MAR,,190,4,-10.0,-1.60256410256411,25.0,-13.5,1,https://www.crisisgroup.org/ar/middle-east-north-africa/north-africa/western-sahara/227-relaunching-negotiations-over-western-sahara
1013123050,20211107,WESTERN SAHARA,,MAR,,190,4,-10.0,-2.32153221125943,25.0,-13.5,1,https://stepagency-sy.net/2021/11/07/%D8%A7%D9%84%D8%AC%D8%B2%D8%A7%D8%A6%D8%B1-%D9%88%D8%A7%D9%84%D9%85%D8%BA%D8%B1%D8%A8-2/
1012723462,20211104,MILITARY,,,,190,4,-10.0,-2.82685512367492,25.0,-13.5,1,https://www.tsa-algerie.com/assassinat-de-3-algeriens-une-provocation-deliberee-du-maroc/
1000368810,20210822,MOROCCAN,,MAR,,180,4,-9.0,-15.2317880794702,25.0,-13.5,1,https://www.ennaharonline.com/%D8%A7%D9%84%D8%A5%D8%AD%D8%AA%D9%84%D8%A7%D9%84-%D8%A7%D9%84%D9%85%D8%BA%D8%B1%D8%A8%D9%8A-%D9%8A%D8%B9%D8%AA%D8%AF%D9%8A-%D9%85%D8%AC%D8%AF%D8%AF%D8%A7-%D8%B9%D9%84%D9%89-%D8%B9%D8%A7%D8%A6%D9%84/
1004308652,20210915,SEPARATIST,,,,196,4,-9.5,-3.85674931129477,21.2167,-17.0167,4,https://punchng.com/morocco-names-new-army-commander/
1015778197,20211116,ARMY,,,,190,4,-10.0,-3.58090185676393,25.0,-13.5,1,https://www.elperiodico.com/es/internacional/20211123/ministro-israeli-defensa-visita-marruecos-12891746
1006718859,20210929,MOROCCO,THE UN,MAR,,194,4,-10.0,-1.16648992576882,21.2167,-17.0167,4,https://www.trtworld.com/opinion/biden-will-alter-rhetoric-but-won-t-change-course-on-western-sahara-43595
959163121,20201211,ISRAEL,,ISR,,192,4,-9.5,-4.58553791887125,23.6609,-15.9532,4,https://mondoweiss.net/2020/12/trumps-bribe-to-morocco-to-recognize-israel-means-little-but-could-inflame-a-colonial-conflict-in-the-western-sahara/
978340017,20200406,MOROCCO,CIVILIAN,MAR,,190,4,-10.0,-3.51966873706004,25.0,-13.5,1,https://www.aps.dz/monde/120232-l-appel-de-l-algerie-pour-une-reprise-des-negociations-intervient-dans-le-cadre-de-l-application-des-resolutions-de-l-ua
957078299,20201130,WESTERN SAHARA,CITIZEN,MAR,,190,4,-10.0,-0.70422535211268,25.0,-13.5,1,http://www.aps.dz/monde/113514-l-ambassadeur-du-mexique-en-algerie-reaffirme-la-position-de-son-pays-en-faveur-du-peuple-sahraoui
933454860,20200706,WESTERN SAHARA,AL QAEDA,MAR,,190,4,-10.0,-4.61285008237232,25.0,-13.5,1,https://theprint.in/world/the-african-union-has-failed-to-silence-the-guns/453097/
985706348,20210519,MIGRANT,MOROCCO,,MAR,192,4,-9.5,-3.81246780010304,25.0,-13.5,1,https://www.dailymail.co.uk/news/article-9594849/Spain-sends-4-000-migrants-Morocco-stampede-8-000-overran-North-African-enclave.html
963163465,20210107,POLICEMAN,FARMER,,,175,4,-9.0,-7.38577298153557,23.6609,-15.9532,4,https://www.crisisgroup.org/crisiswatch/january-2021-alerts-and-december-trends-2020
956493172,20201126,WESTERN SAHARA,BUSINESS,MAR,,191,4,-9.5,-3.98724082934609,21.2167,-17.0167,4,http://north-africa.com/2020/11/western-sahara-its-tough-to-run-a-business-in-guerguerat/
1046545952,20220527,ACTIVIST,MOROCCAN,,MAR,190,4,-10.0,-4.9482163406214,26.1147,-14.3892,4,https://www.amnesty.org/en/latest/news/2022/05/morocco-western-sahara-investigate-targeted-assault-on-sahrawi-women-activists/
1049366015,20220614,EUROPEAN,WESTERN SAHARA,EUR,MAR,190,4,-10.0,-1.74890693316677,25.0,-13.5,1,https://www.echoroukonline.com/%D8%A7%D9%84%D8%B9%D8%B1%D8%A8%D8%A7%D9%88%D9%8A-%D8%A3%D9%8A-%D8%AE%D9%8A%D8%A7%D8%B1-%D9%84%D8%A7-%D9%8A%D8%B6%D9%85%D9%86-%D8%AD%D8%B1%D9%8A%D8%A9-%D8%B4%D8%B9%D8%A8-%D8%A7%D9%84%D8%B5%D8%AD%D8%B1
1038553235,20220409,SPANISH,MOROCCO,ESP,MAR,190,4,-10.0,0.0,25.0,-13.5,1,https://allafrica.com/stories/202204090104.html
1041497077,20220427,MOROCCO,MADRID,MAR,ESP,190,4,-10.0,-3.05676855895196,25.0,-13.5,1,https://www.laprensalatina.com/guterres-urges-political-dialogue-on-western-sahara/
1050039434,20220618,POLICE,WESTERN SAHARA,,MAR,1821,4,-9.0,-1.5079707022835,27.135,-13.1625,4,https://www.resilience.org/stories/2021-11-11/an-unjust-transition-energy-colonialism-and-extractivism-in-occupied-western-sahara/
1027565606,20220210,,AUTHORITIES,,,190,4,-10.0,-5.625,26.1147,-14.3892,4,https://www.echoroukonline.com/%D9%82%D9%85%D8%B9-%D9%85%D8%B8%D8%A7%D9%87%D8%B1%D8%A9-%D9%84%D9%84%D8%AA%D8%B6%D8%A7%D9%85%D9%86-%D9%85%D8%B9-%D8%B3%D9%84%D8%B7%D8%A7%D9%86%D8%A9-%D8%AE%D9%8A%D8%A7-%D8%A8%D8%A7%D9%84%D8%B9%D9%8A
1023858454,20220118,ALGERIA,,DZA,,180,4,-9.0,0.81227436823104,25.0,-13.5,1,https://www.akhbarelyoum.dz/ar/200235/311833-2022-01-18-19-43-01
1021919681,20220105,WESTERN SAHARA,,MAR,,1822,4,-9.0,-9.83050847457631,27.135,-13.1625,4,https://fr.allafrica.com/stories/202201050207.html
960567629,20201220,,WESTERN SAHARA,,MAR,190,4,-10.0,-3.53356890459364,25.0,-13.5,1,http://www.liberte-algerie.com/international/larmee-sahraouie-poursuit-son-offensive-contre-rabat-350996
959966976,20201216,,AMERICAN,,USA,192,4,-9.5,-2.01729106628242,25.0,-13.5,1,http://www.aps.dz/monde/114371-john-bolton-le-maroc-a-saborde-la-tenue-du-referendum-au-sahara-occidental
961414698,20201225,MOROCCAN,,MAR,,190,4,-10.0,-3.17460317460317,25.0,-13.5,1,http://www.aps.dz/monde/114909-el-guerguerat-l-apls-poursuit-ses-attaques-contre-les-positions-des-forces-d-occupation-marocaines
956493177,20201126,WESTERN SAHARA,MILITARY,MAR,,190,4,-10.0,-6.3953488372093,25.0,-13.5,1,http://www.spsrasd.info/news/en/articles/2020/11/25/28990.html
950890153,20201008,PRESIDENT,WESTERN SAHARA,,MAR,190,4,-10.0,-3.83333333333334,25.0,-13.5,1,http://www.aps.dz/monde/110763-sahara-occidental-le-rapport-de-guterres-est-reducteur-et-ne-reflete-pas-la-realite
956594403,20201126,MOROCCO,REBEL,MAR,,190,4,-10.0,-10.3260869565217,25.0,-13.5,1,https://www.urdupoint.com/en/world/morocco-upholds-jail-terms-for-sahrawis-over-1097455.html
965972125,20210124,WESTERN SAHARA,,MAR,,194,4,-10.0,-5.85858585858586,21.2167,-17.0167,4,https://www.aljazeera.com/news/2021/1/24/western-sahara-rebels-attack-moroccos-guerguerat-border
993177756,20210702,WESTERN SAHARA,,MAR,,180,4,-9.0,-5.27472527472527,27.135,-13.1625,4,https://www.al-monitor.com/originals/2021/07/un-reports-severe-human-rights-abuses-western-sahara
985671361,20210519,MOROCCO,SPAIN,MAR,ESP,190,4,-10.0,-3.03030303030303,25.0,-13.5,1,https://www.nytimes.com/2021/05/18/briefing/gaza-crisis-spain-migrants-coronavirus.html
962136410,20201231,FIGHTER,WESTERN SAHARA,,MAR,190,4,-10.0,-5.1082731815658,25.0,-13.5,1,http://pnn.ps/news/562627
965994554,20210124,REBEL,MILITARY,,,190,4,-10.0,-6.38984167569855,21.2167,-17.0167,4,http://www.msn.com/en-us/news/world/w-sahara-rebels-launch-attack-warn-morocco-of-escalation/ar-BB1d2QUk
958042492,20201205,FIGHTER,SPANISH SAHARA,,MAR,190,4,-10.0,-5.22388059701493,25.0,-13.5,1,https://www.news1.co.il/Archive/0024-D-144966-00.html
956349446,20201125,WESTERN SAHARA,BUSINESS,MAR,,191,4,-9.5,-3.98724082934609,21.2167,-17.0167,4,https://en.qantara.de/content/western-sahara-flare-up-spells-gloom-for-buffer-zone-businesses
956373467,20201125,REBEL,BUSINESS,,,191,4,-9.5,-3.91891891891892,21.2167,-17.0167,4,https://www.modernghana.com/news/1045377/w-sahara-flare-up-spells-gloom-for-buffer-zone.html
981444184,20210423,,POLICE,,,186,4,-10.0,-7.74193548387097,25.0,-13.5,1,https://www.parismatch.com/Actu/Societe/Policiere-tuee-a-Rambouillet-Jean-Castex-et-Gerald-Darmanin-sur-les-lieux-de-l-attaque-1735179
959435029,20201213,ALGERIA,MILITARY WING,DZA,,190,4,-10.0,-3.08880308880309,25.0,-13.5,1,https://www.wsws.org/en/articles/2020/12/14/isra-d14.html
988701999,20210605,SPAIN,ACTIVIST,ESP,,1822,4,-9.0,-4.34782608695652,25.0,-13.5,1,https://www.aps.dz/monde/123058-aminatou-haidar-l-espagne-se-doit-conduire-la-decolonisation-au-sahara-occidental
972713881,20210304,MOROCCAN,,MAR,,190,4,-10.0,-3.06122448979592,25.0,-13.5,1,https://lemaghreb.dz/?page=detail_actualite&rubrique=Maghreb&id=97956
992486824,20210629,MILITARY,,,,190,4,-10.0,-2.93132328308208,25.0,-13.5,1,https://www.maravipost.com/challenging-spanish-moroccan-contempt-for-african-sovereignty-by-owei-lakemfa/
969125989,20210211,MOROCCAN,,MAR,,190,4,-10.0,-3.5,25.0,-13.5,1,https://fr.allafrica.com/stories/202102110413.html
987805824,20210531,MIGRANT,MOROCCO,,MAR,171,4,-9.2,-10.15625,25.0,-13.5,1,https://nationalpost.com/pmn/news-pmn/moroccos-action-in-migrant-crisis-was-unacceptable-spanish-pm-says
954418063,20201110,MOROCCO,FRANCE,MAR,FRA,191,4,-9.5,-4.77815699658703,21.2167,-17.0167,4,https://english.aawsat.com/home/article/2616591/le-drian-stresses-frances-war-against-terrorism-not-islam
973988069,20210311,MILITARY,MOROCCAN,,MAR,190,4,-10.0,-3.85326318782881,21.2167,-17.0167,4,https://www.crisisgroup.org/middle-east-north-africa/north-africa/western-sahara/b82-time-international-re-engagement-western-sahara
960596137,20201220,HUMAN RIGHTS WATCH,WESTERN SAHARA,,MAR,192,4,-9.5,-2.62773722627737,25.0,-13.5,1,http://moroccomail.fr/2020/12/19/sahara-occidental-prochaine-reunion-a-huis-clos-du-conseil-de-securite-de-lonu/
959549814,20201214,MAURITANIA,ALGERIA,MRT,DZA,190,4,-10.0,-1.16175156389634,26.8161,-12.8083,4,https://www.vanguardngr.com/2020/12/western-saharas-sovereignty-and-united-states-decision/
956414633,20201125,WESTERN SAHARA,MILITARY,MAR,,190,4,-10.0,-6.6006600660066,25.0,-13.5,1,http://www.aps.dz/en/world/36669-un-confirms-continuation-of-military-clashes-in-western-sahara
969679880,20210215,ACTIVIST,WESTERN SAHARA,,MAR,182,4,-9.5,-4.53514739229025,25.0,-13.5,1,https://fr.allafrica.com/stories/202102150041.html
988002935,20210601,AFRICA,WESTERN SAHARA,AFR,MAR,190,4,-10.0,-7.07964601769912,25.0,-13.5,1,https://morningstaronline.co.uk/article/w/polisario-front-leader-denies-trumped-charges-spanish-court-hearing
987791869,20210531,MOROCCO,CITIZEN,MAR,,192,4,-9.5,-2.73037542662116,27.135,-13.1625,4,https://www.elconfidencialdigital.com/articulo/la_voz_del_lector/permitas-que-enganen-marruecos-es-amigo-espana-es-nuestro-principal-enemigo/20210531125447246881.html
960817799,20201222,MOROCCO,ARMY,MAR,,192,4,-9.5,-2.14205186020294,21.2167,-17.0167,4,https://www.onlineopinion.com.au/view.asp?article=21243
961576927,20201227,,MINIST OF DEFENCE,,,190,4,-10.0,-4.39882697947214,26.6792,-11.6781,4,http://www.elbilad.net/article/detail?id=112303
997639743,20210801,ABDULLAH,WESTERN SAHARA,SAU,MAR,190,4,-10.0,-4.3956043956044,25.0,-13.5,1,https://www.aps.dz/monde/125577-deces-du-militant-abdallah-lahbib-la-presidence-sahraouie-decrete-un-deuil-d-une-semaine
959009260,20201211,COURT OF APPEALS,MILITARY,,,1821,4,-9.0,-3.18655851680186,25.0,-13.5,1,http://www.msn.com/en-us/news/politics/overnight-defense-biden-taps-ex-obama-chief-for-va-shutdown-looms-amid-standoff-scotus-rules-on-rape-cases-in-military/ar-BB1bPmVn
965994555,20210124,REBEL,MILITARY,,,190,4,-10.0,-7.15396578538103,21.2167,-17.0167,4,https://www.france24.com/en/live-news/20210124-w-sahara-rebels-launch-attack-warn-morocco-of-escalation
960163170,20201217,HUMAN RIGHTS GROUP,WESTERN SAHARA,,MAR,175,4,-9.0,-1.94601381042059,27.135,-13.1625,4,https://www.peoplesworld.org/article/trump-inflames-western-sahara-conflict-by-validating-moroccos-occupation/
959994451,20201216,ACTIVIST,,,,1822,4,-9.0,-2.95566502463055,21.2167,-17.0167,4,https://www.economist.com/middle-east-and-africa/2020/12/16/the-israel-morocco-peace-deal-is-roiling-western-sahara
960994529,20201223,MOROCCO,ARMY,MAR,,192,4,-9.5,-1.77364864864865,21.2167,-17.0167,4,http://community.scoop.co.nz/2020/12/ardern-urged-to-play-a-positive-role-in-the-decolonisation-of-western-sahara/
996448531,20210723,MOROCCO,,MAR,,190,4,-10.0,-8.38852097130238,25.0,-13.5,1,https://www.lnr-dz.com/2021/07/23/le-president-ghali-denonce-le-mutisme-et-linaction-honteuse-de-la-communaute-internationale/
954871085,20201117,MOROCCAN,,MAR,,190,4,-10.0,-3.44827586206897,25.0,-13.5,1,https://www.rfi.fr/fr/afrique/20201117-sahara-occidental-statu-quo-front-polisario-maroc
983160961,20210404,MORROCAN,POLICE CHIEF,MAR,,190,4,-10.0,-2.62392900856793,25.0,-13.5,1,https://lobotero.com/2021/05/04/western-sahara-2021/
959314383,20201212,MOROCCAN,,MAR,,190,4,-10.0,-4.1860465116279,25.0,-13.5,1,https://fr.allafrica.com/stories/202012120282.html
996260873,20210722,SPAIN,TUNISIA,ESP,TUN,192,4,-9.5,-4.34782608695653,25.0,-13.5,1,https://www.dw.com/en/hundreds-of-migrants-cross-into-spains-melilla-enclave/a-58603580
973282329,20210307,MOROCCAN,MOROCCO,MAR,MAR,190,4,-10.0,-3.9877300613497,26.1147,-14.3892,4,https://www.spsrasd.info/news/en/articles/2021/03/06/31865.html
957415003,20201202,APACHE,BUSINESS,,,191,4,-9.5,-3.87277019262892,21.2167,-17.0167,4,https://www.france24.com/en/live-news/20201202-w-sahara-flare-up-spells-gloom-for-buffer-zone-businesses
985566098,20210518,MOROCCO,SPAIN,MAR,ESP,190,4,-10.0,-4.88301119023398,25.0,-13.5,1,https://www.nytimes.com/2021/05/18/world/europe/spain-migrants-ceuta-morocco.html
962530240,20210104,WESTERN SAHARA,,MAR,,190,4,-10.0,-8.1277213352685,25.0,-13.5,1,https://fr.allafrica.com/stories/202101020301.html
959218940,20201212,FIGHTER,MOROCCAN,,MAR,190,4,-10.0,-1.83150183150183,25.0,-13.5,1,http://moroccomail.fr/2020/12/10/sahara-occidental-maroc-reportage-photographique-de-la-bataille-de-smara-6-oct-1979/
958946697,20201210,REBEL GROUP,MOROCCO,,MAR,190,4,-10.0,-1.79738562091503,25.0,-13.5,1,https://www.msn.com/en-us/news/world/trump-says-morocco-joining-arab-states-building-ties-with-israel/ar-BB1bOFpk
964633304,20210116,MALI,BURKINA FASO,MLI,BFA,190,4,-10.0,-7.08604483007954,25.0,-13.5,1,https://www.thenewhumanitarian.org/2020/08/17/burkina-faso-s-new-conflict-front-jihadists-against-jihadists
985707881,20210419,SPAIN,WESTERN SAHARA,ESP,MAR,190,4,-10.0,-4.09887195577469,25.0,-13.5,1,https://www.titusvilleherald.com/news/article_3c4dcd7d-55ed-5920-84d7-5a17a89a076d.html
960281853,20201218,THE SECURITY COUNCIL,MOROCCAN,,MAR,180,4,-9.0,-3.97350993377483,25.0,-13.5,1,http://www.aps.dz/monde/114466-l-armee-sahraouie-poursuit-ses-attaques-contre-les-positions-marocaines
968295474,20210206,NIGERIA,MOROCCO,NGA,MAR,196,4,-9.5,-0.57183702644746,25.0,-13.5,1,https://www.premiumtimesng.com/opinion/440937-a-people-united-conversations-on-western-sahara-by-owei-lakemfa.html
985720021,20210519,WESTERN SAHARA,WESTERN SAHARA,MAR,MAR,1822,4,-9.0,-9.62962962962966,25.0,-13.5,1,https://www.reuters.com/article/us-europe-migrants-spain-polisario/spain-high-court-issues-war-crime-case-summons-against-polisario-front-leader-ghali-idUSKCN2D00ZV
965946287,20210124,WESTERN SAHARA,MAURITANIA,MAR,MRT,190,4,-10.0,-5.79710144927536,21.2167,-17.0167,4,https://www.msn.com/en-us/news/world/w-saharas-polisario-front-says-it-attacked-guerguerat-border-area/ar-BB1d2gkz
1017130428,20211202,,WESTERN SAHARA,,MAR,190,4,-10.0,-2.07501995211492,25.0,-13.5,1,http://www.lecalame.info/?q=node/12767
1016439299,20211127,ARMY,MOROCCAN,,MAR,190,4,-10.0,-3.23383084577114,25.0,-13.5,1,https://www.ennaharonline.com/380-%D9%8A%D9%88%D9%85%D8%A7-%D9%85%D9%86-%D9%82%D8%B5%D9%81-%D8%A7%D9%84%D8%AC%D9%8A%D8%B4-%D8%A7%D9%84%D8%B5%D8%AD%D8%B1%D8%A7%D9%88%D9%8A-%D8%A7%D9%84%D9%85%D8%B3%D8%AA%D9%85%D8%B1-%D8%B9%D9%84/
1016176265,20211125,LIBERATION ARMY,MOROCCAN,,MAR,190,4,-10.0,-4.5346062052506,25.0,-13.5,1,https://www.ennaharonline.com/%D9%87%D8%AC%D9%85%D8%A7%D8%AA-%D8%AC%D9%8A%D8%B4-%D8%A7%D9%84%D8%A8%D9%88%D9%84%D9%8A%D8%B2%D8%A7%D8%B1%D9%8A%D9%88-%D8%AA%D8%B3%D8%AA%D9%85%D8%B1-%D9%81%D9%8A-%D8%AF%D9%83-%D9%85%D9%88%D8%A7/
1029534841,20220222,RABAT,ALGERIA,MAR,DZA,190,4,-10.0,-2.02702702702703,25.0,-13.5,1,https://english.alaraby.co.uk/news/morocco-creates-new-military-zone-along-algeria-border
1031594373,20220303,SPAIN,HOSPITAL,ESP,,192,4,-9.5,-6.66666666666667,25.0,-13.5,1,https://www.straitstimes.com/world/migrants-try-new-mass-break-in-at-spanish-enclave
1018344235,20211209,LIBYA,MAURITANIA,LBY,MRT,190,4,-10.0,-4.80880648899189,27.135,-13.1625,4,https://www.middleeasteye.net/news/morocco-western-sahara-polisario-war-rockets-drones
1027565999,20220210,AUTHORITIES,WESTERN SAHARA,,MAR,190,4,-10.0,-5.625,26.1147,-14.3892,4,https://www.echoroukonline.com/%D9%82%D9%85%D8%B9-%D9%85%D8%B8%D8%A7%D9%87%D8%B1%D8%A9-%D9%84%D9%84%D8%AA%D8%B6%D8%A7%D9%85%D9%86-%D9%85%D8%B9-%D8%B3%D9%84%D8%B7%D8%A7%D9%86%D8%A9-%D8%AE%D9%8A%D8%A7-%D8%A8%D8%A7%D9%84%D8%B9%D9%8A
1042994934,20220506,MOROCCAN,,MAR,,190,4,-10.0,-4.54545454545455,27.4143,-9.04784,4,https://www.aps.dz:443/monde/139321-armee-sahraouie-nouvelles-attaques-contre-les-forces-de-l-occupation-marocaine-dans-les-secteurs-de-mahbes-et-ousserd
1045520133,20220521,ISRAELI,IRAN,ISR,IRN,190,4,-10.0,-0.8695652173913,25.0,-13.5,1,https://www.jpost.com/opinion/article-707316
1043981872,20220512,EUROPEAN,WESTERN SAHARA,EUR,MAR,190,4,-10.0,-1.16731517509728,25.0,-13.5,1,https://www.echoroukonline.com/%D9%87%D9%88%D9%84%D9%86%D8%AF%D8%A7-%D8%AA%D9%86%D8%B4%D8%B1-%D8%A8%D9%8A%D8%A7%D9%86%D8%A7-%D8%AD%D9%88%D9%84-%D9%85%D9%88%D9%82%D9%81%D9%87%D8%A7-%D9%85%D9%86-%D9%82%D8%B6%D9%8A%D8%A9-%D8%A7%D9%84
1047892786,20220605,AUTHORITIES,WESTERN SAHARA,,MAR,190,4,-10.0,-5.80097087378641,26.1147,-14.3892,4,https://www.echoroukonline.com/%D9%88%D8%B5%D9%84%D8%AA-%D8%A5%D8%B3%D8%A8%D8%A7%D9%86%D9%8A%D8%A7-%D8%B3%D9%84%D8%B7%D8%A7%D9%86%D8%A9-%D8%AE%D9%8A%D8%A7-%D8%AA%D9%86%D8%AA%D8%B5%D8%B1-%D8%B9%D9%84%D9%89-%D8%A2%D9%84%D8%A9
940554798,20200813,MOROCCAN,MOROCCO,MAR,MAR,190,4,-10.0,1.30151843817787,25.0,-13.5,1,http://www.aps.dz/monde/108564-l-ambassadeur-sahraoui-en-algerie-salue-le-soutien-de-l-algerie-a-la-cause-sahraouie
997547455,20210731,WESTERN SAHARA,REFUGEE,MAR,,1822,4,-9.0,-7.37704918032787,25.0,-13.5,1,https://www.expatica.com/es/uncategorized/spain-closes-genocide-case-against-w-sahara-leader-163668/
984746889,20210513,MOROCCO,WESTERN SAHARA,MAR,MAR,182,4,-9.5,-6.32603406326034,25.0,-13.5,1,https://www.aps.dz:443/monde/121722-espagne-ceas-sahara-appelle-la-communaute-internationale-a-proteger-la-population-sahraouie
955699324,20201121,MOROCCAN,AFRICA,MAR,AFR,181,4,-9.0,3.23529411764705,25.0,-13.5,1,https://jjcornish.com/2020/11/western-sahara-confident-of-south-african-solidarity-facing-moroccan-aggression/
959435374,20201213,MILITARY WING,LIBYA,,LBY,190,4,-10.0,-3.08880308880309,25.0,-13.5,1,https://www.wsws.org/en/articles/2020/12/14/isra-d14.html
957151028,20201130,MOROCCO,KINGDOM,MAR,,192,4,-9.5,0.50590219224283,21.2167,-17.0167,4,http://adiac-congo.com/content/regain-de-tensions-au-sahara-occidental-felix-tshisekedi-prend-position-en-faveur-du-maroc
966591938,20210127,WESTERN SAHARA,MAURITANIA,MAR,MRT,196,4,-9.5,-4.21875,21.2167,-17.0167,4,https://www.diplomaticourier.com/posts/a-western-sahara-human-rights-agenda-for-the-biden-administration
962316940,20210101,SETTLER,CIVILIAN,,,192,4,-9.5,-4.43107221006565,21.2167,-17.0167,4,https://www.mondaq.com/human-rights/1021716/war-resumes-in-occupied-western-sahara-an-interview-with-polisario-representative-kamal-fadel
985671078,20210519,SPAIN,MOROCCO,ESP,MAR,190,4,-10.0,-3.03030303030303,25.0,-13.5,1,https://www.nytimes.com/2021/05/18/briefing/gaza-crisis-spain-migrants-coronavirus.html
985722130,20210519,SPANISH,EUROPEAN,ESP,EUR,192,4,-9.5,-4.71464019851116,25.0,-13.5,1,https://www.eveningexpress.co.uk/news/world/spains-african-enclave-struggles-to-handle-migrant-influx/
959435225,20201213,LIBYA,MILITARY WING,LBY,,190,4,-10.0,-3.08880308880309,25.0,-13.5,1,https://www.wsws.org/en/articles/2020/12/14/isra-d14.html
988017085,20210601,RABAT,CRIMINAL,MAR,,190,4,-10.0,-6.84931506849315,25.0,-13.5,1,https://www.msn.com/en-xl/news/other/spanish-court-refuses-to-jail-polisario-front-leader/ar-AAKBBVZ
961674776,20201228,POPULATION,MOROCCAN,,MAR,190,4,-10.0,-0.67988668555241,26.1147,-14.3892,4,https://mondediplo.com/2014/03/07sahara
1012986183,20211106,TURKISH,CYPRIOT,TUR,CYP,190,4,-10.0,2.7027027027027,25.0,-13.5,1,https://www.bignewsnetwork.com/news/271665372/un-hopes-new-special-representative-to-visit-cyprus-soon
1006376905,20210927,WESTERN SAHARA,,MAR,,181,4,-9.0,-2.35191637630662,25.0,-13.5,1,https://www.middleeasteye.net/news/united-nations-general-assembly-final-day-middle-east-countries
1014333895,20211115,REFUGEE,,,,192,4,-9.5,0.986842105263162,25.0,-13.5,1,https://lemaghreb.dz/?page=detail_actualite&rubrique=Maghreb&id=100228
1013996599,20211112,ALGERIAN,ALGERIA,DZA,DZA,190,4,-10.0,-3.03398058252427,25.0,-13.5,1,https://politika.bg/bg/a/view/dokyde-moje-da-stigne-naprejenieto-mejdu-aljir-i-maroko-96162
1001569088,20210829,SECURITY FORCE,,,,1821,4,-9.0,-4.46096654275093,26.1147,-14.3892,4,https://amnesty.ca/location/morocco-western-sahara/annual-report-morocco-western-sahara/
1010549554,20211022,MOROCCO,,MAR,,194,4,-10.0,-4.48300795372379,26.1147,-14.3892,4,https://www.indiatoday.in/world/story/western-sahara-refugees-stranded-by-decades-old-conflict-1867895-2021-10-22
1009570782,20211016,WESTERN SAHARA,STATE OWNED TELEVISION,MAR,,190,4,-10.0,-3.66719242902208,21.2167,-17.0167,4,https://www.theafricareport.com/69335/morocco-algeria-western-sahara-conflict-shows-signs-of-escalation/
1034385933,20220317,,AUTHORITIES,,,190,4,-10.0,-5.3931659118979,26.1147,-14.3892,4,https://www.echoroukonline.com/%D8%A3%D9%85%D8%B1%D9%8A%D9%83%D9%8A%D9%88%D9%86-%D9%8A%D9%83%D8%B3%D8%B1%D9%88%D9%86-%D8%AD%D8%B5%D8%A7%D8%B1-%D8%A7%D9%84%D9%86%D8%B8%D8%A7%D9%85-%D8%A7%D9%84%D9%85%D8%BA%D8%B1%D8%A8%D9%8A-%D8%B9
1041671637,20220428,AFRICA,,AFR,,190,4,-10.0,-3.47018572825025,25.0,-13.5,1,https://lapresse.tn/129219/tribune-algerie-maroc-soixante-ans-de-relation-conflictuelle-3e-et-derniere-partie/
1048931529,20220611,AUTHORITIES,WESTERN SAHARA,,MAR,190,4,-10.0,-6.14239181014425,26.1147,-14.3892,4,https://www.echoroukonline.com/%D8%A7%D9%84%D9%86%D8%B8%D8%A7%D9%85-%D8%A7%D9%84%D9%85%D8%BA%D8%B1%D8%A8%D9%8A-%D9%8A%D9%88%D8%A7%D8%AC%D9%87-4-%D8%A7%D8%AA%D9%87%D8%A7%D9%85%D8%A7%D8%AA-%D8%A8%D8%AA%D8%B9%D8%B0%D9%8A%D8%A8-%D9%86
983266327,20210505,,WESTERN SAHARA,,MAR,1821,4,-9.0,-3.13725490196078,25.0,-13.5,1,https://www.oujdacity.net/international-article-143987-fr/brahim-ghali-a-deux-pas-de-faire-face-a-ses-juges.html
986046338,20210520,WESTERN SAHARA,,MAR,,190,4,-10.0,-4.23953365129835,25.0,-13.5,1,https://www.telegraph.co.uk/obituaries/2021/05/20/nick-downie-ex-sas-trooper-won-awards-tv-films-conflict-western/
959939484,20201216,SPANISH,WESTERN SAHARA,ESP,MAR,192,4,-9.5,-5.98669623059867,25.0,-13.5,1,https://article.wn.com/view/2020/12/16/How_Do_You_Get_Away_With_Genocide_Terrorism_And_Human_Rights/
954962346,20201118,,MOROCCAN,,MAR,195,4,-10.0,-5.91397849462366,21.2167,-17.0167,4,https://english.aawsat.com/home/article/2631171/morocco-pm-says-western-sahara-wall-center-dispute-completed
964630633,20210116,MOROCCAN,,MAR,,190,4,-10.0,-6.97674418604651,25.0,-13.5,1,http://www.lexpressiondz.com/info-en-continu/sahara-occidental-la-desinformation-est-le-pilier-de-la-politique-de-propagande-du-makhzen-324990
985483857,20210518,MADRID,,ESP,,190,4,-10.0,-2.73794002607562,25.0,-13.5,1,https://www.sudouest.fr/international/pourquoi-une-maree-humaine-de-migrants-afflue-a-la-frontiere-entre-le-maroc-et-l-espagne-2739640.php
985732014,20210419,SPAIN,WESTERN SAHARA,ESP,MAR,190,4,-10.0,-3.87596899224806,25.0,-13.5,1,https://www.expressandstar.com/news/world-news/2021/05/19/what-is-behind-the-surge-in-migrants-reaching-spains-ceuta-enclave/
960262099,20201218,CIVILIAN,WESTERN SAHARA,,MAR,191,4,-9.5,-3.75203915171289,26.1147,-14.3892,4,https://www.hrw.org/news/2020/12/18/western-sahara-morocco-cracks-down-activists
961675148,20201228,MOROCCAN,POPULATION,MAR,,190,4,-10.0,-0.67988668555241,26.1147,-14.3892,4,https://mondediplo.com/2014/03/07sahara
1012506195,20211103,,ALGERIAN,,DZA,190,4,-10.0,-4.06504065040651,25.0,-13.5,1,https://www.tsa-algerie.com/trois-algeriens-lachement-assassines-par-le-maroc-presidence/
1009570519,20211016,,WESTERN SAHARA,,MAR,190,4,-10.0,-3.66719242902208,21.2167,-17.0167,4,https://www.theafricareport.com/69335/morocco-algeria-western-sahara-conflict-shows-signs-of-escalation/
1010883886,20211025,FRANCE,THE SECURITY COUNCIL,FRA,,181,4,-9.0,-4.61538461538461,21.2167,-17.0167,4,https://www.thedefensepost.com/2020/11/23/western-sahara-frustration-status-quo/
1011929258,20211031,THE UN,MOROCCO,,MAR,190,4,-10.0,-3.74531835205992,25.0,-13.5,1,https://mareeg.com/decolonizing-western-sahara/
1007047982,20211001,MOROCCO,,MAR,,190,4,-10.0,-2.22602739726027,25.0,-13.5,1,https://euobserver.com/world/153091
1007467012,20211004,MOROCCO,,MAR,,190,4,-10.0,-3.95136778115502,25.0,-13.5,1,https://www.uae71.com/posts/95183
1007311124,20211002,WESTERN SAHARA,,MAR,,180,4,-9.0,-5.27472527472527,27.135,-13.1625,4,https://www.al-monitor.com/originals/2021/07/un-reports-severe-human-rights-abuses-western-sahara
1037482724,20220403,TELECOM,,,,180,4,-9.0,-0.73664825046041,25.0,-13.5,1,https://www.jeuneafrique.com/1335354/economie/telecoms-ethio-telecom-resistera-t-il-a-lassaut-de-safaricom/
1038242258,20220407,MOROCCO,SPANISH,MAR,ESP,190,4,-10.0,-1.60213618157543,25.0,-13.5,1,https://www.justiceinfo.net/en/90227-spains-sanchez-visits-morocco-as-tensions-ease.html
1038648281,20220410,MOROCCO,SPAIN,MAR,ESP,190,4,-10.0,0.26385224274406,25.0,-13.5,1,https://english.almayadeen.net/news/politics/polisario-front-severing-contacts-with-spanish-government
1047666322,20220603,SPAIN,WESTERN SAHARA,ESP,MAR,1822,4,-9.0,-4.78723404255319,25.0,-13.5,1,https://www.democracynow.org/2022/6/3/headlines/activist_sultana_khaya_arrives_in_spain_after_500_days_of_house_arrest_in_western_sahara
1046568384,20220527,WESTERN SAHARA,ACTIVIST,MAR,,180,4,-9.0,-8.13953488372093,26.1147,-14.3892,4,https://www.tolerance.ca/ArticleExt.aspx?ID=512046&L=en
1041671527,20220428,,AFRICA,,AFR,190,4,-10.0,-3.47018572825025,25.0,-13.5,1,https://lapresse.tn/129219/tribune-algerie-maroc-soixante-ans-de-relation-conflictuelle-3e-et-derniere-partie/
1046581675,20220527,MOROCCAN,,MAR,,190,4,-10.0,-4.79725870930897,25.0,-13.5,1,https://www.echoroukonline.com/%D8%A8%D8%A7%D9%84%D9%81%D9%8A%D8%AF%D9%8A%D9%88-%D9%82%D9%86%D8%A7%D8%A9-%D8%A7%D8%B3%D8%A8%D8%A7%D9%86%D9%8A%D8%A9-%D8%AA%D9%86%D9%82%D9%84-%D8%A3%D8%AC%D9%88%D8%A7%D8%A1-%D8%A7%D9%84%D8%AD%D8%B1
1042621317,20220504,EUROPEAN,WESTERN SAHARA,EUR,MAR,190,4,-10.0,-2.18579234972678,25.0,-13.5,1,https://www.echoroukonline.com/%D8%AC%D9%88%D8%B3%D9%8A%D8%A8-%D8%A8%D9%88%D8%B1%D8%A7%D9%84-%D9%8A%D9%88%D8%AC%D9%91%D9%87-%D8%B5%D9%81%D8%B9%D8%A9-%D9%84%D9%84%D9%85%D8%BA%D8%B1%D8%A8-%D9%88%D8%B3%D8%A7%D9%86%D8%B4%D9%8A
1034930003,20220320,WESTERN SAHARA,SPAIN,MAR,ESP,190,4,-10.0,-1.26404494382023,25.0,-13.5,1,https://fr.timesofisrael.com/sahara-occidental-madrid-soutient-rabat-afin-de-mettre-fin-a-une-crise-diplomatique/
1039413081,20220414,WESTERN SAHARA,AUTHORITIES,MAR,,190,4,-10.0,-6.58372213582167,26.1147,-14.3892,4,https://www.echoroukonline.com/%D9%85%D8%AD%D8%A7%D9%83%D9%85%D8%A9-%D8%B9%D9%84%D9%86%D9%8A%D8%A9-%D9%84%D8%A7%D9%86%D8%AA%D9%87%D8%A7%D9%83%D8%A7%D8%AA-%D8%A7%D9%84%D9%85%D8%BA%D8%B1%D8%A8-%D9%81%D9%8A-%D8%A7%D9%84%D8%B5%D8%AD
951160266,20201011,WESTERN SAHARA,WESTERN SAHARA,MAR,MAR,190,4,-10.0,-3.31325301204819,25.0,-13.5,1,http://www.lemaghrebdz.com/?page=detail_actualite&rubrique=Maghreb&id=98872
974475830,20210314,MOROCCO,,MAR,,190,4,-10.0,-1.23152709359606,25.0,-13.5,1,https://allafrica.com/stories/202103140027.html
960262614,20201218,ACTIVIST,POLICE,,,190,4,-10.0,-3.75203915171289,26.1147,-14.3892,4,https://www.hrw.org/news/2020/12/18/western-sahara-morocco-cracks-down-activists
984543671,20210512,MOROCCO,MOROCCAN,MAR,MAR,180,4,-9.0,-6.14754098360656,26.1147,-14.3892,4,https://www.aps.dz/monde/121685-le-domicile-de-la-militante-sahraouie-sultana-khaya-prit-d-assaut-par-les-forces-d-occupations-marocaines
1029557286,20220222,ALGERIA,RABAT,DZA,MAR,190,4,-10.0,-3.37301587301587,25.0,-13.5,1,http://bwabtk.com/782051.html
1018779499,20211212,MOROCCO,,MAR,,190,4,-10.0,-2.25898822780782,21.2167,-17.0167,4,https://allafrica.com/stories/202108310220.html
1023449617,20220116,WESTERN SAHARA,,MAR,,190,4,-10.0,-2.32558139534884,25.0,-13.5,1,http://lecourrier-dalgerie.com/lenvoye-onusien-a-lecoute-des-voix-favorisant-la-legalite-internationale-contre-le-statu-quo-de-mistura-chez-le-front-polisario/
1018404783,20211209,SECURITY FORCE,,,,1821,4,-9.0,-5.4006968641115,26.1147,-14.3892,4,https://www.amnesty.org.uk/urgent-actions/sahrawi-activist-raped-moroccan-forces
922909789,20200511,MEDIA,WESTERN SAHARA,,MAR,180,4,-9.0,-3.93700787401575,25.0,-13.5,1,https://www.afrik.com/sahara-algerie-et-maroc-s-affrontent-par-presse-interposee
921525691,20200503,JOURNALIST,WESTERN SAHARA,,MAR,175,4,-9.0,-3.50877192982457,25.0,-13.5,1,https://www.afrik.com/sahara-le-maroc-accable
1035401074,20220323,CORSICA,,FRA,,193,4,-10.0,-3.7199124726477,25.0,-13.5,1,https://www.elle.fr/Societe/News/Proces-d-Yvan-Colonna.-Presume-coupable-400249
1038367974,20220408,SPANISH,MOROCCO,ESP,MAR,190,4,-10.0,0.48309178743962,25.0,-13.5,1,https://www.msn.com/en-xl/news/other/morocco-spain-mend-ties-after-change-in-policy-on-western-sahara/ar-AAVZwVG
1034386278,20220317,AUTHORITIES,,,,190,4,-10.0,-5.3931659118979,26.1147,-14.3892,4,https://www.echoroukonline.com/%D8%A3%D9%85%D8%B1%D9%8A%D9%83%D9%8A%D9%88%D9%86-%D9%8A%D9%83%D8%B3%D8%B1%D9%88%D9%86-%D8%AD%D8%B5%D8%A7%D8%B1-%D8%A7%D9%84%D9%86%D8%B8%D8%A7%D9%85-%D8%A7%D9%84%D9%85%D8%BA%D8%B1%D8%A8%D9%8A-%D8%B9
956550852,20201126,REBEL,MOROCCO,,MAR,190,4,-10.0,-10.3703703703704,27.135,-13.1625,4,http://english.ahram.org.eg/NewsContent/2/8/395651/World/Region/Morocco-upholds-jail-terms-for-Sahrawis-over--kill.aspx
962052565,20201230,MILITARY,WESTERN SAHARA,,MAR,190,4,-10.0,-5.02958579881657,25.0,-13.5,1,http://www.aps.dz/monde/115189-sahara-occidental-le-regime-marocain-impose-l-omerta-aux-familles-des-soldats-tues
960005611,20201216,WESTERN SAHARA,ISRAEL,MAR,ISR,192,4,-9.5,-1.216287678477,26.0928,-10.6089,4,https://www.timesofisrael.com/in-intractable-struggles-over-west-sahara-and-w-bank-some-see-thorny-parallels/
946486471,20200914,MAURITANIA,MOROCCO,MRT,MAR,190,4,-10.0,-0.65934065934066,25.0,-13.5,1,https://www.trtworld.com/magazine/convincing-morocco-to-normalise-ties-with-israel-won-t-be-easy-39746
986753550,20210525,MOROCCO,SPAIN,MAR,ESP,180,4,-9.0,-4.35606060606061,25.0,-13.5,1,https://www.kuna.net.kw/ArticleDetails.aspx?id=2979115&Language=ar
965994551,20210124,REBEL,PRESS AGENCY,,,190,4,-10.0,-6.38984167569855,21.2167,-17.0167,4,http://www.msn.com/en-us/news/world/w-sahara-rebels-launch-attack-warn-morocco-of-escalation/ar-BB1d2QUk
1010883891,20211025,FRANCE,MOROCCO,FRA,MAR,181,4,-9.0,-4.61538461538461,21.2167,-17.0167,4,https://www.thedefensepost.com/2020/11/23/western-sahara-frustration-status-quo/
1011932794,20211031,MOROCCO,,MAR,,190,4,-10.0,-3.74531835205992,25.0,-13.5,1,https://mareeg.com/decolonizing-western-sahara/
1012581610,20211104,MOROCCAN,,MAR,,194,4,-10.0,-9.67741935483873,25.0,-13.5,1,https://akhbarlibya24.net/2021/11/03/%D8%A7%D9%84%D8%AC%D8%B2%D8%A7%D8%A6%D8%B1-%D8%AA%D8%B9%D9%84%D9%86-%D9%85%D9%82%D8%AA%D9%84-%D8%AB%D9%84%D8%A7%D8%AB%D8%A9-%D9%85%D9%88%D8%A7%D8%B7%D9%86%D9%8A%D9%86-%D8%A8%D9%80%D9%82%D8%B5%D9%81/
1012524631,20211103,ALGERIAN,NOUAKCHOTT,DZA,MRT,190,4,-10.0,-4.14937759336099,25.0,-13.5,1,http://lecourrier-dalgerie.com/trois-ressortissants-algeriens-lachement-assassines-sur-laxe-nouakchott-ouargla/
1015970240,20211124,MOROCCO,ALGERIA,MAR,DZA,190,4,-10.0,0.48076923076924,25.0,-13.5,1,https://news.yahoo.com/israel-morocco-publicize-once-secret-170434267.html
1013284880,20211108,REBEL,WESTERN SAHARA,,MAR,194,4,-10.0,-5.88235294117647,21.2167,-17.0167,4,https://www.middleeasteye.net/news/western-sahara-rebels-attack-warn-morocco-escalation-polisario-front
1022361393,20220108,RABAT,SPAIN,MAR,ESP,190,4,-10.0,-1.65289256198347,25.0,-13.5,1,https://www.expatica.com/de/uncategorized/morocco-says-german-president-invites-king-to-seal-new-partnership-552743/
1029534840,20220222,RABAT,ALGERIA,MAR,DZA,190,4,-10.0,-2.02702702702703,25.0,-13.5,1,https://english.alaraby.co.uk/news/morocco-creates-new-military-zone-along-algeria-border
1025644470,20220129,AUTHORITIES,,,,190,4,-10.0,-5.54875560995513,26.1147,-14.3892,4,https://www.echoroukonline.com/%D8%A7%D9%84%D8%AA%D8%B6%D9%8A%D9%8A%D9%82-%D8%B9%D9%84%D9%89-%D8%B3%D9%84%D8%B7%D8%A7%D9%86%D8%A9-%D8%AE%D9%8A%D8%A7-%D8%AD%D9%85%D9%84%D8%A9-%D8%A7%D9%84%D9%83%D8%AA%D8%B1%D9%88%D9%86%D9%8A%D8%A9
981630570,20210425,,MOROCCO,,MAR,190,4,-10.0,-4.39093484419263,25.0,-13.5,1,https://www.24heures.ch/au-moins-23-morts-dans-lincendie-dun-hopital-a-bagdad-223475615835
965731972,20210122,MILITARY,,,,190,4,-10.0,-4.51612903225807,25.0,-13.5,1,https://www.aps.dz/monde/116327-sahara-occidental-l-apls-atteint-des-secteurs-marocains-dans-la-region-de-ouarkziz
988017086,20210601,RABAT,CRIMINAL,MAR,,190,4,-10.0,-6.84931506849315,25.0,-13.5,1,https://www.msn.com/en-xl/news/other/spanish-court-refuses-to-jail-polisario-front-leader/ar-AAKBBVZ
985968653,20210520,MOROCCO,SPAIN,MAR,ESP,190,4,-10.0,-5.54785020804438,25.0,-13.5,1,https://www.bangkokpost.com/world/2118955/clashes-on-morocco-border-as-madrid-accuses-rabat-of-blackmail
960432180,20201219,CIVILIAN,MAURITANIA,,MRT,191,4,-9.5,-4.97131931166348,21.2167,-17.0167,4,https://www.naija247news.com/2020/12/19/rights-advocate-slams-morocco-for-cracking-down-on-activists-in-western-sahara/
1024239786,20220120,MOROCCAN,,MAR,,196,4,-9.5,-0.64257028112449,21.2167,-17.0167,4,https://mondoweiss.net/2022/01/the-abraham-accords-are-accelerating-a-return-to-war-in-western-sahara/
1018779523,20211212,MOROCCO,WESTERN SAHARA,MAR,MAR,190,4,-10.0,-2.25898822780782,21.2167,-17.0167,4,https://allafrica.com/stories/202108310220.html
1024338642,20220121,MOROCCAN,,MAR,,196,4,-9.5,-0.56726094003241,21.2167,-17.0167,4,http://www.slguardian.org/2022/01/morocco-drives-war-in-western-sahara.html
1018343833,20211209,SPAIN,WESTERN SAHARA,ESP,MAR,182,4,-9.5,-4.80880648899189,27.135,-13.1625,4,https://www.middleeasteye.net/news/morocco-western-sahara-polisario-war-rockets-drones
1030333318,20220225,WESTERN SAHARA,MOROCCAN,MAR,MAR,190,4,-10.0,-1.66666666666667,27.4143,-9.04784,4,https://fr.allafrica.com/stories/202202250231.html
1009465361,20211015,WESTERN SAHARA,MOROCCAN,MAR,MAR,190,4,-10.0,-1.52671755725191,25.0,-13.5,1,https://fr.allafrica.com/stories/202110150679.html
1015213348,20211119,WESTERN SAHARA,,MAR,,190,4,-10.0,-2.08550573514077,25.0,-13.5,1,https://www.pressenza.com/2021/11/climate-colonialism-why-was-occupied-western-sahara-excluded-from-cop26-u-n-summit-in-scotland/
1009269510,20211014,POLICE,,,,171,4,-9.2,-3.9950602037666,27.135,-13.1625,4,https://www.crisisgroup.org/middle-east-north-africa/north-africa/western-sahara/227-relaunching-negotiations-over-western-sahara
984746888,20210513,MOROCCAN,WESTERN SAHARA,MAR,MAR,182,4,-9.5,-6.32603406326034,25.0,-13.5,1,https://www.aps.dz:443/monde/121722-espagne-ceas-sahara-appelle-la-communaute-internationale-a-proteger-la-population-sahraouie
958946508,20201210,MOROCCO,REBEL GROUP,MAR,,190,4,-10.0,-1.79738562091503,25.0,-13.5,1,https://www.msn.com/en-us/news/world/trump-says-morocco-joining-arab-states-building-ties-with-israel/ar-BB1bOFpk
928096971,20200608,KING,MALI,,MLI,190,4,-10.0,-3.85232744783306,25.0,-13.5,1,https://www.albawaba.com/ar/%D8%A3%D8%AE%D8%A8%D8%A7%D8%B1/%D9%85%D9%86-%D8%B3%D9%8A%D8%AE%D9%84%D9%81-%D8%B2%D8%B9%D9%8A%D9%85-%D8%A7%D9%84%D9%82%D8%A7%D8%B9%D8%AF%D8%A9-%D9%81%D9%8A-%D8%A7%D9%84%D9%85%D8%BA%D8%B1%D8%A8%D8%9F-1361133
985566097,20210518,MOROCCO,SPAIN,MAR,ESP,190,4,-10.0,-4.88301119023398,25.0,-13.5,1,https://www.nytimes.com/2021/05/18/world/europe/spain-migrants-ceuta-morocco.html
957428148,20201202,WESTERN SAHARA,BUSINESS,MAR,,191,4,-9.5,-3.69799691833591,21.2167,-17.0167,4,https://www.barrons.com/news/w-sahara-flare-up-spells-gloom-for-buffer-zone-businesses-01606872605
978801913,20210408,WESTERN SAHARA,POLICE CHIEF,MAR,,190,4,-10.0,-5.36912751677853,26.0928,-10.6089,4,https://thearabweekly.com/moroccos-armed-forces-kill-polisarios-police-commander
961325735,20201224,MAURITANIA,ALGERIA,MRT,DZA,190,4,-10.0,0.9727626459144,25.0,-13.5,1,https://www.middleeasteye.net/news/us-consulate-disputed-western-sahara-pompeo
958951924,20201210,AFRICA,,AFR,,190,4,-10.0,-3.29218106995885,25.0,-13.5,1,http://www.aps.dz/algerie/114026-la-resolution-du-pe-desequilibree-et-manque-de-tact-envers-un-etat-souverain
965731973,20210122,MILITARY,,,,190,4,-10.0,-4.51612903225807,25.0,-13.5,1,https://www.aps.dz/monde/116327-sahara-occidental-l-apls-atteint-des-secteurs-marocains-dans-la-region-de-ouarkziz
954808197,20201116,WESTERN SAHARA,,MAR,,190,4,-10.0,-7.78097982708934,25.0,-13.5,1,http://www.aps.dz/monde/112887-le-gouvernement-sahraoui-interpelle-la-communaute-internationale-sur-des-actes-de-represailles-diriges-a-l-encontre-des-sahraouis
988017084,20210601,RABAT,,MAR,,190,4,-10.0,-6.84931506849315,25.0,-13.5,1,https://www.msn.com/en-xl/news/other/spanish-court-refuses-to-jail-polisario-front-leader/ar-AAKBBVZ
956104875,20201124,MOROCCAN,THE UN,MAR,,192,4,-9.5,-0.16949152542373,21.2167,-17.0167,4,https://www.albawaba.com/news/end-sand-curtain-morocco-normalization-western-sahara-%C2%A0-1394671
1001766901,20210831,MOROCCO,,MAR,,190,4,-10.0,-2.253252935576,21.2167,-17.0167,4,https://www.herald.co.zw/inevitable-recognition-of-the-sahrawi-republic/
1013080919,20211107,MIGRANT,SPANISH,,ESP,192,4,-9.5,-5.0058207217695,25.0,-13.5,1,https://newsinfo.inquirer.net/1511736/why-is-the-western-sahara-conflict-heating-up
1013261517,20211108,RABAT,ARMY,MAR,,190,4,-10.0,-4.98737373737374,25.0,-13.5,1,https://www.echoroukonline.com/%D8%B5%D8%AD%D9%81-%D8%B9%D8%A8%D8%B1%D9%8A%D8%A9-%D8%A7%D9%84%D8%B1%D8%A8%D8%A7%D8%B7-%D8%AA%D8%B1%D9%8A%D8%AF-%D8%A7%D9%84%D9%82%D8%A8%D8%A9-%D8%A7%D9%84%D8%AD%D8%AF%D9%8A%D8%AF%D9%8A%D8%A9-%D9%84
1006376444,20210927,ALGERIA,WESTERN SAHARA,DZA,MAR,181,4,-9.0,-2.35191637630662,25.0,-13.5,1,https://www.middleeasteye.net/news/united-nations-general-assembly-final-day-middle-east-countries
1013284883,20211108,REBEL,MILITARY,,,190,4,-10.0,-5.88235294117647,21.2167,-17.0167,4,https://www.middleeasteye.net/news/western-sahara-rebels-attack-warn-morocco-escalation-polisario-front
1013284882,20211108,REBEL,PRESS AGENCY,,,194,4,-10.0,-5.88235294117647,21.2167,-17.0167,4,https://www.middleeasteye.net/news/western-sahara-rebels-attack-warn-morocco-escalation-polisario-front
1013996898,20211112,MOROCCAN,ALGERIAN,MAR,DZA,190,4,-10.0,-3.03398058252427,25.0,-13.5,1,https://politika.bg/bg/a/view/dokyde-moje-da-stigne-naprejenieto-mejdu-aljir-i-maroko-96162
1001766923,20210831,MOROCCO,,MAR,,190,4,-10.0,-2.253252935576,21.2167,-17.0167,4,https://www.herald.co.zw/inevitable-recognition-of-the-sahrawi-republic/
1012950145,20211106,MILITARY,,,,190,4,-10.0,-2.85714285714286,25.0,-13.5,1,http://lecourrier-dalgerie.com/le-pr-berkouk-lavait-predit-et-rahabi-met-en-garde-le-maroc-pousse-vers-lescalade-avec-lalgerie/
1011728585,20211029,MOROCCO,,MAR,,191,4,-9.5,-6.02549246813441,21.2167,-17.0167,4,https://www.crisisgroup.org/middle-east-north-africa/north-africa/western-sahara/washington-must-act-un-western-saharas-dangerous-crisis
1007809391,20211006,MILITARY,MOROCCO,,MAR,190,4,-10.0,-8.9579524680073,27.135,-13.1625,4,https://allafrica.com/stories/202104030246.html
1000780743,20210825,ISRAEL,,ISR,,1712,4,-9.2,-6.2780269058296,27.4143,-9.04784,4,https://www.lnr-dz.com/category/monde/?edition=7143
1010884251,20211025,WESTERN SAHARA,MAURITANIA,MAR,MRT,192,4,-9.5,-3.14581791265729,21.2167,-17.0167,4,https://www.lawfareblog.com/whats-next-western-sahara-conflict
996513496,20210724,MOROCCO,,MAR,,190,4,-10.0,-4.75578406169666,25.0,-13.5,1,https://www.alquds.co.uk/%D9%85%D8%B1%D9%83%D8%B2-%D8%A7%D8%B3%D8%AA%D8%AE%D8%A8%D8%A7%D8%B1%D8%A7%D8%AA%D9%8A-%D8%A3%D9%85%D8%B1%D9%8A%D9%83%D9%8A-%D9%87%D8%B0%D9%87-%D9%85%D8%AE%D8%A7%D8%B7%D8%B1-%D8%AA%D8%B2%D8%A7%D9%8A/
997639675,20210801,WESTERN SAHARA,,MAR,,190,4,-10.0,-4.3956043956044,25.0,-13.5,1,https://www.aps.dz/monde/125577-deces-du-militant-abdallah-lahbib-la-presidence-sahraouie-decrete-un-deuil-d-une-semaine
974247999,20210312,MOROCCAN,CIVILIAN,MAR,,190,4,-10.0,0.0,25.0,-13.5,1,https://www.aps.dz/monde/118998-sahara-occidental-le-senat-espagnol-adopte-une-motion-demandant-a-madrid-de-faciliter-une-solution-politique
932418130,20200630,WESTERN SAHARA,AL QAEDA,MAR,,190,4,-10.0,-4.8780487804878,25.0,-13.5,1,https://theconversation.com/why-the-african-union-has-failed-to-silence-the-guns-and-some-solutions-139567
954740711,20201115,RABAT,,MAR,,193,4,-10.0,-5.24781341107872,21.2167,-17.0167,4,https://www.reuters.com/article/us-morocco-westernsahara-idUSKBN27U0GE
961577240,20201227,ARMY,,,,190,4,-10.0,-4.39882697947214,26.6792,-11.6781,4,http://www.elbilad.net/article/detail?id=112303
1048724688,20220610,,WESTERN SAHARA,,MAR,190,4,-10.0,-8.17438692098092,25.0,-13.5,1,https://www.rfi.fr/fr/afrique/20220610-le-maroc-vis%C3%A9-par-une-nouvelle-s%C3%A9rie-de-plaintes-de-prisonniers-sahraouis
1043427540,20220509,,AUTHORITIES,,,190,4,-10.0,-6.14801864801865,26.1147,-14.3892,4,https://www.echoroukonline.com/%D9%82%D8%B6%D9%8A%D8%A9-%D8%B3%D9%84%D8%B7%D8%A7%D9%86%D8%A9-%D8%AE%D9%8A%D8%A7-%D9%86%D8%A7%D8%B4%D8%B7%D8%A9-%D8%A3%D9%85%D8%B1%D9%8A%D9%83%D9%8A%D8%A9-%D8%AA%D8%AE%D9%88%D8%B6-%D8%A5%D8%B6%D8%B1
1039687223,20220416,WESTERN SAHARA,,MAR,,190,4,-10.0,-5.47945205479452,25.0,-13.5,1,https://www.aps.dz:443/monde/138595-l-armee-sahraouie-mene-de-nouvelles-attaques-contre-les-retranchements-des-forces-de-l-occupant-marocain-dans-la-secteur-de-mahbes
1038725691,20220411,ALGERIA,,DZA,,190,4,-10.0,-4.61215932914047,25.0,-13.5,1,https://www.africaleader.com/news/272468723/cold-war-under-the-scorching-sun-how-a-new-conflict-is-brewing-in-africa
1042476481,20220503,MOROCCAN,,MAR,,190,4,-10.0,-1.48148148148148,25.0,-13.5,1,https://www.msn.com/en-gb/news/world/spain-s-sanchez-on-historic-morocco-visit-after-western-sahara-reversal/ar-AAVY1zB
1049709812,20220616,EUROPEAN,WESTERN SAHARA,EUR,MAR,190,4,-10.0,-2.51813913785745,25.0,-13.5,1,https://www.echoroukonline.com/%D8%B3%D9%81%D9%8A%D8%B1-%D8%A7%D9%84%D8%AC%D8%B2%D8%A7%D8%A6%D8%B1-%D9%8A%D8%B1%D8%A7%D8%B3%D9%84-%D9%85%D8%AC%D9%84%D8%B3-%D8%A7%D9%84%D8%A3%D9%85%D9%86-%D8%B1%D8%AF%D8%A7-%D8%B9%D9%84%D9%89
1038368401,20220408,MOROCCO,SPANISH,MAR,ESP,190,4,-10.0,0.48309178743962,25.0,-13.5,1,https://www.msn.com/en-xl/news/other/morocco-spain-mend-ties-after-change-in-policy-on-western-sahara/ar-AAVZwVG
1038241777,20220407,SPANISH,MOROCCO,ESP,MAR,190,4,-10.0,-1.60213618157543,25.0,-13.5,1,https://www.justiceinfo.net/en/90227-spains-sanchez-visits-morocco-as-tensions-ease.html
1043428042,20220509,MOROCCO,,MAR,,180,4,-9.0,-6.14801864801865,26.1147,-14.3892,4,https://www.echoroukonline.com/%D9%82%D8%B6%D9%8A%D8%A9-%D8%B3%D9%84%D8%B7%D8%A7%D9%86%D8%A9-%D8%AE%D9%8A%D8%A7-%D9%86%D8%A7%D8%B4%D8%B7%D8%A9-%D8%A3%D9%85%D8%B1%D9%8A%D9%83%D9%8A%D8%A9-%D8%AA%D8%AE%D9%88%D8%B6-%D8%A5%D8%B6%D8%B1
1046797592,20220529,MOROCCO,WESTERN SAHARA,MAR,MAR,180,4,-9.0,-5.44041450777202,26.1147,-14.3892,4,https://www.echoroukonline.com/%D8%A7%D9%84%D8%B5%D8%AD%D8%B1%D8%A7%D8%A1-%D8%A7%D9%84%D8%BA%D8%B1%D8%A8%D9%8A%D8%A9-%D8%A3%D9%85%D9%86%D9%8A%D8%B3%D8%AA%D9%8A-%D8%AA%D9%86%D8%B4%D8%B1-%D9%86%D8%AA%D8%A7%D8%A6%D8%AC-%D8%AA%D8%AD
1015778231,20211123,,CIVILIAN,,,190,4,-10.0,-3.58090185676393,25.0,-13.5,1,https://www.elperiodico.com/es/internacional/20211123/ministro-israeli-defensa-visita-marruecos-12891746
1010884370,20211025,MAURITANIA,,MRT,,192,4,-9.5,-3.14581791265729,21.2167,-17.0167,4,https://www.lawfareblog.com/whats-next-western-sahara-conflict
1012860368,20211105,NOUAKCHOTT,ALGERIAN,MRT,DZA,190,4,-10.0,-7.45098039215686,25.0,-13.5,1,https://www.francetvinfo.fr/monde/afrique/politique-africaine/alger-accuse-rabat-de-l-assassinat-de-trois-chauffeurs-algeriens_4834039.html
1008898202,20211012,WESTERN SAHARA,,MAR,,190,4,-10.0,-3.77697841726619,25.0,-13.5,1,https://www.tsa-algerie.com/retour-au-cessez-le-feu-au-sahara-occidental-les-conditions-dalger/
1014227300,20211114,REFUGEE,,,,192,4,-9.5,0.96774193548387,25.0,-13.5,1,https://lemaghreb.dz/?page=detail_actualite&rubrique=Internationnal&id=100194
1011864078,20211030,CIVILIAN,MOROCCAN,,MAR,190,4,-10.0,1.34228187919463,25.0,-13.5,1,https://www.aps.dz:443/monde/129634-le-conseil-de-securite-appelle-a-la-reprise-des-negociations-front-polisario-maroc
1015517761,20211122,WORKER,EUROPEAN,,EUR,190,4,-10.0,-1.61290322580645,25.0,-13.5,1,https://www.alquds.co.uk/%D8%A7%D8%AA%D9%81%D8%A7%D9%82%D9%8A%D8%A9-%D8%A7%D9%84%D8%B5%D9%8A%D8%AF-%D8%A7%D9%84%D8%A8%D8%AD%D8%B1%D9%8A-%D8%A8%D9%8A%D9%86-%D8%A7%D9%84%D9%85%D8%BA%D8%B1%D8%A8-%D9%88%D8%A7%D9%84%D8%A7%D8%AA/
1011608848,20211029,MOROCCO,,MAR,,192,4,-9.5,-0.10729613733906,21.2167,-17.0167,4,https://www.sydneysun.com/news/271602992/the-time-is-now-western-sahara-must-gain-independence
1015969717,20211124,ALGERIA,MOROCCO,DZA,MAR,190,4,-10.0,0.48076923076924,25.0,-13.5,1,https://news.yahoo.com/israel-morocco-publicize-once-secret-170434267.html
1015423847,20211121,SPAIN,,ESP,,192,4,-9.5,-9.23694779116468,25.0,-13.5,1,https://english.alaraby.co.uk/news/morocco-says-it-dismantled-illegal-migration-network
1006293623,20210927,MOROCCAN,MILITARY,MAR,,193,4,-10.0,-3.78378378378379,21.2167,-17.0167,4,https://www.fairobserver.com/region/middle_east_north_africa/gabriel-davis-western-sahara-polisario-front-trump-biden-administrations-us-morocco-relations-news-12127/
1009270059,20211014,THE EU,,EUR,,190,4,-10.0,-3.9950602037666,23.6609,-15.9532,4,https://www.crisisgroup.org/middle-east-north-africa/north-africa/western-sahara/227-relaunching-negotiations-over-western-sahara
1013284879,20211108,REBEL,WESTERN SAHARA,,MAR,190,4,-10.0,-5.88235294117647,21.2167,-17.0167,4,https://www.middleeasteye.net/news/western-sahara-rebels-attack-warn-morocco-escalation-polisario-front
1006718613,20210929,THE UN,WESTERN SAHARA,,MAR,194,4,-10.0,-1.16648992576882,21.2167,-17.0167,4,https://www.trtworld.com/opinion/biden-will-alter-rhetoric-but-won-t-change-course-on-western-sahara-43595
981630571,20210425,,MOROCCAN,,MAR,190,4,-10.0,-2.23671336944219,25.0,-13.5,1,http://lecourrier-dalgerie.com/sahara-occidental-lapls-multiplie-les-attaques-contre-les-positions-marocaines/
954919554,20201117,ALGERIAN,MILITARY,DZA,,196,4,-9.5,0.30769230769231,21.2167,-17.0167,4,https://english.aawsat.com/home/article/2630106/algerian-party-calls-sahara-referendum-boosting-maghreb-unity
958452951,20201208,MOROCCAN,SOUTH AFRICAN,MAR,ZAF,190,4,-10.0,-1.01626016260163,25.0,-13.5,1,https://www.spsrasd.info/news/en/articles/2020/12/07/29381.html
941388709,20200818,MALI,BURKINA FASO,MLI,BFA,190,4,-10.0,-6.86119873817035,25.0,-13.5,1,https://allafrica.com/stories/202008180067.html
955043346,20201118,MOROCCAN,MILITARY,MAR,,190,4,-10.0,-5.61272217025258,24.1667,-13.25,4,http://www.liberte-algerie.com/international/le-front-polisario-intensifie-son-offensive-militaire-349200
962530067,20210104,,WESTERN SAHARA,,MAR,190,4,-10.0,-8.1277213352685,25.0,-13.5,1,https://fr.allafrica.com/stories/202101020301.html
956394519,20201125,MOROCCAN,,MAR,,196,4,-9.5,-5.62015503875969,21.2167,-17.0167,4,https://www.spsrasd.info/news/en/articles/2020/11/11/28370.html
985873986,20210520,MIGRANT,MOROCCAN,,MAR,192,4,-9.5,-3.68956743002545,25.0,-13.5,1,http://north-africa.com/2021/05/morocco-uses-threat-of-migrants-to-force-spain-to-change-its-position-on-the-western-sahara-conflict/
969679849,20210215,MOROCCAN,,MAR,,182,4,-9.5,-7.0528967254408,26.1147,-14.3892,4,https://fr.allafrica.com/stories/202102150074.html
960262501,20201218,WESTERN SAHARA,POLICE,MAR,,190,4,-10.0,-3.75203915171289,26.1147,-14.3892,4,https://www.hrw.org/news/2020/12/18/western-sahara-morocco-cracks-down-activists
1012402049,20211103,MOROCCO,,MAR,,192,4,-9.5,-0.58365758754864,21.2167,-17.0167,4,https://www.onlineopinion.com.au/view.asp?article=21697
1006081795,20210926,HUMAN RIGHTS GROUP,WESTERN SAHARA,,MAR,190,4,-10.0,-3.5,25.0,-13.5,1,https://www.reuters.com/world/europe/lawyer-polisarios-ghali-ask-spanish-court-drop-war-crimes-case-2021-06-01/
1012581612,20211104,MOROCCAN,MOROCCO,MAR,MAR,194,4,-10.0,-9.67741935483873,25.0,-13.5,1,https://akhbarlibya24.net/2021/11/03/%D8%A7%D9%84%D8%AC%D8%B2%D8%A7%D8%A6%D8%B1-%D8%AA%D8%B9%D9%84%D9%86-%D9%85%D9%82%D8%AA%D9%84-%D8%AB%D9%84%D8%A7%D8%AB%D8%A9-%D9%85%D9%88%D8%A7%D8%B7%D9%86%D9%8A%D9%86-%D8%A8%D9%80%D9%82%D8%B5%D9%81/
1012391230,20211102,MOROCCO,,MAR,,192,4,-9.5,0.21367521367521,21.2167,-17.0167,4,https://www.onlineopinion.com.au/view.asp?article=21697&page=0
1015970241,20211124,MOROCCO,ALGERIA,MAR,DZA,190,4,-10.0,0.48076923076924,25.0,-13.5,1,https://news.yahoo.com/israel-morocco-publicize-once-secret-170434267.html
1009270060,20211014,THE EU,WESTERN SAHARA,EUR,MAR,190,4,-10.0,-3.9950602037666,23.6609,-15.9532,4,https://www.crisisgroup.org/middle-east-north-africa/north-africa/western-sahara/227-relaunching-negotiations-over-western-sahara
1007809393,20211006,MILITARY,ACTIVIST,,,190,4,-10.0,-8.9579524680073,27.135,-13.1625,4,https://allafrica.com/stories/202104030246.html
985720024,20210519,WESTERN SAHARA,WESTERN SAHARA,MAR,MAR,190,4,-10.0,-9.62962962962966,25.0,-13.5,1,https://www.reuters.com/article/us-europe-migrants-spain-polisario/spain-high-court-issues-war-crime-case-summons-against-polisario-front-leader-ghali-idUSKCN2D00ZV
965960404,20210124,WESTERN SAHARA,MAURITANIA,MAR,MRT,190,4,-10.0,-5.84615384615385,21.2167,-17.0167,4,https://www.france24.com/en/live-news/20210124-w-sahara-s-polisario-front-says-it-attacked-guerguerat-border-area
985968079,20210520,MADRID,RABAT,ESP,MAR,190,4,-10.0,-5.54785020804438,25.0,-13.5,1,https://www.bangkokpost.com/world/2118955/clashes-on-morocco-border-as-madrid-accuses-rabat-of-blackmail
965994547,20210124,REBEL,,,,194,4,-10.0,-6.38984167569855,21.2167,-17.0167,4,http://www.msn.com/en-us/news/world/w-sahara-rebels-launch-attack-warn-morocco-of-escalation/ar-BB1d2QUk
984543738,20210512,ACTIVIST,MOROCCAN,,MAR,180,4,-9.0,-6.14754098360656,26.1147,-14.3892,4,https://www.aps.dz/monde/121685-le-domicile-de-la-militante-sahraouie-sultana-khaya-prit-d-assaut-par-les-forces-d-occupations-marocaines
962399109,20210102,WESTERN SAHARA,,MAR,,190,4,-10.0,-7.57097791798107,25.0,-13.5,1,http://www.aps.dz/monde/115296-le-peuple-sahraoui-frustre-par-l-inaction-de-l-onu-face-aux-violations-marocaines
959009416,20201211,MILITARY,,,,1821,4,-9.0,-3.18655851680186,25.0,-13.5,1,http://www.msn.com/en-us/news/politics/overnight-defense-biden-taps-ex-obama-chief-for-va-shutdown-looms-amid-standoff-scotus-rules-on-rape-cases-in-military/ar-BB1bPmVn
965376627,20210120,MOROCCO,MILITARY,MAR,,190,4,-10.0,-1.16666666666667,25.0,-13.5,1,https://fr.sputniknews.com/afrique/202101201045103618-qui-est-le-general-makri-nomme-chef-du-service-de-renseignement-exterieur-algerien/
988726069,20210606,SPANISH,ACTIVIST,ESP,,1822,4,-9.0,-4.88888888888889,25.0,-13.5,1,https://www.spsrasd.info/news/en/articles/2021/06/05/33605.html
941388736,20200818,NIGER,BURKINA FASO,NER,BFA,190,4,-10.0,-6.86119873817035,25.0,-13.5,1,https://allafrica.com/stories/202008180067.html
956550692,20201126,WESTERN SAHARA,CIVILIAN,MAR,,190,4,-10.0,-10.3703703703704,27.135,-13.1625,4,http://english.ahram.org.eg/NewsContent/2/8/395651/World/Region/Morocco-upholds-jail-terms-for-Sahrawis-over--kill.aspx
960262102,20201218,CIVILIAN,MAURITANIA,,MRT,191,4,-9.5,-3.75203915171289,21.2167,-17.0167,4,https://www.hrw.org/news/2020/12/18/western-sahara-morocco-cracks-down-activists
987660921,20210530,,WESTERN SAHARA,,MAR,190,4,-10.0,-6.65362035225049,21.2167,-17.0167,4,https://www.dw.com/en/new-clashes-in-western-sahara-threaten-decades-old-cease-fire/a-55598424
966506510,20210127,MOHAMMED VI,,MAR,,194,4,-10.0,-3.38983050847458,21.2167,-17.0167,4,"https://www.africaintelligence.com/north-africa_diplomacy/2021/01/27/macron-s-secret-call-with-mohammed-vi-and-tebboune-day-after-polisario-attack,109638166-ar1"
988702000,20210605,SPAIN,ACTIVIST,ESP,,1822,4,-9.0,-4.34782608695652,25.0,-13.5,1,https://www.aps.dz/monde/123058-aminatou-haidar-l-espagne-se-doit-conduire-la-decolonisation-au-sahara-occidental
956594482,20201126,REBEL,MOROCCO,,MAR,190,4,-10.0,-10.3260869565217,25.0,-13.5,1,https://www.urdupoint.com/en/world/morocco-upholds-jail-terms-for-sahrawis-over-1097455.html
958453446,20201208,SOUTH AFRICAN,MOROCCAN,ZAF,MAR,190,4,-10.0,-1.01626016260163,25.0,-13.5,1,https://www.spsrasd.info/news/en/articles/2020/12/07/29381.html
988726068,20210606,SPANISH,SPAIN,ESP,ESP,1822,4,-9.0,-4.88888888888889,25.0,-13.5,1,https://www.spsrasd.info/news/en/articles/2021/06/05/33605.html
979240695,20210411,SEPARATIST,POLICE CHIEF,,,190,4,-10.0,-4.50450450450451,26.0928,-10.6089,4,http://www.naharnet.com/stories/en/280800
994933526,20210714,JOURNALIST,ACTIVIST,,,175,4,-9.0,-4.68368840461863,23.6609,-15.9532,4,https://www.amnestyalgerie.org/2021/07/14/maroc-et-sahara-occidental-repression-ciblee-de-militants-saharouis/
1011919372,20211031,,MOROCCO,,MAR,190,4,-10.0,-3.74531835205992,25.0,-13.5,1,https://mareeg.com/decolonizing-western-sahara/
1001766925,20210831,MOROCCO,WESTERN SAHARA,MAR,MAR,190,4,-10.0,-2.253252935576,21.2167,-17.0167,4,https://www.herald.co.zw/inevitable-recognition-of-the-sahrawi-republic/
1012662539,20211104,ALGERIA,ALGERIA,DZA,DZA,190,4,-10.0,-4.24657534246575,25.0,-13.5,1,https://www.leconomistemaghrebin.com/2021/11/04/regain-tension-algerie-maroc-tunisie-tenaille/
1014638033,20211116,MOROCCO,WESTERN SAHARA,MAR,MAR,190,4,-10.0,-3.78719567177638,25.0,-13.5,1,https://new.finalcall.com/2021/11/16/u-s-hypocrisy-war-in-western-sahara-could-ignite-north-africa/
1006376442,20210927,ALGERIA,MOROCCO,DZA,MAR,181,4,-9.0,-2.35191637630662,25.0,-13.5,1,https://www.middleeasteye.net/news/united-nations-general-assembly-final-day-middle-east-countries
1011579899,20211028,MOROCCO,,MAR,,192,4,-9.5,-0.10729613733906,21.2167,-17.0167,4,https://www.bignewsnetwork.com/news/271602992/the-time-is-now-western-sahara-must-gain-independence
1010963333,20211025,,ARMY,,,190,4,-10.0,-5.21428571428571,25.0,-13.5,1,https://www.echoroukonline.com/%D8%A8%D8%A7%D9%84%D9%81%D9%8A%D8%AF%D9%8A%D9%88-%D9%82%D9%86%D8%A7%D8%A9-%D8%B3%D9%88%D9%8A%D8%B3%D8%B1%D9%8A%D8%A9-%D8%AA%D8%A8%D8%AB-%D8%AA%D9%82%D8%B1%D9%8A%D8%B1%D8%A7-%D8%AD%D9%88%D9%84-%D8%AD
1014193438,20211113,REFUGEE,,,,192,4,-9.5,1.84331797235024,25.0,-13.5,1,https://fr.allafrica.com/stories/202111130163.html
1003551406,20210911,WESTERN SAHARA,,MAR,,180,4,-9.0,-4.41176470588235,25.0,-13.5,1,http://lecourrier-dalgerie.com/pour-le-mae-algerien-les-alliances-israelo-arabes-sont-dirigees-contre-le-voisin/
1000192242,20210821,ADMINISTRATION,WESTERN SAHARA,,MAR,192,4,-9.5,-1.40845070422536,25.0,-13.5,1,http://lecourrier-dalgerie.com/il-cherche-refuge-aupres-de-son-parrain-sioniste-m6-lance-un-sos-a-isaac-herzog/
1015810928,20211123,ARMY,MOROCCAN,,MAR,190,4,-10.0,-4.69973890339425,25.0,-13.5,1,https://www.ennaharonline.com/%D9%82%D8%B5%D9%81-%D9%85%D8%AF%D9%85%D8%B1-%D9%84%D9%84%D8%AC%D9%8A%D8%B4-%D8%A7%D9%84%D8%B5%D8%AD%D8%B1%D8%A7%D9%88%D9%8A-%D8%B9%D9%84%D9%89-%D9%82%D9%88%D8%A7%D8%AA-%D8%A7%D9%84%D9%85%D8%AE%D8%B2/
1012524629,20211103,ALGERIAN,NOUAKCHOTT,DZA,MRT,190,4,-10.0,-4.14937759336099,25.0,-13.5,1,http://lecourrier-dalgerie.com/trois-ressortissants-algeriens-lachement-assassines-sur-laxe-nouakchott-ouargla/
1012662540,20211104,ALGERIAN,ALGERIAN,DZA,DZA,190,4,-10.0,-4.24657534246575,25.0,-13.5,1,https://www.leconomistemaghrebin.com/2021/11/04/regain-tension-algerie-maroc-tunisie-tenaille/
1013063577,20211107,MOROCCO,ALGERIA,MAR,DZA,190,4,-10.0,-5.3835800807537,25.0,-13.5,1,https://www.letelegramme.fr/monde/au-coeur-du-conflit-gele-du-sahara-occidental-07-11-2021-12862293.php
1007331262,20211003,MOROCCO,,MAR,,190,4,-10.0,-6.21468926553673,25.0,-13.5,1,http://www.msn.com/en-us/news/world/western-sahara-situation-significantly-deteriorated-un-chief-says/ar-AAP59zb
1001569086,20210829,SECURITY FORCE,,,,180,4,-9.0,-4.46096654275093,26.1147,-14.3892,4,https://amnesty.ca/location/morocco-western-sahara/annual-report-morocco-western-sahara/