GLOBALEVENTID,extract,status,SQLDATE,Actor1Name,Actor2Name,Actor1CountryCode,Actor2CountryCode,EventCode,QuadClass,GoldsteinScale,AvgTone,ActionGeo_Lat,ActionGeo_Long,ActionGeo_Type,SOURCEURL,domain,has_casualty_mention,has_repression_mention,date,id,relid,year,active_year,code_status,type_of_violence,conflict_dset_id,conflict_new_id,conflict_name,dyad_dset_id,dyad_new_id,dyad_name,side_a_dset_id,side_a_new_id,side_a,side_b_dset_id,side_b_new_id,side_b,number_of_sources,source_article,source_office,source_date,source_headline,source_original,where_prec,where_coordinates,where_description,adm_1,adm_2,latitude,longitude,geom_wkt,priogrid_gid,country,country_id,region,event_clarity,date_prec,date_start,date_end,deaths_a,deaths_b,deaths_civilians,deaths_unknown,best,high,low,gwnoa,gwnob
954656721,,no_fetch,20201112,WESTERN SAHARA,FRANCE,MAR,FRA,192,4,-9.5,-3.53200883002208,25.0,-13.5,1,http://www.aps.dz/monde/112688-el-guerguerat-le-maroc-prepare-une-nouvelle-agression-avec-l-assentimentde-la-france-denonce-le-pcf,www.aps.dz,False,False,2020-11-12,391501.0,MOR-2020-1-721-7,2020.0,False,Clear,1.0,331.0,331.0,Morocco: Sahrawi Arab Democratic Republic (Western Sahara),721.0,721.0,Government of Morocco - POLISARIO,108.0,108.0,Government of Morocco,563.0,563.0,POLISARIO,1.0,"""ICH,2021-03-11,Time for International Re-engagement in Western Sahara""",ICH,2021-03-11,Time for International Re-engagement in Western Sahara,UN sources,5.0,Western Sahara,along the sand berm,,,26.013033,-12.096408,POINT (-12.096408 26.013033),167376.0,Morocco,600.0,Africa,2.0,3.0,2020-11-14,2020-11-20 00:00:00.000,2.0,0.0,0.0,0.0,2.0,2.0,2.0,600.0,
959296870,"Activists call for release of citizen journalist and campaigners in Western Sahara
Activists are calling on Moroccan authorities to immediately drop charges against citizen journalist Ibrahim Amrikli as well as other journalists and activists in Western Sahara.
Amrikli, 23, covered protests and produced a number of videos that detailed human rights violations perpetrated by the Moroccan police against Sahrawi citizens during the past few years before he was arrested.
According to the Nushatta Foundation, a youth organisation that monitors the human rights situation in Western Sahara, Amrikli was arrested after being charged with offending public officials and breaching quarantine on 15 May.
The organisation has called on Morocco to drop all charges against Amrikli and urged the United Nations to fulfil its responsibility to protect Sahrawi citizen journalists.
In a statement, the foundation condemned the violence against activists and journalists, saying that many are subject to surveillance, defamation or detention.
New MEE newsletter: Jerusalem Dispatch
Sign up to get the latest insights and analysis on Israel-Palestine, alongside Turkey Unpacked and other MEE newsletters
""The Nushatta Foundation considers the arrest of its video journalist as evidence of systematic targeting aimed at its journalists who are reporting what takes place inside Western Sahara.""
Amrikli is now on conditional release pending his next court appearance, which is due to take place in January.
A crackdown came shortly before Morocco signed a US-broked normalisation deal with Israel that will also see the United States recognising Moroccan sovereignty over Western Sahara.
Speaking to Middle East Eye from hiding, Amrikli explained what happened on the day of his arrest.
""I was on the way to the pharmacy when four plainclothes policemen got out of a car and asked me for my name, then took me away to the police headquarters with no other information.
""When I asked why I was being arrested, they said it was because I was involved in violent activity and was encouraging people to attack the police and insult officials.
""I was left alone in a room for five or six hours and was not allowed to have suhur [pre-dawn meal before fasting]. I was beaten and smacked during the investigation. My phone was taken, and they went through all my photos and messages, mocking me,"" he said.
During his detention, Amrikli said, he was forced under psychological and physical pressure to sign a police report admitting to the charges made against him.
""I was forced to sign papers that said I was involved in violence and breached quarantine laws. It was a very difficult and hard experience. There were a lot of contradictions. They said I was involved in drug trafficking and violence. It's clear that I was charged with fake charges,"" he said.
Amrikli said he is now living in fear due to the crackdown on activists and citizen journalists like himself. He also said he finds it very difficult to contact his family.
""I'm scared and worried. I want to find a way to get out of here and escape to Spain. I'm not ready to spend most of life in prison for something I didn't commit. Police are pressuring my family, and authorities are monitoring social media,"" he said.
""It is difficult to think that I will face my ending because of my very simple activism as a citizen journalist who is trying to fill in the gap on what international media are not able to cover. It is frustrating.""
'Peaceful activism'
Western Sahara, a former Spanish colony, was claimed by Morocco in 1957 and is believed to have significant offshore oil reserves and mineral resources.
Its indigenous population has fiercely rejected Moroccan control, however, and between 1975 and 1991 the Polisario Front fought an insurgency against Rabat's presence.
Polisario estimates the indigenous population of Western Sahara to be between 350,000 and 500,000 and has long called for their right to a referendum on independence, something that has also been promised by UN resolutions.
Polisario has repeatedly accused Morocco of exploiting the region's natural resources while half of its population await a referendum in camps and in exile.
Mahmoud Lemaadel, an activist who regularly sheds light on violations in the Western Sahara region, said that he and other activists are frequently targeted.
""Moroccan occupying forces are targeting us and others because of our peaceful activism as citizen journalists who are exposing the human rights violations committed in the Western Sahara, which has not been accessible to the international media outlets. Therefore our work has been filling the gap,"" he told MEE.
According to Lemaadel, many activists and journalists are given vague charges once they are detained.
""People are targeted in different ways. For instance, subjection to violence in the streets, house arrest, defamation, the direct threat of police, and constant surveillance, smears, incitement on social media,"" he said.
""Many of the charges against people are to do with insulting officials at work, involvement in violence, drug trafficking or betrayal.""
Amnesty International has previously called on Moroccan authorities to drop the charges against Amrikli.
""The circumstances of Ibrahim Amrikli's arrest, interrogation and charges suggest that he was targeted for his work as a citizen-journalist and human rights activist,"" Amnesty said in a statement.
Lemaadel expressed concern over the location of activists and journalists who have been detained by authorities.
""Amrikli is hidden now... we are deeply concerned and scared and feel like we are left to encounter our fate alone.""
A student, 13-year-old Hayat Addia, told MEE that she was sexually harassed and interrogated after she was reported for having painted the flag of Western Sahara on her uniform.
""I went to school wearing uniform where I painted a big flag of Western Sahara... someone told the grade general, who called me in for questioning. He asked me where I consider myself to be based, and when I said Western Sahara he said this was wrong and that it should be the Moroccan flag instead of what I painted,"" she said.
""Suddenly they called my mum, and we were told we had to go to the police headquarters. They took my phone and found footage of Western Sahara protests, and told me that now I was in real trouble. I was taken to a basement, where I was insulted and yelled at and slapped.""
Crying, Addia told MEE that the content on her phone was thoroughly investigated and later turned into documents to be used against her.
""They even investigated me about the contacts I have on my phone, like my friends. A plainclothes policeman also grabbed me, and I was taken to a room where I was told I was going to be raped. I was also given a big photo of the King of Morocco and told to kneel down and kiss it.""
Activists and citizen journalists in Western Sahara now feel that they will be targeted even more following Trump's announcement on Thursday that the US is to recognise Western Sahara as part of the North African kingdom.
""This decision is against international law and charters, and it's impacting us deeply and widely as a community of activists based in the Moroccan-occupied territory of Western Sahara,"" said Lemaadel.
Last month, Moroccan forces and Polisario fighters clashed over a protest blocking a highway into Mauritania, with the Sahrawi movement declaring the 1991 ceasefire over.
Morocco's Royal Court said the US will open a consulate in the Western Sahara.
Last month, Bahrain, which normalised ties with Israel in September, also said it was opening a consulate in the territory.
Trump's announcement was denounced by Sahrawis.
""Simply, it's a green light to Morocco to maintain its military occupation in the last colony of Africa,"" said Lemaadel.
Middle East Eye delivers independent and unrivalled coverage and analysis of the Middle East, North Africa and beyond. To learn more about republishing this content and the associated fees, please fill out this form. More about MEE can be found here.",success,20201112,FIGHTER,MAURITANIA,,MRT,190,4,-10.0,-6.80587780355762,25.0,-13.5,1,https://www.middleeasteye.net/news/western-sahara-activists-call-release-citizen-journalist-campaigners,www.middleeasteye.net,False,True,2020-11-12,391501.0,MOR-2020-1-721-7,2020.0,False,Clear,1.0,331.0,331.0,Morocco: Sahrawi Arab Democratic Republic (Western Sahara),721.0,721.0,Government of Morocco - POLISARIO,108.0,108.0,Government of Morocco,563.0,563.0,POLISARIO,1.0,"""ICH,2021-03-11,Time for International Re-engagement in Western Sahara""",ICH,2021-03-11,Time for International Re-engagement in Western Sahara,UN sources,5.0,Western Sahara,along the sand berm,,,26.013033,-12.096408,POINT (-12.096408 26.013033),167376.0,Morocco,600.0,Africa,2.0,3.0,2020-11-14,2020-11-20 00:00:00.000,2.0,0.0,0.0,0.0,2.0,2.0,2.0,600.0,
959296868,"Activists call for release of citizen journalist and campaigners in Western Sahara
Activists are calling on Moroccan authorities to immediately drop charges against citizen journalist Ibrahim Amrikli as well as other journalists and activists in Western Sahara.
Amrikli, 23, covered protests and produced a number of videos that detailed human rights violations perpetrated by the Moroccan police against Sahrawi citizens during the past few years before he was arrested.
According to the Nushatta Foundation, a youth organisation that monitors the human rights situation in Western Sahara, Amrikli was arrested after being charged with offending public officials and breaching quarantine on 15 May.
The organisation has called on Morocco to drop all charges against Amrikli and urged the United Nations to fulfil its responsibility to protect Sahrawi citizen journalists.
In a statement, the foundation condemned the violence against activists and journalists, saying that many are subject to surveillance, defamation or detention.
New MEE newsletter: Jerusalem Dispatch
Sign up to get the latest insights and analysis on Israel-Palestine, alongside Turkey Unpacked and other MEE newsletters
""The Nushatta Foundation considers the arrest of its video journalist as evidence of systematic targeting aimed at its journalists who are reporting what takes place inside Western Sahara.""
Amrikli is now on conditional release pending his next court appearance, which is due to take place in January.
A crackdown came shortly before Morocco signed a US-broked normalisation deal with Israel that will also see the United States recognising Moroccan sovereignty over Western Sahara.
Speaking to Middle East Eye from hiding, Amrikli explained what happened on the day of his arrest.
""I was on the way to the pharmacy when four plainclothes policemen got out of a car and asked me for my name, then took me away to the police headquarters with no other information.
""When I asked why I was being arrested, they said it was because I was involved in violent activity and was encouraging people to attack the police and insult officials.
""I was left alone in a room for five or six hours and was not allowed to have suhur [pre-dawn meal before fasting]. I was beaten and smacked during the investigation. My phone was taken, and they went through all my photos and messages, mocking me,"" he said.
During his detention, Amrikli said, he was forced under psychological and physical pressure to sign a police report admitting to the charges made against him.
""I was forced to sign papers that said I was involved in violence and breached quarantine laws. It was a very difficult and hard experience. There were a lot of contradictions. They said I was involved in drug trafficking and violence. It's clear that I was charged with fake charges,"" he said.
Amrikli said he is now living in fear due to the crackdown on activists and citizen journalists like himself. He also said he finds it very difficult to contact his family.
""I'm scared and worried. I want to find a way to get out of here and escape to Spain. I'm not ready to spend most of life in prison for something I didn't commit. Police are pressuring my family, and authorities are monitoring social media,"" he said.
""It is difficult to think that I will face my ending because of my very simple activism as a citizen journalist who is trying to fill in the gap on what international media are not able to cover. It is frustrating.""
'Peaceful activism'
Western Sahara, a former Spanish colony, was claimed by Morocco in 1957 and is believed to have significant offshore oil reserves and mineral resources.
Its indigenous population has fiercely rejected Moroccan control, however, and between 1975 and 1991 the Polisario Front fought an insurgency against Rabat's presence.
Polisario estimates the indigenous population of Western Sahara to be between 350,000 and 500,000 and has long called for their right to a referendum on independence, something that has also been promised by UN resolutions.
Polisario has repeatedly accused Morocco of exploiting the region's natural resources while half of its population await a referendum in camps and in exile.
Mahmoud Lemaadel, an activist who regularly sheds light on violations in the Western Sahara region, said that he and other activists are frequently targeted.
""Moroccan occupying forces are targeting us and others because of our peaceful activism as citizen journalists who are exposing the human rights violations committed in the Western Sahara, which has not been accessible to the international media outlets. Therefore our work has been filling the gap,"" he told MEE.
According to Lemaadel, many activists and journalists are given vague charges once they are detained.
""People are targeted in different ways. For instance, subjection to violence in the streets, house arrest, defamation, the direct threat of police, and constant surveillance, smears, incitement on social media,"" he said.
""Many of the charges against people are to do with insulting officials at work, involvement in violence, drug trafficking or betrayal.""
Amnesty International has previously called on Moroccan authorities to drop the charges against Amrikli.
""The circumstances of Ibrahim Amrikli's arrest, interrogation and charges suggest that he was targeted for his work as a citizen-journalist and human rights activist,"" Amnesty said in a statement.
Lemaadel expressed concern over the location of activists and journalists who have been detained by authorities.
""Amrikli is hidden now... we are deeply concerned and scared and feel like we are left to encounter our fate alone.""
A student, 13-year-old Hayat Addia, told MEE that she was sexually harassed and interrogated after she was reported for having painted the flag of Western Sahara on her uniform.
""I went to school wearing uniform where I painted a big flag of Western Sahara... someone told the grade general, who called me in for questioning. He asked me where I consider myself to be based, and when I said Western Sahara he said this was wrong and that it should be the Moroccan flag instead of what I painted,"" she said.
""Suddenly they called my mum, and we were told we had to go to the police headquarters. They took my phone and found footage of Western Sahara protests, and told me that now I was in real trouble. I was taken to a basement, where I was insulted and yelled at and slapped.""
Crying, Addia told MEE that the content on her phone was thoroughly investigated and later turned into documents to be used against her.
""They even investigated me about the contacts I have on my phone, like my friends. A plainclothes policeman also grabbed me, and I was taken to a room where I was told I was going to be raped. I was also given a big photo of the King of Morocco and told to kneel down and kiss it.""
Activists and citizen journalists in Western Sahara now feel that they will be targeted even more following Trump's announcement on Thursday that the US is to recognise Western Sahara as part of the North African kingdom.
""This decision is against international law and charters, and it's impacting us deeply and widely as a community of activists based in the Moroccan-occupied territory of Western Sahara,"" said Lemaadel.
Last month, Moroccan forces and Polisario fighters clashed over a protest blocking a highway into Mauritania, with the Sahrawi movement declaring the 1991 ceasefire over.
Morocco's Royal Court said the US will open a consulate in the Western Sahara.
Last month, Bahrain, which normalised ties with Israel in September, also said it was opening a consulate in the territory.
Trump's announcement was denounced by Sahrawis.
""Simply, it's a green light to Morocco to maintain its military occupation in the last colony of Africa,"" said Lemaadel.
Middle East Eye delivers independent and unrivalled coverage and analysis of the Middle East, North Africa and beyond. To learn more about republishing this content and the associated fees, please fill out this form. More about MEE can be found here.",success,20201112,MAURITANIA,FIGHTER,MRT,,190,4,-10.0,-6.80587780355762,25.0,-13.5,1,https://www.middleeasteye.net/news/western-sahara-activists-call-release-citizen-journalist-campaigners,www.middleeasteye.net,False,True,2020-11-12,391501.0,MOR-2020-1-721-7,2020.0,False,Clear,1.0,331.0,331.0,Morocco: Sahrawi Arab Democratic Republic (Western Sahara),721.0,721.0,Government of Morocco - POLISARIO,108.0,108.0,Government of Morocco,563.0,563.0,POLISARIO,1.0,"""ICH,2021-03-11,Time for International Re-engagement in Western Sahara""",ICH,2021-03-11,Time for International Re-engagement in Western Sahara,UN sources,5.0,Western Sahara,along the sand berm,,,26.013033,-12.096408,POINT (-12.096408 26.013033),167376.0,Morocco,600.0,Africa,2.0,3.0,2020-11-14,2020-11-20 00:00:00.000,2.0,0.0,0.0,0.0,2.0,2.0,2.0,600.0,
954726481,"Polisario says new fighting in W.Sahara
Algiers (AFP) –
Issued on:
The pro-independence Polisario Front said Saturday that clashes are continuing in the disputed Western Sahara after the Moroccan army launched an operation in the buffer zone on its southern border.
""Fighting is continuing after the crime committed by Moroccan troops in Guerguerat,"" senior Polisario official Mohamed Salem Ould Salek told AFP.
The ceasefire supervised by the United Nations since 1991 is a ""thing of the past"", added Ould Salek, who serves as foreign minister of the Polisario-declared Sahrawi Arab Democratic Republic (SADR).
On Friday, Morocco announced that its troops had launched an operation to reopen the final section of the highway through Western Sahara to Mauritania by extending its network of defensive walls.
Dozens of truck drivers have been stranded for days at Guerguerat, the last Moroccan-held stop before the road enters a buffer zone along the border where the Polisario has maintained a periodic presence.
A communique issued by the SADR defence ministry late Friday said Sahrawi forces had carried out ""massive attacks"" during the afternoon at multiple points along Morocco's 2,700 kilometre (1,700 mile) long defensive wall.
It said they had inflicted ""human and material damage on the enemy"" but did not elaborate.
There was no immediate independent verification of the defence ministry's claim.
For its part, the Moroccan army general staff declared late Friday that ""the Guerguerat crossing between Morocco and Mauritania has now been fully made safe by the installation of a security cordon by the Royal Armed Forces.""
It made no mention of any attacks elsewhere along its desert wall.
© 2020 AFP",success,20201114,MOROCCAN,WESTERN SAHARA,MAR,MAR,190,4,-10.0,-4.92424242424242,21.2167,-17.0167,4,https://www.rfi.fr/en/wires/20201114-polisario-says-new-fighting-wsahara,www.rfi.fr,False,False,2020-11-14,391501.0,MOR-2020-1-721-7,2020.0,False,Clear,1.0,331.0,331.0,Morocco: Sahrawi Arab Democratic Republic (Western Sahara),721.0,721.0,Government of Morocco - POLISARIO,108.0,108.0,Government of Morocco,563.0,563.0,POLISARIO,1.0,"""ICH,2021-03-11,Time for International Re-engagement in Western Sahara""",ICH,2021-03-11,Time for International Re-engagement in Western Sahara,UN sources,5.0,Western Sahara,along the sand berm,,,26.013033,-12.096408,POINT (-12.096408 26.013033),167376.0,Morocco,600.0,Africa,2.0,3.0,2020-11-14,2020-11-20 00:00:00.000,2.0,0.0,0.0,0.0,2.0,2.0,2.0,600.0,
954740711,,no_fetch,20201115,RABAT,,MAR,,193,4,-10.0,-5.24781341107872,21.2167,-17.0167,4,https://www.reuters.com/article/us-morocco-westernsahara-idUSKBN27U0GE,www.reuters.com,False,False,2020-11-15,391501.0,MOR-2020-1-721-7,2020.0,False,Clear,1.0,331.0,331.0,Morocco: Sahrawi Arab Democratic Republic (Western Sahara),721.0,721.0,Government of Morocco - POLISARIO,108.0,108.0,Government of Morocco,563.0,563.0,POLISARIO,1.0,"""ICH,2021-03-11,Time for International Re-engagement in Western Sahara""",ICH,2021-03-11,Time for International Re-engagement in Western Sahara,UN sources,5.0,Western Sahara,along the sand berm,,,26.013033,-12.096408,POINT (-12.096408 26.013033),167376.0,Morocco,600.0,Africa,2.0,3.0,2020-11-14,2020-11-20 00:00:00.000,2.0,0.0,0.0,0.0,2.0,2.0,2.0,600.0,
954748331,,no_fetch,20201115,MOROCCO,,MAR,,190,4,-10.0,-5.83941605839416,21.2167,-17.0167,4,https://allafrica.com/stories/202011140062.html,allafrica.com,False,False,2020-11-15,391501.0,MOR-2020-1-721-7,2020.0,False,Clear,1.0,331.0,331.0,Morocco: Sahrawi Arab Democratic Republic (Western Sahara),721.0,721.0,Government of Morocco - POLISARIO,108.0,108.0,Government of Morocco,563.0,563.0,POLISARIO,1.0,"""ICH,2021-03-11,Time for International Re-engagement in Western Sahara""",ICH,2021-03-11,Time for International Re-engagement in Western Sahara,UN sources,5.0,Western Sahara,along the sand berm,,,26.013033,-12.096408,POINT (-12.096408 26.013033),167376.0,Morocco,600.0,Africa,2.0,3.0,2020-11-14,2020-11-20 00:00:00.000,2.0,0.0,0.0,0.0,2.0,2.0,2.0,600.0,
954775298,"The leader of the Western Sahara's independence movement has vowed to end a 29-year-old ceasefire with Morocco. He has cited provocation in the form of recent Moroccan border operations as the reason for this.
Morocco and the Polisario Front fought over the territory after Spain gave up the rule in 1976 and Mauritania withdrew their claim of control in 1979.
Brahim Ghali, leader of the independentist Polisario Front, Saturday announced the group would no longer abide by the commitment of the decades-long truce in the area.
According to Sahara Press Service, the group's news agency, Morocco announced last week that it would resume military operations in the El Guergarat crossing, a buffer zone between the territory claimed by the state of Morocco and the self-declared Sahrawi Arab Democratic Republic. It, however, had said it continues to support the ceasefire.
By launching the operation, Morocco ""seriously undermined not only the ceasefire and related military agreements but also any chances of achieving a peaceful and lasting solution to the decolonization question of the Western Sahara,"" Ghali said in a letter to the UN.
The Western Sahara is a long-disputed territory to the southwest of Morocco controlled mostly by the Moroccan state, which occupies about 75% of the territory.
The Sahara Press Service said on Saturday that the Polisario Front also launched attacks against the Royal Moroccan Army in the Western Sahara.
The UN, which maintains a peacekeeping mission in the Western Sahara, MINURSO, said it made attempts to convince all parties to avoid an escalation of hostilities and preserve the ceasefire but was unsuccessful.",success,20201116,MOROCCAN,WESTERN SAHARA,MAR,MAR,190,4,-10.0,-3.27272727272727,25.0,-13.5,1,https://www.wionews.com/world/western-sahara-independence-leader-declares-end-of-29-year-old-ceasefire-with-morocco-343433,www.wionews.com,False,False,2020-11-16,391501.0,MOR-2020-1-721-7,2020.0,False,Clear,1.0,331.0,331.0,Morocco: Sahrawi Arab Democratic Republic (Western Sahara),721.0,721.0,Government of Morocco - POLISARIO,108.0,108.0,Government of Morocco,563.0,563.0,POLISARIO,1.0,"""ICH,2021-03-11,Time for International Re-engagement in Western Sahara""",ICH,2021-03-11,Time for International Re-engagement in Western Sahara,UN sources,5.0,Western Sahara,along the sand berm,,,26.013033,-12.096408,POINT (-12.096408 26.013033),167376.0,Morocco,600.0,Africa,2.0,3.0,2020-11-14,2020-11-20 00:00:00.000,2.0,0.0,0.0,0.0,2.0,2.0,2.0,600.0,
954837246,,no_extract,20201116,MOROCCAN,,MAR,,193,4,-10.0,-3.17460317460317,25.0,-13.5,1,https://sabq.org/xMf2LG,sabq.org,False,False,2020-11-16,391501.0,MOR-2020-1-721-7,2020.0,False,Clear,1.0,331.0,331.0,Morocco: Sahrawi Arab Democratic Republic (Western Sahara),721.0,721.0,Government of Morocco - POLISARIO,108.0,108.0,Government of Morocco,563.0,563.0,POLISARIO,1.0,"""ICH,2021-03-11,Time for International Re-engagement in Western Sahara""",ICH,2021-03-11,Time for International Re-engagement in Western Sahara,UN sources,5.0,Western Sahara,along the sand berm,,,26.013033,-12.096408,POINT (-12.096408 26.013033),167376.0,Morocco,600.0,Africa,2.0,3.0,2020-11-14,2020-11-20 00:00:00.000,2.0,0.0,0.0,0.0,2.0,2.0,2.0,600.0,
954837247,,no_extract,20201116,MOROCCAN,MOROCCO,MAR,MAR,193,4,-10.0,-3.17460317460317,25.0,-13.5,1,https://sabq.org/xMf2LG,sabq.org,False,False,2020-11-16,391501.0,MOR-2020-1-721-7,2020.0,False,Clear,1.0,331.0,331.0,Morocco: Sahrawi Arab Democratic Republic (Western Sahara),721.0,721.0,Government of Morocco - POLISARIO,108.0,108.0,Government of Morocco,563.0,563.0,POLISARIO,1.0,"""ICH,2021-03-11,Time for International Re-engagement in Western Sahara""",ICH,2021-03-11,Time for International Re-engagement in Western Sahara,UN sources,5.0,Western Sahara,along the sand berm,,,26.013033,-12.096408,POINT (-12.096408 26.013033),167376.0,Morocco,600.0,Africa,2.0,3.0,2020-11-14,2020-11-20 00:00:00.000,2.0,0.0,0.0,0.0,2.0,2.0,2.0,600.0,
954775296,,no_fetch,20201116,WESTERN SAHARA,,MAR,,194,4,-10.0,-4.31034482758621,21.2167,-17.0167,4,https://allafrica.com/stories/202011150154.html,allafrica.com,False,False,2020-11-16,391501.0,MOR-2020-1-721-7,2020.0,False,Clear,1.0,331.0,331.0,Morocco: Sahrawi Arab Democratic Republic (Western Sahara),721.0,721.0,Government of Morocco - POLISARIO,108.0,108.0,Government of Morocco,563.0,563.0,POLISARIO,1.0,"""ICH,2021-03-11,Time for International Re-engagement in Western Sahara""",ICH,2021-03-11,Time for International Re-engagement in Western Sahara,UN sources,5.0,Western Sahara,along the sand berm,,,26.013033,-12.096408,POINT (-12.096408 26.013033),167376.0,Morocco,600.0,Africa,2.0,3.0,2020-11-14,2020-11-20 00:00:00.000,2.0,0.0,0.0,0.0,2.0,2.0,2.0,600.0,
954808197,,no_fetch,20201116,WESTERN SAHARA,,MAR,,190,4,-10.0,-7.78097982708934,25.0,-13.5,1,http://www.aps.dz/monde/112887-le-gouvernement-sahraoui-interpelle-la-communaute-internationale-sur-des-actes-de-represailles-diriges-a-l-encontre-des-sahraouis,www.aps.dz,False,False,2020-11-16,391501.0,MOR-2020-1-721-7,2020.0,False,Clear,1.0,331.0,331.0,Morocco: Sahrawi Arab Democratic Republic (Western Sahara),721.0,721.0,Government of Morocco - POLISARIO,108.0,108.0,Government of Morocco,563.0,563.0,POLISARIO,1.0,"""ICH,2021-03-11,Time for International Re-engagement in Western Sahara""",ICH,2021-03-11,Time for International Re-engagement in Western Sahara,UN sources,5.0,Western Sahara,along the sand berm,,,26.013033,-12.096408,POINT (-12.096408 26.013033),167376.0,Morocco,600.0,Africa,2.0,3.0,2020-11-14,2020-11-20 00:00:00.000,2.0,0.0,0.0,0.0,2.0,2.0,2.0,600.0,
954797677,,no_fetch,20201116,,MOROCCAN,,MAR,193,4,-10.0,-3.69393139841689,25.0,-13.5,1,https://www.journaldemontreal.com/2020/11/16/sahara-occidental-echanges-de-tirs-entre-larmee-marocaine-et-le-polisario,www.journaldemontreal.com,False,False,2020-11-16,391501.0,MOR-2020-1-721-7,2020.0,False,Clear,1.0,331.0,331.0,Morocco: Sahrawi Arab Democratic Republic (Western Sahara),721.0,721.0,Government of Morocco - POLISARIO,108.0,108.0,Government of Morocco,563.0,563.0,POLISARIO,1.0,"""ICH,2021-03-11,Time for International Re-engagement in Western Sahara""",ICH,2021-03-11,Time for International Re-engagement in Western Sahara,UN sources,5.0,Western Sahara,along the sand berm,,,26.013033,-12.096408,POINT (-12.096408 26.013033),167376.0,Morocco,600.0,Africa,2.0,3.0,2020-11-14,2020-11-20 00:00:00.000,2.0,0.0,0.0,0.0,2.0,2.0,2.0,600.0,
954847095,"- 
                  Morocco: Time to End the Global Silence On Western Sahara IPS, 16 November 2020 For my entire life, I have been forgotten. I am a Sahrawi refugee, born and raised in the Algerian desert, where my people have remained displaced for 45 years, awaiting the moment… Read more »
- 
                  Western Sahara: Sahrawi People's Liberation Army Carries Out Attacks On Moroccan Enemy Bases SPS, 14 November 2020 Attacks of the Sahrawi People's Liberation Army units continue against various hiding places of the Moroccan enemy along its positions in the occupied parts of the Sahrawi… Read more »
- 
                  Western Sahara: Guterres 'Remains Committed' to Maintaining 1991 Ceasefire in Western Sahara UN News, 13 November 2020 The UN chief has expressed ""grave concern"" at the possible consequences which could arise from an operation reportedly launched by the Moroccan Government on the southern border of… Read more »
- 
                  Western Sahara: Statement of the Chairperson of the African Union Commission, H.E. Mr. Moussa Faki Mahamat, On the Tensions in the Guerguerat Buffer Zone African Union, 14 November 2020 The Chairperson of the African Union Commission, Moussa Faki Mahamat, expresses his deep concern following the deterioration of the situation in the Western Sahara, especially in… Read more »
- 
                  Africa: AU Chair Calls for Calm Between Sarahawi and Morocco SAnews.gov.za, 12 November 2020 Chairperson of the African Union (AU), President Cyril Ramaphosa, has been made aware of the growing tension between the Western Sahara and Morocco, arising from a dispute on the… Read more »
- 
                  Western Sahara: ""Algeria's Position Towards Saharawi Issue Reflects Its Commitment to Respect International Law"" (Algerian Official) SPS, 22 October 2020 The secretary general of the Voice of the Algerian people party, Mr. Lamín Osmani, reaffirmed, yesterday Wednesday, during the first anniversary of the party's constitution,… Read more »
- 
                  Western Sahara: Establishment of Galician Parliamentary Peace and Solidarity Intergroup to Support the Saharawi People SPS, 10 November 2020 the Parliamentary Intergroup ""Peace and Solidarity"" has been established in the Parliament of Galicia to support the legitimate demands of the people Saharawi for their… Read more »
- 
                  North Africa: U.S. Sentator Inhofe Calls on UN to Enforce Western Sahara Ceasefire Agreement United States Senate, 10 November 2020 Today, U.S. Sen. Jim Inhofe (R-Okla.) spoke on the Senate floor about the struggle in Western Sahara. Read more »",success,20201116,MOROCCAN,LIBERATION ARMY,MAR,,190,4,-10.0,-1.64473684210526,25.0,-13.5,1,https://allafrica.com/view/group/main/main/id/00075755.html,allafrica.com,False,False,2020-11-16,391501.0,MOR-2020-1-721-7,2020.0,False,Clear,1.0,331.0,331.0,Morocco: Sahrawi Arab Democratic Republic (Western Sahara),721.0,721.0,Government of Morocco - POLISARIO,108.0,108.0,Government of Morocco,563.0,563.0,POLISARIO,1.0,"""ICH,2021-03-11,Time for International Re-engagement in Western Sahara""",ICH,2021-03-11,Time for International Re-engagement in Western Sahara,UN sources,5.0,Western Sahara,along the sand berm,,,26.013033,-12.096408,POINT (-12.096408 26.013033),167376.0,Morocco,600.0,Africa,2.0,3.0,2020-11-14,2020-11-20 00:00:00.000,2.0,0.0,0.0,0.0,2.0,2.0,2.0,600.0,
968295474,,no_extract,20210206,NIGERIA,MOROCCO,NGA,MAR,196,4,-9.5,-0.57183702644746,25.0,-13.5,1,https://www.premiumtimesng.com/opinion/440937-a-people-united-conversations-on-western-sahara-by-owei-lakemfa.html,www.premiumtimesng.com,False,False,2021-02-06,385664.0,MOR-2021-1-721-2,2021.0,False,Clear,1.0,331.0,331.0,Morocco: Sahrawi Arab Democratic Republic (Western Sahara),721.0,721.0,Government of Morocco - POLISARIO,108.0,108.0,Government of Morocco,563.0,563.0,POLISARIO,4.0,"""BBC Monitoring Middle East,2021-02-09,BBCM Middle East and North Africa Watchlist for 9 February"";""Agence France Presse,2021-02-11,Morocco PM denounces Polisario 'media war'"";""Agence France Presse,2021-02-09,W.Sahara rebels say 3 Moroccan troops killed in attack"";""Minisère des Armées,2021-04-09, Update on operations from April 2 to 8""",BBC Monitoring Middle East;Agence France Presse;Agence France Presse;Minisère des Armées,2021-02-09;2021-02-11;2021-02-09;2021-04-09,BBCM Middle East and North Africa Watchlist for 9 February;Morocco PM denounces Polisario 'media war';W.Sahara rebels say 3 Moroccan troops killed in attack; Update on operations from April 2 to 8,The Sahrawi People's Liberation Army,2.0,Akka town,"near the Moroccan town of Akka, close to the Algerian border

Ouarkziz",Souss-Massa region,Tata province,29.38914,-8.2549,POINT (-8.2549 29.38914),171704.0,Morocco,600.0,Africa,1.0,1.0,2021-02-08,2021-02-08 00:00:00.000,0.0,0.0,0.0,0.0,0.0,3.0,0.0,600.0,
968486919,,no_fetch,20210208,WESTERN SAHARA,GOVERNMENT,MAR,,186,4,-10.0,-5.49450549450549,27.135,-13.1625,4,https://fr.allafrica.com/stories/202102080045.html,fr.allafrica.com,False,False,2021-02-08,385664.0,MOR-2021-1-721-2,2021.0,False,Clear,1.0,331.0,331.0,Morocco: Sahrawi Arab Democratic Republic (Western Sahara),721.0,721.0,Government of Morocco - POLISARIO,108.0,108.0,Government of Morocco,563.0,563.0,POLISARIO,4.0,"""BBC Monitoring Middle East,2021-02-09,BBCM Middle East and North Africa Watchlist for 9 February"";""Agence France Presse,2021-02-11,Morocco PM denounces Polisario 'media war'"";""Agence France Presse,2021-02-09,W.Sahara rebels say 3 Moroccan troops killed in attack"";""Minisère des Armées,2021-04-09, Update on operations from April 2 to 8""",BBC Monitoring Middle East;Agence France Presse;Agence France Presse;Minisère des Armées,2021-02-09;2021-02-11;2021-02-09;2021-04-09,BBCM Middle East and North Africa Watchlist for 9 February;Morocco PM denounces Polisario 'media war';W.Sahara rebels say 3 Moroccan troops killed in attack; Update on operations from April 2 to 8,The Sahrawi People's Liberation Army,2.0,Akka town,"near the Moroccan town of Akka, close to the Algerian border

Ouarkziz",Souss-Massa region,Tata province,29.38914,-8.2549,POINT (-8.2549 29.38914),171704.0,Morocco,600.0,Africa,1.0,1.0,2021-02-08,2021-02-08 00:00:00.000,0.0,0.0,0.0,0.0,0.0,3.0,0.0,600.0,
968622189,,no_fetch,20210208,WESTERN SAHARA,,MAR,,1822,4,-9.0,-6.5123010130246,25.0,-13.5,1,https://www.aps.dz/monde/117254-des-experts-de-l-onu-appellent-a-la-liberation-immediate-d-un-journaliste-sahraoui-arrete-par-le-maroc,www.aps.dz,False,False,2021-02-08,385664.0,MOR-2021-1-721-2,2021.0,False,Clear,1.0,331.0,331.0,Morocco: Sahrawi Arab Democratic Republic (Western Sahara),721.0,721.0,Government of Morocco - POLISARIO,108.0,108.0,Government of Morocco,563.0,563.0,POLISARIO,4.0,"""BBC Monitoring Middle East,2021-02-09,BBCM Middle East and North Africa Watchlist for 9 February"";""Agence France Presse,2021-02-11,Morocco PM denounces Polisario 'media war'"";""Agence France Presse,2021-02-09,W.Sahara rebels say 3 Moroccan troops killed in attack"";""Minisère des Armées,2021-04-09, Update on operations from April 2 to 8""",BBC Monitoring Middle East;Agence France Presse;Agence France Presse;Minisère des Armées,2021-02-09;2021-02-11;2021-02-09;2021-04-09,BBCM Middle East and North Africa Watchlist for 9 February;Morocco PM denounces Polisario 'media war';W.Sahara rebels say 3 Moroccan troops killed in attack; Update on operations from April 2 to 8,The Sahrawi People's Liberation Army,2.0,Akka town,"near the Moroccan town of Akka, close to the Algerian border

Ouarkziz",Souss-Massa region,Tata province,29.38914,-8.2549,POINT (-8.2549 29.38914),171704.0,Morocco,600.0,Africa,1.0,1.0,2021-02-08,2021-02-08 00:00:00.000,0.0,0.0,0.0,0.0,0.0,3.0,0.0,600.0,
968622193,,no_fetch,20210208,JOURNALIST,,,,175,4,-9.0,-6.5123010130246,25.0,-13.5,1,https://www.aps.dz/monde/117254-des-experts-de-l-onu-appellent-a-la-liberation-immediate-d-un-journaliste-sahraoui-arrete-par-le-maroc,www.aps.dz,False,False,2021-02-08,385664.0,MOR-2021-1-721-2,2021.0,False,Clear,1.0,331.0,331.0,Morocco: Sahrawi Arab Democratic Republic (Western Sahara),721.0,721.0,Government of Morocco - POLISARIO,108.0,108.0,Government of Morocco,563.0,563.0,POLISARIO,4.0,"""BBC Monitoring Middle East,2021-02-09,BBCM Middle East and North Africa Watchlist for 9 February"";""Agence France Presse,2021-02-11,Morocco PM denounces Polisario 'media war'"";""Agence France Presse,2021-02-09,W.Sahara rebels say 3 Moroccan troops killed in attack"";""Minisère des Armées,2021-04-09, Update on operations from April 2 to 8""",BBC Monitoring Middle East;Agence France Presse;Agence France Presse;Minisère des Armées,2021-02-09;2021-02-11;2021-02-09;2021-04-09,BBCM Middle East and North Africa Watchlist for 9 February;Morocco PM denounces Polisario 'media war';W.Sahara rebels say 3 Moroccan troops killed in attack; Update on operations from April 2 to 8,The Sahrawi People's Liberation Army,2.0,Akka town,"near the Moroccan town of Akka, close to the Algerian border

Ouarkziz",Souss-Massa region,Tata province,29.38914,-8.2549,POINT (-8.2549 29.38914),171704.0,Morocco,600.0,Africa,1.0,1.0,2021-02-08,2021-02-08 00:00:00.000,0.0,0.0,0.0,0.0,0.0,3.0,0.0,600.0,
969023837,,no_extract,20210210,WESTERN SAHARA,,MAR,,190,4,-10.0,-2.1079258010118,26.6792,-11.6781,4,https://www.lnr-dz.com/2021/02/10/lonu-doit-defendre-le-droit-a-lautodetermination-lun-de-ses-principes-fondamentaux/,www.lnr-dz.com,False,False,2021-02-10,385664.0,MOR-2021-1-721-2,2021.0,False,Clear,1.0,331.0,331.0,Morocco: Sahrawi Arab Democratic Republic (Western Sahara),721.0,721.0,Government of Morocco - POLISARIO,108.0,108.0,Government of Morocco,563.0,563.0,POLISARIO,4.0,"""BBC Monitoring Middle East,2021-02-09,BBCM Middle East and North Africa Watchlist for 9 February"";""Agence France Presse,2021-02-11,Morocco PM denounces Polisario 'media war'"";""Agence France Presse,2021-02-09,W.Sahara rebels say 3 Moroccan troops killed in attack"";""Minisère des Armées,2021-04-09, Update on operations from April 2 to 8""",BBC Monitoring Middle East;Agence France Presse;Agence France Presse;Minisère des Armées,2021-02-09;2021-02-11;2021-02-09;2021-04-09,BBCM Middle East and North Africa Watchlist for 9 February;Morocco PM denounces Polisario 'media war';W.Sahara rebels say 3 Moroccan troops killed in attack; Update on operations from April 2 to 8,The Sahrawi People's Liberation Army,2.0,Akka town,"near the Moroccan town of Akka, close to the Algerian border

Ouarkziz",Souss-Massa region,Tata province,29.38914,-8.2549,POINT (-8.2549 29.38914),171704.0,Morocco,600.0,Africa,1.0,1.0,2021-02-08,2021-02-08 00:00:00.000,0.0,0.0,0.0,0.0,0.0,3.0,0.0,600.0,
970775866,,no_fetch,20210221,PRISON,,,,1822,4,-9.0,-7.20338983050847,25.0,-13.5,1,https://www.aps.dz/monde/117938-pan-african-club-condamne-les-intimidations-exercees-par-le-maroc-contre-les-defenseurs-des-droits-de-l-homme-sahraouis,www.aps.dz,False,False,2021-02-21,385685.0,MOR-2021-1-721-4.1,2021.0,False,Clear,1.0,331.0,331.0,Morocco: Sahrawi Arab Democratic Republic (Western Sahara),721.0,721.0,Government of Morocco - POLISARIO,108.0,108.0,Government of Morocco,563.0,563.0,POLISARIO,1.0,"""BBC Monitoring Middle East,2021-02-25,Pro-Polisario media report high Moroccan army casualties""",BBC Monitoring Middle East,2021-02-25,Pro-Polisario media report high Moroccan army casualties,A pro-Polisario Front media outlet,3.0,Assa-Zag province,Touizgui,Guelmim-Oued Noun region,Assa-Zag province,28.16667,-9.41667,POINT (-9.41667 28.16667),170262.0,Morocco,600.0,Africa,2.0,2.0,2021-02-21,2021-02-23 00:00:00.000,0.0,0.0,0.0,0.0,0.0,5.0,0.0,600.0,
983160961,"This post will mean little to most readers….but it does to me and since this is my blog I will write on…..
I have written about the plight of the people of Western Sahara….https://lobotero.com/2018/04/30/western-sahara-update/
My interests in Western Sahara is personal…..I was there in 1980s and fell in love with the desert and its people…..and ever since I have been watching the international tap-dance being done by the West to prevent the people from having their country back from Morocco.
According to a report from Axios, the Biden administration told Morroco that it would not reverse the Trump administration’s move to recognize Morrocan sovereignty over Western Sahara, which was Rabat’s reward for normalizing relations with Israel.
Sources told Axios that Secretary of State Antony Blinken conveyed the message to Moroccan Foreign Minister Nasser Bourita in a phone call on Friday. A State Department readout of the call did not mention Western Sahara but did say Blinken discussed Morroco’s relationship with Israel.
“The Secretary welcomed Morocco’s steps to improve relations with Israel and noted the Morocco-Israel relationship will bring long-term benefits for both countries,” the readout said.
The Trump administration recognized Moroccan sovereignty over Western Sahara in December 2020, making the US the first country to do so.
Morocco annexed Western Sahara after the Spanish withdrew from the region in 1975. Rabat then fought a war with the Polisario Front, a group that represents the indigenous Sahrawi people, to control the territory until a ceasefire was reached in 1991. Now there are fears that a new war is brewing. Last month, the Polisario Front said its police chief was killed in what could have been a Morrocan drone strike.
In 1976, the Polisario Front formed the Sahrawi Arab Democratic Republic (SADR), a de facto state in Western Sahara. The SADR is a member of the African Union and maintains diplomatic relations with about 40 UN member states. Currently, the SADR controls about 20 percent of Western Sahara, and Morocco controls the rest.
President Biden is following through on other Trump-era favors for Arab countries that took steps to normalize with Israel. Biden is going ahead with a massive $23 billion weapons package to the UAE that includes F-35 fighter jets, reaper drones, and missiles.
(antiwar.com)
Many of us writers are calling for a re-engagement internationally on the Western Sahara question and the plight of the people.
The long-dormant conflict between Morocco and the Polisario Front over the disputed Western Sahara territory is showing troubling signs of life. A Polisario blockade of a key artery in the UN-monitored buffer zone triggered a Moroccan military response, after which the Front called off a ceasefire and resumed attacks.
The last guy as president made a crappy deal on Western Sahara and Biden will leave the deal in place.
In the last move the Polisario of Western Sahara is demanded a seat in the UN….
The Polisario Western Sahara separatist group on Monday demanded a United Nations seat for the disputed territory and accused France and Spain of impeding a referendum on self-determination.
The status of Western Sahara, which the United Nations classifies as a “non-self-governing territory”, has for decades pitted Morocco against the separatist Polisario Front.
“The Sahrawi state claims its seat at the UN,” said Polisario foreign minister Ould Salek, on behalf the republic declared by the Polisario in 1976.
The republic, as a founding member of the African Union, “demands its rightful place” among world nations, he told a news conference in Algiers, allies of the Polisario.
It takes a special kind of hypocrite and spineless cowards to deny a people the right to self-determination.
The US is a prime kind of cowardice for it preaches democracy and never stands by the demands it makes….the right to self-determination is just a slogan that falls from American mouths.
New leadership is needed…and NOW!
I Read, I Write, You Know
“lego ergo scribo”
I remember that bitter war, and the mess the Spanish left behind when they pulled out of their former colony.
Best wishes, Pete.
You and I may be the only people that remember….chuq
Great post. I’ve long been a fan of little known, and geographic outliers.
Thanx…I was there as a researcher for a Spanish newspaper….chuq
Reblogged this on Ned Hamson's Second Line View of the News.
THanx my friend….chuq",success,20210404,MORROCAN,POLICE CHIEF,MAR,,190,4,-10.0,-2.62392900856793,25.0,-13.5,1,https://lobotero.com/2021/05/04/western-sahara-2021/,lobotero.com,True,False,2021-04-04,396479.0,MOR-2021-1-721-5,2021.0,False,Clear,1.0,331.0,331.0,Morocco: Sahrawi Arab Democratic Republic (Western Sahara),721.0,721.0,Government of Morocco - POLISARIO,108.0,108.0,Government of Morocco,563.0,563.0,POLISARIO,4.0,"""Agence France Presse,2021-04-07,Polisario says police chief killed in Western Sahara"";""Jeune Afrique,2021-04-09,[Exclusive] Morocco-Sahara: how (and why) the FAR neutralized the head of the Polisario gendarmerie"";""Agence France Presse,2021-04-11,Has Morocco carried out its first drone strike in Western Sahara?"";""Report of the Secretary General S/2021/843,2021-10-01,Situation concerning Western Sahara Report of the Secretary-General""",Agence France Presse;Jeune Afrique;Agence France Presse;Report of the Secretary General S/2021/843,2021-04-07;2021-04-09;2021-04-11;2021-10-01,Polisario says police chief killed in Western Sahara;[Exclusive] Morocco-Sahara: how (and why) the FAR neutralized the head of the Polisario gendarmerie;Has Morocco carried out its first drone strike in Western Sahara?;Situation concerning Western Sahara Report of the Secretary-General,POLISARIO's defence ministry; MINURSO (cannot confirm),2.0,Tifariti village,"Rouss Irni, in Tifariti, located in the north in Polisario-controlled territory",Laâyoune-Sakia al Hamra region,Es-Semara province,26.158757,-10.558116,POINT (-10.558116 26.158757),167379.0,Morocco,600.0,Africa,1.0,1.0,2021-04-06,2021-04-06 00:00:00.000,0.0,3.0,0.0,0.0,3.0,3.0,3.0,600.0,
983160960,"This post will mean little to most readers….but it does to me and since this is my blog I will write on…..
I have written about the plight of the people of Western Sahara….https://lobotero.com/2018/04/30/western-sahara-update/
My interests in Western Sahara is personal…..I was there in 1980s and fell in love with the desert and its people…..and ever since I have been watching the international tap-dance being done by the West to prevent the people from having their country back from Morocco.
According to a report from Axios, the Biden administration told Morroco that it would not reverse the Trump administration’s move to recognize Morrocan sovereignty over Western Sahara, which was Rabat’s reward for normalizing relations with Israel.
Sources told Axios that Secretary of State Antony Blinken conveyed the message to Moroccan Foreign Minister Nasser Bourita in a phone call on Friday. A State Department readout of the call did not mention Western Sahara but did say Blinken discussed Morroco’s relationship with Israel.
“The Secretary welcomed Morocco’s steps to improve relations with Israel and noted the Morocco-Israel relationship will bring long-term benefits for both countries,” the readout said.
The Trump administration recognized Moroccan sovereignty over Western Sahara in December 2020, making the US the first country to do so.
Morocco annexed Western Sahara after the Spanish withdrew from the region in 1975. Rabat then fought a war with the Polisario Front, a group that represents the indigenous Sahrawi people, to control the territory until a ceasefire was reached in 1991. Now there are fears that a new war is brewing. Last month, the Polisario Front said its police chief was killed in what could have been a Morrocan drone strike.
In 1976, the Polisario Front formed the Sahrawi Arab Democratic Republic (SADR), a de facto state in Western Sahara. The SADR is a member of the African Union and maintains diplomatic relations with about 40 UN member states. Currently, the SADR controls about 20 percent of Western Sahara, and Morocco controls the rest.
President Biden is following through on other Trump-era favors for Arab countries that took steps to normalize with Israel. Biden is going ahead with a massive $23 billion weapons package to the UAE that includes F-35 fighter jets, reaper drones, and missiles.
(antiwar.com)
Many of us writers are calling for a re-engagement internationally on the Western Sahara question and the plight of the people.
The long-dormant conflict between Morocco and the Polisario Front over the disputed Western Sahara territory is showing troubling signs of life. A Polisario blockade of a key artery in the UN-monitored buffer zone triggered a Moroccan military response, after which the Front called off a ceasefire and resumed attacks.
The last guy as president made a crappy deal on Western Sahara and Biden will leave the deal in place.
In the last move the Polisario of Western Sahara is demanded a seat in the UN….
The Polisario Western Sahara separatist group on Monday demanded a United Nations seat for the disputed territory and accused France and Spain of impeding a referendum on self-determination.
The status of Western Sahara, which the United Nations classifies as a “non-self-governing territory”, has for decades pitted Morocco against the separatist Polisario Front.
“The Sahrawi state claims its seat at the UN,” said Polisario foreign minister Ould Salek, on behalf the republic declared by the Polisario in 1976.
The republic, as a founding member of the African Union, “demands its rightful place” among world nations, he told a news conference in Algiers, allies of the Polisario.
It takes a special kind of hypocrite and spineless cowards to deny a people the right to self-determination.
The US is a prime kind of cowardice for it preaches democracy and never stands by the demands it makes….the right to self-determination is just a slogan that falls from American mouths.
New leadership is needed…and NOW!
I Read, I Write, You Know
“lego ergo scribo”
I remember that bitter war, and the mess the Spanish left behind when they pulled out of their former colony.
Best wishes, Pete.
You and I may be the only people that remember….chuq
Great post. I’ve long been a fan of little known, and geographic outliers.
Thanx…I was there as a researcher for a Spanish newspaper….chuq
Reblogged this on Ned Hamson's Second Line View of the News.
THanx my friend….chuq",success,20210404,MORROCAN,POLICE CHIEF,MAR,,190,4,-10.0,-2.62392900856793,25.0,-13.5,1,https://lobotero.com/2021/05/04/western-sahara-2021/,lobotero.com,True,False,2021-04-04,396479.0,MOR-2021-1-721-5,2021.0,False,Clear,1.0,331.0,331.0,Morocco: Sahrawi Arab Democratic Republic (Western Sahara),721.0,721.0,Government of Morocco - POLISARIO,108.0,108.0,Government of Morocco,563.0,563.0,POLISARIO,4.0,"""Agence France Presse,2021-04-07,Polisario says police chief killed in Western Sahara"";""Jeune Afrique,2021-04-09,[Exclusive] Morocco-Sahara: how (and why) the FAR neutralized the head of the Polisario gendarmerie"";""Agence France Presse,2021-04-11,Has Morocco carried out its first drone strike in Western Sahara?"";""Report of the Secretary General S/2021/843,2021-10-01,Situation concerning Western Sahara Report of the Secretary-General""",Agence France Presse;Jeune Afrique;Agence France Presse;Report of the Secretary General S/2021/843,2021-04-07;2021-04-09;2021-04-11;2021-10-01,Polisario says police chief killed in Western Sahara;[Exclusive] Morocco-Sahara: how (and why) the FAR neutralized the head of the Polisario gendarmerie;Has Morocco carried out its first drone strike in Western Sahara?;Situation concerning Western Sahara Report of the Secretary-General,POLISARIO's defence ministry; MINURSO (cannot confirm),2.0,Tifariti village,"Rouss Irni, in Tifariti, located in the north in Polisario-controlled territory",Laâyoune-Sakia al Hamra region,Es-Semara province,26.158757,-10.558116,POINT (-10.558116 26.158757),167379.0,Morocco,600.0,Africa,1.0,1.0,2021-04-06,2021-04-06 00:00:00.000,0.0,3.0,0.0,0.0,3.0,3.0,3.0,600.0,
978117363,,no_fetch,20210405,MOROCCAN,MILITARY,MAR,,190,4,-10.0,-5.37974683544304,25.0,-13.5,1,http://lecourrier-dalgerie.com/cinq-mois-de-guerre-au-sahara-occidental-larmee-marocaine-erige-des-checkpoints-pour-empecher-la-desertion-de-ses-soldats/,lecourrier-dalgerie.com,False,False,2021-04-05,396479.0,MOR-2021-1-721-5,2021.0,False,Clear,1.0,331.0,331.0,Morocco: Sahrawi Arab Democratic Republic (Western Sahara),721.0,721.0,Government of Morocco - POLISARIO,108.0,108.0,Government of Morocco,563.0,563.0,POLISARIO,4.0,"""Agence France Presse,2021-04-07,Polisario says police chief killed in Western Sahara"";""Jeune Afrique,2021-04-09,[Exclusive] Morocco-Sahara: how (and why) the FAR neutralized the head of the Polisario gendarmerie"";""Agence France Presse,2021-04-11,Has Morocco carried out its first drone strike in Western Sahara?"";""Report of the Secretary General S/2021/843,2021-10-01,Situation concerning Western Sahara Report of the Secretary-General""",Agence France Presse;Jeune Afrique;Agence France Presse;Report of the Secretary General S/2021/843,2021-04-07;2021-04-09;2021-04-11;2021-10-01,Polisario says police chief killed in Western Sahara;[Exclusive] Morocco-Sahara: how (and why) the FAR neutralized the head of the Polisario gendarmerie;Has Morocco carried out its first drone strike in Western Sahara?;Situation concerning Western Sahara Report of the Secretary-General,POLISARIO's defence ministry; MINURSO (cannot confirm),2.0,Tifariti village,"Rouss Irni, in Tifariti, located in the north in Polisario-controlled territory",Laâyoune-Sakia al Hamra region,Es-Semara province,26.158757,-10.558116,POINT (-10.558116 26.158757),167379.0,Morocco,600.0,Africa,1.0,1.0,2021-04-06,2021-04-06 00:00:00.000,0.0,3.0,0.0,0.0,3.0,3.0,3.0,600.0,
978631301,"La militante politique Soltana Sayyid Ibrahim Khaya, présidente de la Ligue saharienne pour la défense des droits humains et la protection des ressources naturelles et membre de l'Instance saharienne de résistance à l'occupation marocaine (ISACOM), a subi des violences physiques et a été frappée [fr] le 13 février dernier par les forces de l'ordre marocaines à Boujdour. Cette région est disputée par le Maroc et le Front Polisario [ar], un mouvement réclamant l'indépendance du Sahara occidental et dont le siège est en Algérie. Soltana Khaya Sayyid Ibrahim a été touchée au visage et à l'œil après avoir reçu des pierres lancées par les forces de sécurité marocaines.
Quant à sa sœur, Elwaara, elle a été frappée au visage et près de la bouche. Cela est survenu alors que les force de sécurité marocaines avaient assigné leur famille à résidence, dans la même ville.
La militante sahraouie Aminatou Haidar a écrit au sujet de l'agression physique subie par Soltana :
La brave militante sahraouie Soltana Khaya membre @IsacomSaharaui victime ce matin d’ une agression violente de la part de la police de l’occupant marocain, ça laisse très claire et nette la situation alarmante des sahraouis aux territoires occupés @mbachelet @UN @MaryLawlorhrds pic.twitter.com/6MH3ahluvv
— Aminatou Haidar (@AminatouHaidar) February 13, 2021
Regain des tensions locales
Le contexte politique local s'est aggravé le 13 novembre dernier, suite à l'incident du poste de frontière de Guerguerat [fr] situé dans une zone tampon sous surveillance des Nations unies dont la mission, connue sous le nom de Minurso [en], est d'organiser des consultations pour l'auto-détermination du Sahara occidental.
Vers la fin du mois d'octobre dernier, des civils sahraouis ont bloqué la route traversant la zone tampon reliant le Sahara occidental et la Mauritanie, via le poste frontière de Guerguerat qui est sous contrôle marocain depuis longtemps. Le Front Polisario considère cependant ce contrôle comme une violation des accords de cessez-le-feu de 1991 signés entre les deux belligérants.
Le 13 novembre dernier, l'armée marocaine a expulsé [fr] les civils de la zone tampon ainsi que les militants politiques sahraouis, sans victimes ni arrestations [ar] ; un acte perçu comme une rupture du cessez-le-feu par le Front Polisario qui a promis [fr] de « reprendre les hostilités ». Le président de la République démocratique saharienne Ibrahim Ghali, a annoncé [ar] que le Front Polisario mettait fin à l'accord de cessez-le-feu et, depuis, des informations circulent sur des échanges de coups de feu entre les deux parties.
Selon des organisations humanitaires et de presse sahariennes [ar] :
عمليات القمع الممنهج الممارس من قبل الاحتلال المغربي ارتفعت ضد الصحراويين العزل بشكل ’هستيري’ في المناطق المحتلة من الصحراء الغربية ناهيك عن حصار منازلهم واختطافهم، وصولا الى التصفية الجسدية.
Les opérations de répression systématique mises en place par l'occupant marocain à l'encontre des Sahraouis sans défense prennent une tournure « hystérique » dans les régions occupées du Sahara occidental. Sans parler des opérations de blocus des résidences, des enlèvements et même des exécutions sommaires.
La plus grande part du Sahara occidental [en] sous occupation marocaine depuis 1975, malgré les revendications indépendantistes de ses habitants, est riche en phosphate. Rabat rejette toute discussion sur l'auto-détermination tant que l'indépendance constitue une option, et ce alors que le Maroc lui-même [ar] avait approuvé ce choix dans le cadre du cessez-le-feu avec le Front Polisario en 1991, sous l'égide des Nations unies qui ne reconnaissent pas l'annexion [en] du territoire par le royaume. En plus de cet enlisement, la situation s'est aggravée suite à la reconnaissance par les États-Unis [en], en décembre dernier, de la souveraineté du Maroc sur le Sahara occidental dans le cadre d'un marché conclu par Rabat pour la normalisation des relations avec Israël.
Suite à cette reconnaissance américaine, qui mettait en garde contre une escalade de violence, l'Instance sahraouie contre l'occupation marocaine a publié :
حتى و لو تحالف العالم ضد الشعب الصحراوي (و هو الامر المستحيل طبعا)، فذاك لن يكسر ارادته في الحرية و الاستقلال و لن يغير من طبيعة الوضع القانوني لإقليم للصحراء الغربية الغير محكوم ذاتيا و يناقش في اللجنة الرابعة لتصفية الاستعمار.
— ISACOM (@IsacomSaharaui) December 11, 2020
Même si le monde entier s'unissait contre le peuple sahraoui (ce qui est bien sûr impossible), cela ne briserait pas notre volonté de liberté et d'indépendance. Cela ne changerait pas la nature du statut légal de la région du Sahara occidental privé d'autodétermination, qui sera discuté lors de la quatrième assemblée sur la décolonisation.
Selon les organisations locales qui observent la situation des droits humains dans le Sahara occidental, les événements de novembre ont engendré [en] une campagne de répression à l'encontre des militants sahraouis organisée par la police marocaine, consistant en l'assaut des résidences, en l'accentuation de la surveillance et en des arrestations. En outre, il est devenu plus difficile de se rendre dans la région, en particulier pour les observateurs extérieurs. En 2020 les autorités marocaines ont interdit l'accès aux régions du Sahara occidental à au moins neuf avocats, militants, politiciens et journalistes.
Dans une déclaration faite à Human Rights Watch [en, observatoire des droits humains], l'activiste Soltana a indiqué que l'agression à son égard en février n'était pas la première. La police avait déjà pris d'assaut la maison de sa famille le 19 novembre dernier et frappé sur la tête sa mère âgée de 84 ans, jusqu'à lui faire perdre connaissance. Cette dernière a du être conduite à l'hôpital par ambulance. Tout comme sa sœur Alwaara Sayyid Ibrahim, qui avait été frappée à la tête avec une barre de métal, provoquant une hémorragie.
Oubi Bachir, représentant du Front Polisario en Europe et auprès de l'Union européenne, a écrit :
“هذه ضريبة النضال، كنت أعرف أن علي دفعها. كنت مستعدة، وما زلت، وربما الآن أكثر من اي وقت مضى”. تلك، خلاصة حديثي معها هذا المساء للاطمئنان على حالتها بعد هجوم #الشرطة_المغربية الغادر اليوم. كانت مجهدة وصوتها متقطع، لكن شموخها متصل ومتواصل. بالفعل، #سلطانة_خيا امرأة بألف رجل!! pic.twitter.com/juykgATA1I
— Amb. Oubi Bachir (@oubibachir) February 13, 2021
« Ceci est le prix à payer et je savais que j'aurai à m'en acquitter. J'y étais prête et le suis toujours, aujourd'hui peut-être plus encore que jamais. » C'est le résumé de la conversation que j'ai eue avec elle ce soir en prenant de ses nouvelles après l'assaut indigne de la #PoliceMarocaine [ar] ce jour. Elle était affectée et sa voix était entrecoupée, mais elle n'a rien perdu de sa dignité qui reste constante. #Soltana_Khaya [ar] est une femme qui a la force de mille hommes !!
« Favoritisme international »
Le 10 mars dernier, Soltana a dénoncé dans une déclaration [ar] publiée sur son compte Facebook ce qu'elle qualifie de favoritisme de la Croix-Rouge internationale envers le Maroc. Elle y fait allusion à ses appels répétés adressés aux « organismes internationaux de défense des droits humains et des peuples, et en particulier au comité international de la Croix-Rouge, pour une intervention urgente afin de nous protéger ma famille et moi de l'oppression de l'occupation marocaine. » La publication se poursuit ainsi :
أمام ما أعيشه وأتعرض له رفقة عائلتي من جرائم ضد الإنسانية، وإرهاب، وتنكيل، وقمع ممنهج، وسحل بالشارع، ومنع زيارة المنزل وقطع للتيار الكهربائي عن منزل عائلتي ببوجدور المحتلة، ورميي بمواد سامة أجهل طبيعتها،
Face à ce que les membres de ma famille et moi-même subissons : crimes contre l'humanité, terrorisme, torture et répression systématique. Nous sommes traînés dans les rues, empêchés de rentrer chez nous, privés d'électricité dans nos logements du Boujdour occupé et aspergés de substances toxiques dont j'ignore la nature.
Soltana a ajouté que la visite de la délégation du Bureau international de la Croix-Rouge à des instances marocaines, le 6 mars dernier dans la ville occupée de Laayoun, et leur indifférence face à ses appels constituent « une infraction flagrante aux principes d'indépendance et d'impartialité ».
Violations précédentes
Dans ce qu'elle décrit comme « la situation déplorable en termes de droits humains dans laquelle vivent les civils sahraouis », Soltana Khaya fait référence au cas du prisonnier politique sahraoui Mohammed Lemine Abidin Hadi, condamné à 25 années d'emprisonnement après des procès comportant des vices de procédures. Mohammed Lemine a entrepris une grève de la faim depuis le 13 février dernier, et sa famille a exprimé ses inquiétudes [ar] quant à la dégradation de son état de santé et l'impossibilité pour elle d'entrer en contact avec lui à cause de l'inflexibilité de l'administration pénitentiaire marocaine.
Soltana a aussi fait référence dans sa déclaration aux « verdicts injustes et légalement infondés du tribunal d'occupation marocain à l'encontre des activistes des droits humains, Ghali Hamdi Albu Bouhala et Mohammed Othman Potosofra, ainsi qu'à une longue liste de violations et d'actions répressives programmées contre les Sahraouis s'opposant à l'occupation. »
Soltana a de plus demandé au comité international de la Croix-Rouge la création d'une assemblée officielle en coordination avec le Front Polisario afin d'enquêter sur la situation réelle dans les villes occupées, concernant ce qu'elle qualifie de « guerre qui oppose le Front Polisario et le royaume du Maroc depuis le 13 novembre 2020 ».
Dans la même veine, Hayat Khatri [ar], envoyée spéciale de la télévision et de la radio sahraouies, a décrit ce que les Sahariens des villes occupées vivent :
بيئة سياسية قمعية خطرة، يكتسح انتهاك حقوق الانسان الصحراوي فضاءاتها من كل الاتجاهات، لتفرض دولة الاحتلال سيطرتها على مفاصل المقاومة الصحراوية، ومواجهة الصحراويين بكل الوسائل الحاطة بالكرامة الانسانية.
Un climat politique répressif et dangereux qui, par la violation de toutes les dimensions des droits humains sahraouis, permet à l'occupant d'exercer son contrôle sur les groupes de résistance sahraouis en usant de tous les moyens portant atteinte à la dignité humaine à l'égard des Sahariens.
Hayat a également déclaré que sa demeure familiale dans le quartier d'El Hachicha a été encerclée et placée sous surveillance, et que « les forces de sécurité marocaines utilisent des méthodes cruelles pour enrayer tout acte de résistance par lequel les civils sahraouis tentent d'exprimer leurs opinions politiques qui s'opposent à la présence de l'occupant. »
Dans un rapport [ar] publié le 18 décembre, Eric Goldstein [ar], directeur du département Moyen-Orient et Afrique du Nord de Human Rights Watch a déclaré : « Les forces marocaines et du Polisario sont en opposition pour des querelles de frontières et diplomatiques, mais cela ne justifie pas la répression marocaine à l'encontre des civils sahariens qui protestent pacifiquement contre l'autorité marocaine. »
Cela vient s'ajouter à ce qui a été dernièrement publié par le Washington Post [en] lors d'une analyse d'extraits vidéo montrant des agressions physiques violentes de la part de membres de la sécurité marocaine à l'égard d'activistes sahraouis au mois de juillet dernier, et qui contredit la version officielle.
Les avertissements continuent de se succéder sur la possible aggravation de la situation dans le Sahara occidental sans une intervention internationale pour régler le conflit. Une cellule de crise a annoncé le 11 mars dernier que « les derniers actes d'hostilité laissent présager une escalade, surtout en l'absence d'efforts internationaux pour apaiser les tensions et ramener les parties autour de la table des négociations. »",success,20210407,POLICE,,,,180,4,-9.0,-5.44303797468355,21.2167,-17.0167,4,https://fr.globalvoices.org/2021/04/07/263926/,fr.globalvoices.org,True,True,2021-04-07,396479.0,MOR-2021-1-721-5,2021.0,False,Clear,1.0,331.0,331.0,Morocco: Sahrawi Arab Democratic Republic (Western Sahara),721.0,721.0,Government of Morocco - POLISARIO,108.0,108.0,Government of Morocco,563.0,563.0,POLISARIO,4.0,"""Agence France Presse,2021-04-07,Polisario says police chief killed in Western Sahara"";""Jeune Afrique,2021-04-09,[Exclusive] Morocco-Sahara: how (and why) the FAR neutralized the head of the Polisario gendarmerie"";""Agence France Presse,2021-04-11,Has Morocco carried out its first drone strike in Western Sahara?"";""Report of the Secretary General S/2021/843,2021-10-01,Situation concerning Western Sahara Report of the Secretary-General""",Agence France Presse;Jeune Afrique;Agence France Presse;Report of the Secretary General S/2021/843,2021-04-07;2021-04-09;2021-04-11;2021-10-01,Polisario says police chief killed in Western Sahara;[Exclusive] Morocco-Sahara: how (and why) the FAR neutralized the head of the Polisario gendarmerie;Has Morocco carried out its first drone strike in Western Sahara?;Situation concerning Western Sahara Report of the Secretary-General,POLISARIO's defence ministry; MINURSO (cannot confirm),2.0,Tifariti village,"Rouss Irni, in Tifariti, located in the north in Polisario-controlled territory",Laâyoune-Sakia al Hamra region,Es-Semara province,26.158757,-10.558116,POINT (-10.558116 26.158757),167379.0,Morocco,600.0,Africa,1.0,1.0,2021-04-06,2021-04-06 00:00:00.000,0.0,3.0,0.0,0.0,3.0,3.0,3.0,600.0,
978801913,,no_fetch,20210408,WESTERN SAHARA,POLICE CHIEF,MAR,,190,4,-10.0,-5.36912751677853,26.0928,-10.6089,4,https://thearabweekly.com/moroccos-armed-forces-kill-polisarios-police-commander,thearabweekly.com,False,False,2021-04-08,396479.0,MOR-2021-1-721-5,2021.0,False,Clear,1.0,331.0,331.0,Morocco: Sahrawi Arab Democratic Republic (Western Sahara),721.0,721.0,Government of Morocco - POLISARIO,108.0,108.0,Government of Morocco,563.0,563.0,POLISARIO,4.0,"""Agence France Presse,2021-04-07,Polisario says police chief killed in Western Sahara"";""Jeune Afrique,2021-04-09,[Exclusive] Morocco-Sahara: how (and why) the FAR neutralized the head of the Polisario gendarmerie"";""Agence France Presse,2021-04-11,Has Morocco carried out its first drone strike in Western Sahara?"";""Report of the Secretary General S/2021/843,2021-10-01,Situation concerning Western Sahara Report of the Secretary-General""",Agence France Presse;Jeune Afrique;Agence France Presse;Report of the Secretary General S/2021/843,2021-04-07;2021-04-09;2021-04-11;2021-10-01,Polisario says police chief killed in Western Sahara;[Exclusive] Morocco-Sahara: how (and why) the FAR neutralized the head of the Polisario gendarmerie;Has Morocco carried out its first drone strike in Western Sahara?;Situation concerning Western Sahara Report of the Secretary-General,POLISARIO's defence ministry; MINURSO (cannot confirm),2.0,Tifariti village,"Rouss Irni, in Tifariti, located in the north in Polisario-controlled territory",Laâyoune-Sakia al Hamra region,Es-Semara province,26.158757,-10.558116,POINT (-10.558116 26.158757),167379.0,Morocco,600.0,Africa,1.0,1.0,2021-04-06,2021-04-06 00:00:00.000,0.0,3.0,0.0,0.0,3.0,3.0,3.0,600.0,
1011864078,,no_fetch,20211030,CIVILIAN,MOROCCAN,,MAR,190,4,-10.0,1.34228187919463,25.0,-13.5,1,https://www.aps.dz:443/monde/129634-le-conseil-de-securite-appelle-a-la-reprise-des-negociations-front-polisario-maroc,www.aps.dz:443,False,False,2021-10-30,420096.0,MOR-2021-1-721-6,2021.0,False,Clear,1.0,331.0,331.0,Morocco: Sahrawi Arab Democratic Republic (Western Sahara),721.0,721.0,Government of Morocco - POLISARIO,108.0,108.0,Government of Morocco,563.0,563.0,POLISARIO,2.0,"""Reuters News,2021-11-03,Algerian presidency says three Algerians killed in Moroccan attack -state media"";""Agence France Presse,2021-11-03,Three Algerians killed in strike blamed on Morocco: state media""",Reuters News;Agence France Presse,2021-11-03;2021-11-03,Algerian presidency says three Algerians killed in Moroccan attack -state media;Three Algerians killed in strike blamed on Morocco: state media,The Algerian presidency,4.0,Laâyoune-Sakia al Hamra region,"on the border between Western Sahara and Mauritania

""Bir Lahlou"", on a highway through the part of the Western Sahara controlled by the Polisario Front",Laâyoune-Sakia al Hamra region,,27.8583,-12.20787,POINT (-12.20787 27.8583),169536.0,Morocco,600.0,Africa,1.0,1.0,2021-11-01,2021-11-01 00:00:00.000,0.0,0.0,3.0,0.0,3.0,3.0,3.0,600.0,
1011929258,,no_fetch,20211031,THE UN,MOROCCO,,MAR,190,4,-10.0,-3.74531835205992,25.0,-13.5,1,https://mareeg.com/decolonizing-western-sahara/,mareeg.com,False,False,2021-10-31,420096.0,MOR-2021-1-721-6,2021.0,False,Clear,1.0,331.0,331.0,Morocco: Sahrawi Arab Democratic Republic (Western Sahara),721.0,721.0,Government of Morocco - POLISARIO,108.0,108.0,Government of Morocco,563.0,563.0,POLISARIO,2.0,"""Reuters News,2021-11-03,Algerian presidency says three Algerians killed in Moroccan attack -state media"";""Agence France Presse,2021-11-03,Three Algerians killed in strike blamed on Morocco: state media""",Reuters News;Agence France Presse,2021-11-03;2021-11-03,Algerian presidency says three Algerians killed in Moroccan attack -state media;Three Algerians killed in strike blamed on Morocco: state media,The Algerian presidency,4.0,Laâyoune-Sakia al Hamra region,"on the border between Western Sahara and Mauritania

""Bir Lahlou"", on a highway through the part of the Western Sahara controlled by the Polisario Front",Laâyoune-Sakia al Hamra region,,27.8583,-12.20787,POINT (-12.20787 27.8583),169536.0,Morocco,600.0,Africa,1.0,1.0,2021-11-01,2021-11-01 00:00:00.000,0.0,0.0,3.0,0.0,3.0,3.0,3.0,600.0,
1011932805,,no_fetch,20211031,MOROCCO,THE UN,MAR,,190,4,-10.0,-3.74531835205992,25.0,-13.5,1,https://mareeg.com/decolonizing-western-sahara/,mareeg.com,False,False,2021-10-31,420096.0,MOR-2021-1-721-6,2021.0,False,Clear,1.0,331.0,331.0,Morocco: Sahrawi Arab Democratic Republic (Western Sahara),721.0,721.0,Government of Morocco - POLISARIO,108.0,108.0,Government of Morocco,563.0,563.0,POLISARIO,2.0,"""Reuters News,2021-11-03,Algerian presidency says three Algerians killed in Moroccan attack -state media"";""Agence France Presse,2021-11-03,Three Algerians killed in strike blamed on Morocco: state media""",Reuters News;Agence France Presse,2021-11-03;2021-11-03,Algerian presidency says three Algerians killed in Moroccan attack -state media;Three Algerians killed in strike blamed on Morocco: state media,The Algerian presidency,4.0,Laâyoune-Sakia al Hamra region,"on the border between Western Sahara and Mauritania

""Bir Lahlou"", on a highway through the part of the Western Sahara controlled by the Polisario Front",Laâyoune-Sakia al Hamra region,,27.8583,-12.20787,POINT (-12.20787 27.8583),169536.0,Morocco,600.0,Africa,1.0,1.0,2021-11-01,2021-11-01 00:00:00.000,0.0,0.0,3.0,0.0,3.0,3.0,3.0,600.0,
1011919372,,no_fetch,20211031,,MOROCCO,,MAR,190,4,-10.0,-3.74531835205992,25.0,-13.5,1,https://mareeg.com/decolonizing-western-sahara/,mareeg.com,False,False,2021-10-31,420096.0,MOR-2021-1-721-6,2021.0,False,Clear,1.0,331.0,331.0,Morocco: Sahrawi Arab Democratic Republic (Western Sahara),721.0,721.0,Government of Morocco - POLISARIO,108.0,108.0,Government of Morocco,563.0,563.0,POLISARIO,2.0,"""Reuters News,2021-11-03,Algerian presidency says three Algerians killed in Moroccan attack -state media"";""Agence France Presse,2021-11-03,Three Algerians killed in strike blamed on Morocco: state media""",Reuters News;Agence France Presse,2021-11-03;2021-11-03,Algerian presidency says three Algerians killed in Moroccan attack -state media;Three Algerians killed in strike blamed on Morocco: state media,The Algerian presidency,4.0,Laâyoune-Sakia al Hamra region,"on the border between Western Sahara and Mauritania

""Bir Lahlou"", on a highway through the part of the Western Sahara controlled by the Polisario Front",Laâyoune-Sakia al Hamra region,,27.8583,-12.20787,POINT (-12.20787 27.8583),169536.0,Morocco,600.0,Africa,1.0,1.0,2021-11-01,2021-11-01 00:00:00.000,0.0,0.0,3.0,0.0,3.0,3.0,3.0,600.0,
1011932794,,no_fetch,20211031,MOROCCO,,MAR,,190,4,-10.0,-3.74531835205992,25.0,-13.5,1,https://mareeg.com/decolonizing-western-sahara/,mareeg.com,False,False,2021-10-31,420096.0,MOR-2021-1-721-6,2021.0,False,Clear,1.0,331.0,331.0,Morocco: Sahrawi Arab Democratic Republic (Western Sahara),721.0,721.0,Government of Morocco - POLISARIO,108.0,108.0,Government of Morocco,563.0,563.0,POLISARIO,2.0,"""Reuters News,2021-11-03,Algerian presidency says three Algerians killed in Moroccan attack -state media"";""Agence France Presse,2021-11-03,Three Algerians killed in strike blamed on Morocco: state media""",Reuters News;Agence France Presse,2021-11-03;2021-11-03,Algerian presidency says three Algerians killed in Moroccan attack -state media;Three Algerians killed in strike blamed on Morocco: state media,The Algerian presidency,4.0,Laâyoune-Sakia al Hamra region,"on the border between Western Sahara and Mauritania

""Bir Lahlou"", on a highway through the part of the Western Sahara controlled by the Polisario Front",Laâyoune-Sakia al Hamra region,,27.8583,-12.20787,POINT (-12.20787 27.8583),169536.0,Morocco,600.0,Africa,1.0,1.0,2021-11-01,2021-11-01 00:00:00.000,0.0,0.0,3.0,0.0,3.0,3.0,3.0,600.0,
1012391230,"|  | 
|  | 
|  | 
| The National Forum | Donate | Your Account | On Line Opinion | Forum | Blogs | Polling | About |  | 
| Subscribe! On Line Opinion is a not-for-profit publication and relies on the generosity of its sponsors, editors and contributors. If you would like to help, contact us. ___________ Syndicate RSS/XML |  | 
|  | 
|  | 
|  | 
| Time to undo Trump's legacy in Western Sahara The question of Western Sahara is once again being examined by the UN Security Council. This is an opportunity to kick-start the peace process in a region of strategic importance. Almost six decades after it was promised a referendum on its future, Western Sahara awaits its destiny. The UN has spent more than two billion dollars on its mission in Western Sahara and appointed several envoys without accomplishing the task of enabling the people of Western Sahara to exercise their right to self-determination. On October 6, the United Nations Secretary-General Antonio Guterres announced the appointment of Mr Staffan de Mistura as his new Special Envoy for Africa's Last Colony, Western Sahara. Advertisement If Mr de Mistura, is to have any hope of making progress towards a solution, he will need the full and unanimous support of the UN Security Council and a clear mandate to tackle the issue as a decolonisation matter. The new Personal Envoy should be guided by the fact that Western Sahara's decolonisation was delayed when Spain abandoned its former colony in 1975 allowing Morocco and Mauritania to divide the Territory in contravention of UN's resolution. In 1988 Morocco and Polisario accepted the UN and OAU Settlement Plan which called for the organisation of a referendum of self-determination. A ceasefire was declared on 6 September 1991 and the UN deployed its mission, MINURSO, in Western Sahara with a view to holding the referendum. Moroccan authorities have obstructed the UN voter registration process and have arbitrarily rejected the final list of eligible voters. In 2002, the King of Morocco, without any basis, rejected the entire UN referendum process and described it as ""obsolete"". Last November, hostilities resumed in the Territory after the Moroccan army moved into the Guerguerat area and occupied the UN supervised Buffer Strip. Almost 30 years of ceasefire ended drawing attention to the simmering conflict in Northwest Africa. The UN should acknowledge that the peace process in Western Sahara has been derailed from its course and needs to be put back on the right path. A thorough review of the UN's involvement in Western Sahara is needed to determine the reasons why the United Nations has failed in Western Sahara. Such a review is essential to avoid repeating the same scenario again. Advertisement De Mistura's mission would be made easier if President Biden were to rescind Trump's erroneous decision on Western Sahara. This would restore America's credibility and its position as an honest broker and the penholder on Western Sahara resolutions at the UN Security Council. Maintaining an unending and unchanging status quo in Western Sahara may serve a certain narrow purpose, somewhere. But it will not serve justice, international legality or stability and peace in the region. Language in UN resolutions such as ""mutually acceptable political solution"", or ""based on compromise"" or ""a realistic, practicable solution"" are simply cogs in a machine that is rolling over the rights and aspirations of the Saharawi people. This language has nothing to do with the nature of the issue as a decolonisation matter. One such term is the so-called ""Friends of Western Sahara"" which is a meeting group within the UN Security Council. But, the membership of this potentially useful vehicle is biased towards Morocco and its composition is not democratic. Western Sahara is primarily an African issue, yet African States are excluded from the Group. It is time to end Africa's exclusion and admit an African state to this Group. The UN must demand that Morocco lift all restrictions imposed on the MINURSO, allow the African Union observers to return and allow the referendum on self-determination to take place. Morocco continues to plunder the resources of Western Sahara in violation of numerous international laws. Last month the European General Court decided to annul the EU-Morocco agriculture and fishing trade deals because they were agreed without the consent of the people of Western Sahara. Progress towards a lasting solution in Western Sahara would be of great benefit to European nations. The EU should play an active and positive role to encourage a speedy and just solution. The Saharawi people remain subject to rolling human rights abuses and attacks on basic liberties and freedoms as part of the Moroccan kingdom's efforts to silence those who seek their freedoms. Media still cannot tet access to the territory. Before the resumption of any UN supervised negotiations, all Saharawi political detainees should be released, Saharawi in the occupied territories should have free movement and speech and independent observers and the media should have free access to the territory. This is likely to assist in creating adequate conditions for the negotiations and improve the confidence building measures. The decolonisation of Western Sahara can only be achieved via two options: Either through the withdrawal of the Moroccan army and administration from the Territory or the organisation of a free, fair and just referendum of self-determination. There is no third way. Now, 58 years later, The UN must once and for all fix a date for the referendum of self-determination and set a clear road map in accordance with the Settlement Plan agreed by both parties and adopted by the UN Security Council in 1990. The Polisario Front can never be a partner in any process that does not fully respect the inalienable right of the Saharawi people to self-determination and independence. The Saharawi are not prepared to spend another 30 years in futile discussions, trapped in a dialogue of the deaf with a regime in Rabat that is determined to torpedo the peace process and deny their freedom. Discuss in our Forums See what other readers are saying about this article! Click here to read & post comments. 2 posts so far. About the Author Kamal Fadel is the Polisario Representative to Australia. He has been in the Polisario Front foreign relations corps since 1986 and has served in India, Iran and the UK, as a Saharawi diplomat. Other articles by this Author All articles by Kamal Fadel This work is licensed under a Creative Commons License. |  | 
| By Kamal Fadel - posted Wednesday, 3 November 2021 | Sign Up for free e-mail updates! | 
| Article Tools | 
|  | 
| Advertisement | 
|  | 
| Tweet |  | 
|  | 2 comments | 
|  | Printable version | 
|  | Subscribe | 
|  | Email a friend | 
|  | About Us | Search | Discuss | Feedback | Legals | Privacy |  |",success,20211102,MOROCCO,,MAR,,192,4,-9.5,0.21367521367521,21.2167,-17.0167,4,https://www.onlineopinion.com.au/view.asp?article=21697&page=0,www.onlineopinion.com.au,False,False,2021-11-02,420096.0,MOR-2021-1-721-6,2021.0,False,Clear,1.0,331.0,331.0,Morocco: Sahrawi Arab Democratic Republic (Western Sahara),721.0,721.0,Government of Morocco - POLISARIO,108.0,108.0,Government of Morocco,563.0,563.0,POLISARIO,2.0,"""Reuters News,2021-11-03,Algerian presidency says three Algerians killed in Moroccan attack -state media"";""Agence France Presse,2021-11-03,Three Algerians killed in strike blamed on Morocco: state media""",Reuters News;Agence France Presse,2021-11-03;2021-11-03,Algerian presidency says three Algerians killed in Moroccan attack -state media;Three Algerians killed in strike blamed on Morocco: state media,The Algerian presidency,4.0,Laâyoune-Sakia al Hamra region,"on the border between Western Sahara and Mauritania

""Bir Lahlou"", on a highway through the part of the Western Sahara controlled by the Polisario Front",Laâyoune-Sakia al Hamra region,,27.8583,-12.20787,POINT (-12.20787 27.8583),169536.0,Morocco,600.0,Africa,1.0,1.0,2021-11-01,2021-11-01 00:00:00.000,0.0,0.0,3.0,0.0,3.0,3.0,3.0,600.0,
1012384048,,no_extract,20211102,WESTERN SAHARA,,MAR,,190,4,-10.0,-2.96610169491526,25.0,-13.5,1,https://www.lnr-dz.com/category/monde/?edition=7201,www.lnr-dz.com,False,False,2021-11-02,420096.0,MOR-2021-1-721-6,2021.0,False,Clear,1.0,331.0,331.0,Morocco: Sahrawi Arab Democratic Republic (Western Sahara),721.0,721.0,Government of Morocco - POLISARIO,108.0,108.0,Government of Morocco,563.0,563.0,POLISARIO,2.0,"""Reuters News,2021-11-03,Algerian presidency says three Algerians killed in Moroccan attack -state media"";""Agence France Presse,2021-11-03,Three Algerians killed in strike blamed on Morocco: state media""",Reuters News;Agence France Presse,2021-11-03;2021-11-03,Algerian presidency says three Algerians killed in Moroccan attack -state media;Three Algerians killed in strike blamed on Morocco: state media,The Algerian presidency,4.0,Laâyoune-Sakia al Hamra region,"on the border between Western Sahara and Mauritania

""Bir Lahlou"", on a highway through the part of the Western Sahara controlled by the Polisario Front",Laâyoune-Sakia al Hamra region,,27.8583,-12.20787,POINT (-12.20787 27.8583),169536.0,Morocco,600.0,Africa,1.0,1.0,2021-11-01,2021-11-01 00:00:00.000,0.0,0.0,3.0,0.0,3.0,3.0,3.0,600.0,
1012387812,"Internet Facebook va arrêter la reconnaissance faciale sur les photos et supprimer les données
Facebook, qui traverse une de ses pires crises de réputation, a décidé de se passer de la reconnaissance faciale. Cette technologie permet, depuis 2010, d'identifier les personnes présentes sur des photos ou des vidéos postées sur le réseau social.
« Ce changement va représenter une des plus importantes évolutions en matière d'usage de la reconnaissance faciale dans l'histoire de cette technologie », a noté Jérôme Pesenti, le vice-président de la société, chargé de l'intelligence artificielle. « Plus d'un tiers des utilisateurs quotidiens de Facebook ont activé la reconnaissance faciale et peuvent être reconnus », a-t-il précisé.
L'algorithme ne devinera plus qui se trouve sur votre photo
Outre l'arrêt de la reconnaissance faciale active, le réseau social va supprimer les données d'identification numérique accumulées sur plus d'un milliard d'utilisateurs.
Cette décision inattendue signifie que certains outils populaires du réseau ne fonctionneront plus : quand un utilisateur publiera une photo, l'algorithme ne devinera plus les noms des personnes présentes dessus, par exemple.
Cette technologie d'intelligence artificielle suscite de « nombreuses inquiétudes », d'autant que les autorités n'ont pas encore fourni de « règles claires » sur son usage, a souligné Jérôme Pesenti.
Condamné à verser 650 millions de dollars à des utilisateurs
« Etant donné l'incertitude actuelle, nous pensons que limiter l'utilisation de la reconnaissance faciale à un nombre de cas limité est approprié ».
En février 2021, un juge fédéral de l'Illinois avait approuvé un accord amiable entre Facebook et des particuliers qui accusaient la plateforme d'avoir utilisé des données liées à la reconnaissance faciale sans leur consentement. Le groupe s'était alors engagé à leur verser 650 millions de dollars de dommages et intérêts.
Meta, la réponse à la lanceuse d'alerte France Haugen
Facebook fait actuellement face à des vagues d'accusations liées à la fuite de documents internes exfiltrés par une lanceuse d'alerte.
L'informaticienne Frances Haugen a assuré, devant le Congrès américain, le Parlement européen ou encore les participants du Web Summit à Lisbonne que le réseau social faisait passer ses profits avant la sécurité des utilisateurs.
Le géant des technologies s'en défend en mettant en avant ses investissements dans la sécurité, la modération des contenus ou encore les recherches pour évaluer les problèmes liés aux mauvaises utilisations de ses services (radicalisation politique, désinformation, trafics illégaux, harcèlement en ligne, etc).
La semaine dernière, Facebook s'est même trouvé un nouveau nom. La maison mère des différentes plateformes (Instagram, WhatsApp...) s'appelle désormais Meta, en référence au métavers, cet univers parallèle ancré dans la réalité virtuelle que l'entreprise veut participer à construire.
""Algorithmes de surveillance massive""
De nombreuses ONG et des élus politiques accusent les algorithmes des géants de la tech d'amplifier et de systématiser les biais humains déjà présents dans la société, comme le racisme et les discriminations. Ils pointent aussi les risques en matière de protection des données personnelles.
Aux Etats-Unis, face à la pression d'associations, de grands groupes comme Amazon, Microsoft, IBM et Google ont arrêté, au moins temporairement, de vendre aux forces de police leurs logiciels de reconnaissance faciale.
« C'est l'une des technologies les plus dangereuses et les plus toxiques jamais créées pour la vie politique. Même Facebook le sait », a réagi Caitlin Seeley George, directrice de campagne chez Fight for the Future, une ONG.
« De la mauvaise identification des personnes de couleur (qui a déjà conduit à des arrestations injustifiées) aux systèmes qui épient nos moindres faits et gestes quotidiens, nous ne pouvons pas faire confiance aux gouvernements, aux forces de l'ordre ou aux entreprises avec ces algorithmes de surveillance massive », a-t-elle fait valoir, appelant à l'interdiction totale de la reconnaissance faciale.
A Moscou, on paye le métro avec un regard
Moscou a mis en place il y a deux semaines des caméras dans les tourniquets de stations de métro, qui permettent aux usagers de payer pour leur trajet d'un regard, sans carte ni ticket.
Mais dans la capitale russe, forte d'un réseau de dizaines de milliers de caméras, la reconnaissance faciale sert aussi à arrêter des manifestants d'opposition ou encore à contrôler le respect des quarantaines liées à la pandémie de Covid-19.
Dans son communiqué, Meta/Facebook met par ailleurs en avant les usages utiles ou positifs de cette technologie, comme le déverrouillage de son écran de smartphone. 
Sur la plateforme, ce changement va aussi affecter le système de description des images pour les personnes aveugles ou visuellement déficientes, reconnaît Jérôme Pesenti.
Mais « toutes les nouvelles technologies apportent des bénéfices et inquiétudes potentielles, et nous voulons trouver le bon équilibre », conclut-il.",success,20211102,WEBSITE,,,,190,4,-10.0,-3.27868852459017,25.0,-13.5,1,https://www.bienpublic.com/science-et-technologie/2021/11/02/facebook-va-arreter-la-reconnaissance-faciale-sur-les-photos-et-supprimer-les-donnees,www.bienpublic.com,False,False,2021-11-02,420096.0,MOR-2021-1-721-6,2021.0,False,Clear,1.0,331.0,331.0,Morocco: Sahrawi Arab Democratic Republic (Western Sahara),721.0,721.0,Government of Morocco - POLISARIO,108.0,108.0,Government of Morocco,563.0,563.0,POLISARIO,2.0,"""Reuters News,2021-11-03,Algerian presidency says three Algerians killed in Moroccan attack -state media"";""Agence France Presse,2021-11-03,Three Algerians killed in strike blamed on Morocco: state media""",Reuters News;Agence France Presse,2021-11-03;2021-11-03,Algerian presidency says three Algerians killed in Moroccan attack -state media;Three Algerians killed in strike blamed on Morocco: state media,The Algerian presidency,4.0,Laâyoune-Sakia al Hamra region,"on the border between Western Sahara and Mauritania

""Bir Lahlou"", on a highway through the part of the Western Sahara controlled by the Polisario Front",Laâyoune-Sakia al Hamra region,,27.8583,-12.20787,POINT (-12.20787 27.8583),169536.0,Morocco,600.0,Africa,1.0,1.0,2021-11-01,2021-11-01 00:00:00.000,0.0,0.0,3.0,0.0,3.0,3.0,3.0,600.0,
1012506195,,no_extract,20211103,,ALGERIAN,,DZA,190,4,-10.0,-4.06504065040651,25.0,-13.5,1,https://www.tsa-algerie.com/trois-algeriens-lachement-assassines-par-le-maroc-presidence/,www.tsa-algerie.com,False,False,2021-11-03,420096.0,MOR-2021-1-721-6,2021.0,False,Clear,1.0,331.0,331.0,Morocco: Sahrawi Arab Democratic Republic (Western Sahara),721.0,721.0,Government of Morocco - POLISARIO,108.0,108.0,Government of Morocco,563.0,563.0,POLISARIO,2.0,"""Reuters News,2021-11-03,Algerian presidency says three Algerians killed in Moroccan attack -state media"";""Agence France Presse,2021-11-03,Three Algerians killed in strike blamed on Morocco: state media""",Reuters News;Agence France Presse,2021-11-03;2021-11-03,Algerian presidency says three Algerians killed in Moroccan attack -state media;Three Algerians killed in strike blamed on Morocco: state media,The Algerian presidency,4.0,Laâyoune-Sakia al Hamra region,"on the border between Western Sahara and Mauritania

""Bir Lahlou"", on a highway through the part of the Western Sahara controlled by the Polisario Front",Laâyoune-Sakia al Hamra region,,27.8583,-12.20787,POINT (-12.20787 27.8583),169536.0,Morocco,600.0,Africa,1.0,1.0,2021-11-01,2021-11-01 00:00:00.000,0.0,0.0,3.0,0.0,3.0,3.0,3.0,600.0,
1012527773,"أعلنت الرئاسة الجزائرية، الأربعاء، ""مقتل"" ثلاثة مواطنين في ""قصف شنه الجيش المغربي"" على قافلة كانت متوجهة من موريتانيا إلى الجزائر.
        
.ad_unit_height55{height:250px}
@media(max-width:1200px) {
.ad_unit_height55{height:250px}
}
@media(max-width:768px) {
.ad_unit_height55{height:250px}
}
 
  window.googletag = window.googletag || {cmd: []};
  googletag.cmd.push(function() {
    googletag.defineSlot('/21918299361/Leb24_300x250_InsideArticle_Zoning', [300, 250], 'div-gpt-ad-1618312246857-0').setTargeting('Leb24_Category', ['~content_type~']).addService(googletag.pubads());
    googletag.pubads().enableSingleRequest();
    googletag.pubads().collapseEmptyDivs();
    googletag.enableServices();
  });
 
  
    googletag.cmd.push(function() { googletag.display('div-gpt-ad-1618312246857-0'); });
   
        
        
        
وقالت الجزائر إن ""قتل الجيش المغربي لمواطنين جزائريين لن يمر دون عقاب"".
وذكرت وكالة الأنباء الجزائرية الرسمية أن الرئاسة وصفت العمل بأنه ""جبان"".
ونفى الجيش الموريتاني، من جانبه، وقوع هجوم داخل الأراضي الموريتانية، وقال في بيان: ""من أجل إنارة الرأي العام وتصحيح المعلومات المتداولة، تنفي مديرية الاتصال والعلاقات العامة بقيادة الأركان العامة للجيوش حدوث أي هجوم داخل التراب الوطني"".
وجاء الإعلان الجزائري بعد أيام من قرارها وقف ضخ الغاز الجزائري إلى المغرب بسبب ""الممارسات ذات الطابع العدواني، من المملكة المغربية تجاه الجزائر، التي تمس بالوحدة الوطنية"".
 
وكانت الجزائر قطعت علاقاتها الدبلوماسية مع المغرب، في أغسطس، واتهمته بارتكاب ""أعمال عدائية""، وهو ما نفته الرباط.
وأعرب المغرب وقتها في بيان عن وزارة الخارجية عن ""أسفه للقرار (قطع العلاقات)""، ووصفه بـ""غير المبرّر تماما""، مؤكدا أنه ""يرفض بشكل قاطع المبررات الزائفة، بل العبثية التي انبنى عليها"".
وتعد الصحراء الغربية السبب الرئيسي للخلاف بين البلدين الجارين، وهي موضوع نزاع منذ عقود بين المغرب وجبهة البوليساريو المدعومة من الجزائر، وهي منطقة تصنفها الأمم المتحدة بين ""الأقاليم غير المتمتعة بالحكم الذاتي"".
Advertisement
وقالت الجزائر إن ""قتل الجيش المغربي لمواطنين جزائريين لن يمر دون عقاب"".
وذكرت وكالة الأنباء الجزائرية الرسمية أن الرئاسة وصفت العمل بأنه ""جبان"".
ونفى الجيش الموريتاني، من جانبه، وقوع هجوم داخل الأراضي الموريتانية، وقال في بيان: ""من أجل إنارة الرأي العام وتصحيح المعلومات المتداولة، تنفي مديرية الاتصال والعلاقات العامة بقيادة الأركان العامة للجيوش حدوث أي هجوم داخل التراب الوطني"".
وجاء الإعلان الجزائري بعد أيام من قرارها وقف ضخ الغاز الجزائري إلى المغرب بسبب ""الممارسات ذات الطابع العدواني، من المملكة المغربية تجاه الجزائر، التي تمس بالوحدة الوطنية"".
وكانت الجزائر قطعت علاقاتها الدبلوماسية مع المغرب، في أغسطس، واتهمته بارتكاب ""أعمال عدائية""، وهو ما نفته الرباط.
وأعرب المغرب وقتها في بيان عن وزارة الخارجية عن ""أسفه للقرار (قطع العلاقات)""، ووصفه بـ""غير المبرّر تماما""، مؤكدا أنه ""يرفض بشكل قاطع المبررات الزائفة، بل العبثية التي انبنى عليها"".
وتعد الصحراء الغربية السبب الرئيسي للخلاف بين البلدين الجارين، وهي موضوع نزاع منذ عقود بين المغرب وجبهة البوليساريو المدعومة من الجزائر، وهي منطقة تصنفها الأمم المتحدة بين ""الأقاليم غير المتمتعة بالحكم الذاتي"".
(العربية)",success,20211103,MOROCCAN,,MAR,,194,4,-10.0,-10.5,25.0,-13.5,1,https://www.lebanon24.com/news/world-news/882227/%D8%A7%D9%84%D8%AC%D8%B2%D8%A7%D8%A6%D8%B1-%D8%AA%D8%B9%D9%84%D9%86-%D9%85%D9%82%D8%AA%D9%84-%D8%AB%D9%84%D8%A7%D8%AB%D8%A9-%D9%85%D9%86-%D9%85%D9%88%D8%A7%D8%B7%D9%86%D9%8A%D9%87%D8%A7,www.lebanon24.com,True,False,2021-11-03,420096.0,MOR-2021-1-721-6,2021.0,False,Clear,1.0,331.0,331.0,Morocco: Sahrawi Arab Democratic Republic (Western Sahara),721.0,721.0,Government of Morocco - POLISARIO,108.0,108.0,Government of Morocco,563.0,563.0,POLISARIO,2.0,"""Reuters News,2021-11-03,Algerian presidency says three Algerians killed in Moroccan attack -state media"";""Agence France Presse,2021-11-03,Three Algerians killed in strike blamed on Morocco: state media""",Reuters News;Agence France Presse,2021-11-03;2021-11-03,Algerian presidency says three Algerians killed in Moroccan attack -state media;Three Algerians killed in strike blamed on Morocco: state media,The Algerian presidency,4.0,Laâyoune-Sakia al Hamra region,"on the border between Western Sahara and Mauritania

""Bir Lahlou"", on a highway through the part of the Western Sahara controlled by the Polisario Front",Laâyoune-Sakia al Hamra region,,27.8583,-12.20787,POINT (-12.20787 27.8583),169536.0,Morocco,600.0,Africa,1.0,1.0,2021-11-01,2021-11-01 00:00:00.000,0.0,0.0,3.0,0.0,3.0,3.0,3.0,600.0,
1012527775,"أعلنت الرئاسة الجزائرية، الأربعاء، ""مقتل"" ثلاثة مواطنين في ""قصف شنه الجيش المغربي"" على قافلة كانت متوجهة من موريتانيا إلى الجزائر.
        
.ad_unit_height55{height:250px}
@media(max-width:1200px) {
.ad_unit_height55{height:250px}
}
@media(max-width:768px) {
.ad_unit_height55{height:250px}
}
 
  window.googletag = window.googletag || {cmd: []};
  googletag.cmd.push(function() {
    googletag.defineSlot('/21918299361/Leb24_300x250_InsideArticle_Zoning', [300, 250], 'div-gpt-ad-1618312246857-0').setTargeting('Leb24_Category', ['~content_type~']).addService(googletag.pubads());
    googletag.pubads().enableSingleRequest();
    googletag.pubads().collapseEmptyDivs();
    googletag.enableServices();
  });
 
  
    googletag.cmd.push(function() { googletag.display('div-gpt-ad-1618312246857-0'); });
   
        
        
        
وقالت الجزائر إن ""قتل الجيش المغربي لمواطنين جزائريين لن يمر دون عقاب"".
وذكرت وكالة الأنباء الجزائرية الرسمية أن الرئاسة وصفت العمل بأنه ""جبان"".
ونفى الجيش الموريتاني، من جانبه، وقوع هجوم داخل الأراضي الموريتانية، وقال في بيان: ""من أجل إنارة الرأي العام وتصحيح المعلومات المتداولة، تنفي مديرية الاتصال والعلاقات العامة بقيادة الأركان العامة للجيوش حدوث أي هجوم داخل التراب الوطني"".
وجاء الإعلان الجزائري بعد أيام من قرارها وقف ضخ الغاز الجزائري إلى المغرب بسبب ""الممارسات ذات الطابع العدواني، من المملكة المغربية تجاه الجزائر، التي تمس بالوحدة الوطنية"".
 
وكانت الجزائر قطعت علاقاتها الدبلوماسية مع المغرب، في أغسطس، واتهمته بارتكاب ""أعمال عدائية""، وهو ما نفته الرباط.
وأعرب المغرب وقتها في بيان عن وزارة الخارجية عن ""أسفه للقرار (قطع العلاقات)""، ووصفه بـ""غير المبرّر تماما""، مؤكدا أنه ""يرفض بشكل قاطع المبررات الزائفة، بل العبثية التي انبنى عليها"".
وتعد الصحراء الغربية السبب الرئيسي للخلاف بين البلدين الجارين، وهي موضوع نزاع منذ عقود بين المغرب وجبهة البوليساريو المدعومة من الجزائر، وهي منطقة تصنفها الأمم المتحدة بين ""الأقاليم غير المتمتعة بالحكم الذاتي"".
Advertisement
وقالت الجزائر إن ""قتل الجيش المغربي لمواطنين جزائريين لن يمر دون عقاب"".
وذكرت وكالة الأنباء الجزائرية الرسمية أن الرئاسة وصفت العمل بأنه ""جبان"".
ونفى الجيش الموريتاني، من جانبه، وقوع هجوم داخل الأراضي الموريتانية، وقال في بيان: ""من أجل إنارة الرأي العام وتصحيح المعلومات المتداولة، تنفي مديرية الاتصال والعلاقات العامة بقيادة الأركان العامة للجيوش حدوث أي هجوم داخل التراب الوطني"".
وجاء الإعلان الجزائري بعد أيام من قرارها وقف ضخ الغاز الجزائري إلى المغرب بسبب ""الممارسات ذات الطابع العدواني، من المملكة المغربية تجاه الجزائر، التي تمس بالوحدة الوطنية"".
وكانت الجزائر قطعت علاقاتها الدبلوماسية مع المغرب، في أغسطس، واتهمته بارتكاب ""أعمال عدائية""، وهو ما نفته الرباط.
وأعرب المغرب وقتها في بيان عن وزارة الخارجية عن ""أسفه للقرار (قطع العلاقات)""، ووصفه بـ""غير المبرّر تماما""، مؤكدا أنه ""يرفض بشكل قاطع المبررات الزائفة، بل العبثية التي انبنى عليها"".
وتعد الصحراء الغربية السبب الرئيسي للخلاف بين البلدين الجارين، وهي موضوع نزاع منذ عقود بين المغرب وجبهة البوليساريو المدعومة من الجزائر، وهي منطقة تصنفها الأمم المتحدة بين ""الأقاليم غير المتمتعة بالحكم الذاتي"".
(العربية)",success,20211103,MOROCCAN,MOROCCO,MAR,MAR,194,4,-10.0,-10.5,25.0,-13.5,1,https://www.lebanon24.com/news/world-news/882227/%D8%A7%D9%84%D8%AC%D8%B2%D8%A7%D8%A6%D8%B1-%D8%AA%D8%B9%D9%84%D9%86-%D9%85%D9%82%D8%AA%D9%84-%D8%AB%D9%84%D8%A7%D8%AB%D8%A9-%D9%85%D9%86-%D9%85%D9%88%D8%A7%D8%B7%D9%86%D9%8A%D9%87%D8%A7,www.lebanon24.com,True,False,2021-11-03,420096.0,MOR-2021-1-721-6,2021.0,False,Clear,1.0,331.0,331.0,Morocco: Sahrawi Arab Democratic Republic (Western Sahara),721.0,721.0,Government of Morocco - POLISARIO,108.0,108.0,Government of Morocco,563.0,563.0,POLISARIO,2.0,"""Reuters News,2021-11-03,Algerian presidency says three Algerians killed in Moroccan attack -state media"";""Agence France Presse,2021-11-03,Three Algerians killed in strike blamed on Morocco: state media""",Reuters News;Agence France Presse,2021-11-03;2021-11-03,Algerian presidency says three Algerians killed in Moroccan attack -state media;Three Algerians killed in strike blamed on Morocco: state media,The Algerian presidency,4.0,Laâyoune-Sakia al Hamra region,"on the border between Western Sahara and Mauritania

""Bir Lahlou"", on a highway through the part of the Western Sahara controlled by the Polisario Front",Laâyoune-Sakia al Hamra region,,27.8583,-12.20787,POINT (-12.20787 27.8583),169536.0,Morocco,600.0,Africa,1.0,1.0,2021-11-01,2021-11-01 00:00:00.000,0.0,0.0,3.0,0.0,3.0,3.0,3.0,600.0,
1012524631,,no_fetch,20211103,ALGERIAN,NOUAKCHOTT,DZA,MRT,190,4,-10.0,-4.14937759336099,25.0,-13.5,1,http://lecourrier-dalgerie.com/trois-ressortissants-algeriens-lachement-assassines-sur-laxe-nouakchott-ouargla/,lecourrier-dalgerie.com,False,False,2021-11-03,420096.0,MOR-2021-1-721-6,2021.0,False,Clear,1.0,331.0,331.0,Morocco: Sahrawi Arab Democratic Republic (Western Sahara),721.0,721.0,Government of Morocco - POLISARIO,108.0,108.0,Government of Morocco,563.0,563.0,POLISARIO,2.0,"""Reuters News,2021-11-03,Algerian presidency says three Algerians killed in Moroccan attack -state media"";""Agence France Presse,2021-11-03,Three Algerians killed in strike blamed on Morocco: state media""",Reuters News;Agence France Presse,2021-11-03;2021-11-03,Algerian presidency says three Algerians killed in Moroccan attack -state media;Three Algerians killed in strike blamed on Morocco: state media,The Algerian presidency,4.0,Laâyoune-Sakia al Hamra region,"on the border between Western Sahara and Mauritania

""Bir Lahlou"", on a highway through the part of the Western Sahara controlled by the Polisario Front",Laâyoune-Sakia al Hamra region,,27.8583,-12.20787,POINT (-12.20787 27.8583),169536.0,Morocco,600.0,Africa,1.0,1.0,2021-11-01,2021-11-01 00:00:00.000,0.0,0.0,3.0,0.0,3.0,3.0,3.0,600.0,
1012513781,"Sahara occidental : trois Algériens tués dans un bombardement attribué au Maroc
Trois Algériens ont été tués lundi au Sahara occidental dans un bombardement attribué au Maroc et ayant pris pour cible des camions faisant la liaison entre la Mauritanie et l'Algérie, a affirmé mercredi l'agence officielle de presse algérienne APS.
Pour afficher ce contenu YouTube, il est nécessaire d'autoriser les cookies de mesure d'audience et de publicité.
Une extension de votre navigateur semble bloquer le chargement du lecteur vidéo. Pour pouvoir regarder ce contenu, vous devez la désactiver ou la désinstaller.
C'est un événement qui ne risque pas d'atténuer les relations déjà tendues entre l'Algérie et le Maroc. L'Algérie a annoncé mercredi 3 novembre la mort de trois de ses ressortissants dans un bombardement qu'elle attribue au Maroc, au Sahara occidental, un territoire au cœur de vives tensions entre les deux frères ennemis du Maghreb.
L'agence officielle de presse algérienne APS, citant un communiqué de la présidence algérienne, a affirmé que ""trois ressortissants algériens ont été lâchement assassinés par un bombardement barbare de leurs camions alors qu'ils faisaient la liaison Nouakchott-Ouargla"".
Selon elle, ""plusieurs facteurs désignent les forces d'occupation marocaines au Sahara occidental comme ayant commis, avec un armement sophistiqué, ce lâche assassinat"".
Longue de quelque 3 500 kilomètres, la route reliant Nouakchott à Ouargla, dans le Sud algérien, longe le Sahara occidental.
Pour afficher ce contenu YouTube, il est nécessaire d'autoriser les cookies de mesure d'audience et de publicité.
Une extension de votre navigateur semble bloquer le chargement du lecteur vidéo. Pour pouvoir regarder ce contenu, vous devez la désactiver ou la désinstaller.
""Leur assassinat ne restera pas impuni""
Le communiqué algérien n'a pas précisé l'endroit exact où le bombardement a eu lieu mais Akram Kharief, patron du site spécialisé Mena défense, a indiqué à l'AFP que ""les camionneurs algériens ont été tués à Bir Lahlou au Sahara occidental"".
""Leur assassinat ne restera pas impuni"", affirme la présidence algérienne dans son communiqué en rendant hommage aux ""trois victimes innocentes de cet acte de terrorisme d'État"".
À la suite de premières informations sur cet incident publiées mardi sur les réseaux sociaux, l'armée mauritanienne a démenti dans un communiqué qu'une telle attaque se soit produite en territoire mauritanien.
La question du Sahara occidental, ex-colonie espagnole considérée comme un ""territoire non autonome"" par l'ONU en l'absence d'un règlement définitif, oppose depuis des décennies le Maroc au Front Polisario, soutenu par l'Algérie.
Les tensions se sont accrues récemment, culminant avec la rupture par l'Algérie de ses relations diplomatiques avec son voisin, fin août.
>> Crise diplomatique : le président algérien ferme le gazoduc transitant par le Maroc
La crise a éclaté peu après la normalisation des relations diplomatiques entre le Maroc et Israël, en échange de la reconnaissance par les États-Unis de la souveraineté marocaine sur le Sahara occidental.
Rabat contrôle près de 80 % de ce vaste territoire désertique au riche sous-sol et bordant des eaux poissonneuses alors qu'Alger soutient les indépendantistes sahraouis du Front Polisario.
Le Polisario réclame un référendum d'autodétermination sous l'égide de l'ONU, qui avait été prévu lors de la signature d'un cessez-le feu en 1991.
Pour afficher ce contenu YouTube, il est nécessaire d'autoriser les cookies de mesure d'audience et de publicité.
Une extension de votre navigateur semble bloquer le chargement du lecteur vidéo. Pour pouvoir regarder ce contenu, vous devez la désactiver ou la désinstaller.
Les indépendantistes sahraouis ont rompu le 13 novembre 2020 la trêve avec le Maroc, après le déploiement de forces marocaines dans une zone tampon au Sahara occidental.
Le conseil de sécurité de l'ONU a appelé la semaine passée les ""parties"" au conflit du Sahara à reprendre les négociations ""sans préconditions et de bonne foi"", en votant une résolution prolongeant d'un an la mission Minurso dans la région.
Avec AFP",success,20211103,MOROCCO,ALGERIAN,MAR,DZA,190,4,-10.0,-4.66200466200466,25.0,-13.5,1,https://www.france24.com/fr/afrique/20211103-sahara-occidental-trois-alg%C3%A9riens-tu%C3%A9s-dans-un-bombardement-attribu%C3%A9-au-maroc,www.france24.com,True,False,2021-11-03,420096.0,MOR-2021-1-721-6,2021.0,False,Clear,1.0,331.0,331.0,Morocco: Sahrawi Arab Democratic Republic (Western Sahara),721.0,721.0,Government of Morocco - POLISARIO,108.0,108.0,Government of Morocco,563.0,563.0,POLISARIO,2.0,"""Reuters News,2021-11-03,Algerian presidency says three Algerians killed in Moroccan attack -state media"";""Agence France Presse,2021-11-03,Three Algerians killed in strike blamed on Morocco: state media""",Reuters News;Agence France Presse,2021-11-03;2021-11-03,Algerian presidency says three Algerians killed in Moroccan attack -state media;Three Algerians killed in strike blamed on Morocco: state media,The Algerian presidency,4.0,Laâyoune-Sakia al Hamra region,"on the border between Western Sahara and Mauritania

""Bir Lahlou"", on a highway through the part of the Western Sahara controlled by the Polisario Front",Laâyoune-Sakia al Hamra region,,27.8583,-12.20787,POINT (-12.20787 27.8583),169536.0,Morocco,600.0,Africa,1.0,1.0,2021-11-01,2021-11-01 00:00:00.000,0.0,0.0,3.0,0.0,3.0,3.0,3.0,600.0,
1012506497,,no_extract,20211103,ALGERIAN,ALGERIA,DZA,DZA,190,4,-10.0,-4.06504065040651,25.0,-13.5,1,https://www.tsa-algerie.com/trois-algeriens-lachement-assassines-par-le-maroc-presidence/,www.tsa-algerie.com,False,False,2021-11-03,420096.0,MOR-2021-1-721-6,2021.0,False,Clear,1.0,331.0,331.0,Morocco: Sahrawi Arab Democratic Republic (Western Sahara),721.0,721.0,Government of Morocco - POLISARIO,108.0,108.0,Government of Morocco,563.0,563.0,POLISARIO,2.0,"""Reuters News,2021-11-03,Algerian presidency says three Algerians killed in Moroccan attack -state media"";""Agence France Presse,2021-11-03,Three Algerians killed in strike blamed on Morocco: state media""",Reuters News;Agence France Presse,2021-11-03;2021-11-03,Algerian presidency says three Algerians killed in Moroccan attack -state media;Three Algerians killed in strike blamed on Morocco: state media,The Algerian presidency,4.0,Laâyoune-Sakia al Hamra region,"on the border between Western Sahara and Mauritania

""Bir Lahlou"", on a highway through the part of the Western Sahara controlled by the Polisario Front",Laâyoune-Sakia al Hamra region,,27.8583,-12.20787,POINT (-12.20787 27.8583),169536.0,Morocco,600.0,Africa,1.0,1.0,2021-11-01,2021-11-01 00:00:00.000,0.0,0.0,3.0,0.0,3.0,3.0,3.0,600.0,
1012524629,,no_fetch,20211103,ALGERIAN,NOUAKCHOTT,DZA,MRT,190,4,-10.0,-4.14937759336099,25.0,-13.5,1,http://lecourrier-dalgerie.com/trois-ressortissants-algeriens-lachement-assassines-sur-laxe-nouakchott-ouargla/,lecourrier-dalgerie.com,False,False,2021-11-03,420096.0,MOR-2021-1-721-6,2021.0,False,Clear,1.0,331.0,331.0,Morocco: Sahrawi Arab Democratic Republic (Western Sahara),721.0,721.0,Government of Morocco - POLISARIO,108.0,108.0,Government of Morocco,563.0,563.0,POLISARIO,2.0,"""Reuters News,2021-11-03,Algerian presidency says three Algerians killed in Moroccan attack -state media"";""Agence France Presse,2021-11-03,Three Algerians killed in strike blamed on Morocco: state media""",Reuters News;Agence France Presse,2021-11-03;2021-11-03,Algerian presidency says three Algerians killed in Moroccan attack -state media;Three Algerians killed in strike blamed on Morocco: state media,The Algerian presidency,4.0,Laâyoune-Sakia al Hamra region,"on the border between Western Sahara and Mauritania

""Bir Lahlou"", on a highway through the part of the Western Sahara controlled by the Polisario Front",Laâyoune-Sakia al Hamra region,,27.8583,-12.20787,POINT (-12.20787 27.8583),169536.0,Morocco,600.0,Africa,1.0,1.0,2021-11-01,2021-11-01 00:00:00.000,0.0,0.0,3.0,0.0,3.0,3.0,3.0,600.0,
1012402049,"|  | 
|  | 
|  | 
| The National Forum | Donate | Your Account | On Line Opinion | Forum | Blogs | Polling | About |  | 
| Subscribe! On Line Opinion is a not-for-profit publication and relies on the generosity of its sponsors, editors and contributors. If you would like to help, contact us. ___________ Syndicate RSS/XML |  | 
|  | 
|  | 
|  | 
| Time to undo Trump's legacy in Western Sahara The question of Western Sahara is once again being examined by the UN Security Council. This is an opportunity to kick-start the peace process in a region of strategic importance. Almost six decades after it was promised a referendum on its future, Western Sahara awaits its destiny. The UN has spent more than two billion dollars on its mission in Western Sahara and appointed several envoys without accomplishing the task of enabling the people of Western Sahara to exercise their right to self-determination. On October 6, the United Nations Secretary-General Antonio Guterres announced the appointment of Mr Staffan de Mistura as his new Special Envoy for Africa's Last Colony, Western Sahara. Advertisement If Mr de Mistura, is to have any hope of making progress towards a solution, he will need the full and unanimous support of the UN Security Council and a clear mandate to tackle the issue as a decolonisation matter. The new Personal Envoy should be guided by the fact that Western Sahara's decolonisation was delayed when Spain abandoned its former colony in 1975 allowing Morocco and Mauritania to divide the Territory in contravention of UN's resolution. In 1988 Morocco and Polisario accepted the UN and OAU Settlement Plan which called for the organisation of a referendum of self-determination. A ceasefire was declared on 6 September 1991 and the UN deployed its mission, MINURSO, in Western Sahara with a view to holding the referendum. Moroccan authorities have obstructed the UN voter registration process and have arbitrarily rejected the final list of eligible voters. In 2002, the King of Morocco, without any basis, rejected the entire UN referendum process and described it as ""obsolete"". Last November, hostilities resumed in the Territory after the Moroccan army moved into the Guerguerat area and occupied the UN supervised Buffer Strip. Almost 30 years of ceasefire ended drawing attention to the simmering conflict in Northwest Africa. The UN should acknowledge that the peace process in Western Sahara has been derailed from its course and needs to be put back on the right path. A thorough review of the UN's involvement in Western Sahara is needed to determine the reasons why the United Nations has failed in Western Sahara. Such a review is essential to avoid repeating the same scenario again. Advertisement De Mistura's mission would be made easier if President Biden were to rescind Trump's erroneous decision on Western Sahara. This would restore America's credibility and its position as an honest broker and the penholder on Western Sahara resolutions at the UN Security Council. Maintaining an unending and unchanging status quo in Western Sahara may serve a certain narrow purpose, somewhere. But it will not serve justice, international legality or stability and peace in the region. Language in UN resolutions such as ""mutually acceptable political solution"", or ""based on compromise"" or ""a realistic, practicable solution"" are simply cogs in a machine that is rolling over the rights and aspirations of the Saharawi people. This language has nothing to do with the nature of the issue as a decolonisation matter. Continued over the page... Discuss in our Forums See what other readers are saying about this article! Click here to read & post comments. 2 posts so far. About the Author Kamal Fadel is the Polisario Representative to Australia. He has been in the Polisario Front foreign relations corps since 1986 and has served in India, Iran and the UK, as a Saharawi diplomat. Other articles by this Author All articles by Kamal Fadel This work is licensed under a Creative Commons License. |  | 
| By Kamal Fadel - posted Wednesday, 3 November 2021 | Sign Up for free e-mail updates! | 
| Article Tools | 
|  | 
| Advertisement | 
|  | 
| Tweet |  | 
|  | 2 comments | 
|  | Printable version | 
|  | Subscribe | 
|  | Email a friend | 
|  | About Us | Search | Discuss | Feedback | Legals | Privacy |  |",success,20211103,MOROCCO,,MAR,,192,4,-9.5,-0.58365758754864,21.2167,-17.0167,4,https://www.onlineopinion.com.au/view.asp?article=21697,www.onlineopinion.com.au,False,False,2021-11-03,420096.0,MOR-2021-1-721-6,2021.0,False,Clear,1.0,331.0,331.0,Morocco: Sahrawi Arab Democratic Republic (Western Sahara),721.0,721.0,Government of Morocco - POLISARIO,108.0,108.0,Government of Morocco,563.0,563.0,POLISARIO,2.0,"""Reuters News,2021-11-03,Algerian presidency says three Algerians killed in Moroccan attack -state media"";""Agence France Presse,2021-11-03,Three Algerians killed in strike blamed on Morocco: state media""",Reuters News;Agence France Presse,2021-11-03;2021-11-03,Algerian presidency says three Algerians killed in Moroccan attack -state media;Three Algerians killed in strike blamed on Morocco: state media,The Algerian presidency,4.0,Laâyoune-Sakia al Hamra region,"on the border between Western Sahara and Mauritania

""Bir Lahlou"", on a highway through the part of the Western Sahara controlled by the Polisario Front",Laâyoune-Sakia al Hamra region,,27.8583,-12.20787,POINT (-12.20787 27.8583),169536.0,Morocco,600.0,Africa,1.0,1.0,2021-11-01,2021-11-01 00:00:00.000,0.0,0.0,3.0,0.0,3.0,3.0,3.0,600.0,
1012513784,"Sahara occidental : trois Algériens tués dans un bombardement attribué au Maroc
Trois Algériens ont été tués lundi au Sahara occidental dans un bombardement attribué au Maroc et ayant pris pour cible des camions faisant la liaison entre la Mauritanie et l'Algérie, a affirmé mercredi l'agence officielle de presse algérienne APS.
Pour afficher ce contenu YouTube, il est nécessaire d'autoriser les cookies de mesure d'audience et de publicité.
Une extension de votre navigateur semble bloquer le chargement du lecteur vidéo. Pour pouvoir regarder ce contenu, vous devez la désactiver ou la désinstaller.
C'est un événement qui ne risque pas d'atténuer les relations déjà tendues entre l'Algérie et le Maroc. L'Algérie a annoncé mercredi 3 novembre la mort de trois de ses ressortissants dans un bombardement qu'elle attribue au Maroc, au Sahara occidental, un territoire au cœur de vives tensions entre les deux frères ennemis du Maghreb.
L'agence officielle de presse algérienne APS, citant un communiqué de la présidence algérienne, a affirmé que ""trois ressortissants algériens ont été lâchement assassinés par un bombardement barbare de leurs camions alors qu'ils faisaient la liaison Nouakchott-Ouargla"".
Selon elle, ""plusieurs facteurs désignent les forces d'occupation marocaines au Sahara occidental comme ayant commis, avec un armement sophistiqué, ce lâche assassinat"".
Longue de quelque 3 500 kilomètres, la route reliant Nouakchott à Ouargla, dans le Sud algérien, longe le Sahara occidental.
Pour afficher ce contenu YouTube, il est nécessaire d'autoriser les cookies de mesure d'audience et de publicité.
Une extension de votre navigateur semble bloquer le chargement du lecteur vidéo. Pour pouvoir regarder ce contenu, vous devez la désactiver ou la désinstaller.
""Leur assassinat ne restera pas impuni""
Le communiqué algérien n'a pas précisé l'endroit exact où le bombardement a eu lieu mais Akram Kharief, patron du site spécialisé Mena défense, a indiqué à l'AFP que ""les camionneurs algériens ont été tués à Bir Lahlou au Sahara occidental"".
""Leur assassinat ne restera pas impuni"", affirme la présidence algérienne dans son communiqué en rendant hommage aux ""trois victimes innocentes de cet acte de terrorisme d'État"".
À la suite de premières informations sur cet incident publiées mardi sur les réseaux sociaux, l'armée mauritanienne a démenti dans un communiqué qu'une telle attaque se soit produite en territoire mauritanien.
La question du Sahara occidental, ex-colonie espagnole considérée comme un ""territoire non autonome"" par l'ONU en l'absence d'un règlement définitif, oppose depuis des décennies le Maroc au Front Polisario, soutenu par l'Algérie.
Les tensions se sont accrues récemment, culminant avec la rupture par l'Algérie de ses relations diplomatiques avec son voisin, fin août.
>> Crise diplomatique : le président algérien ferme le gazoduc transitant par le Maroc
La crise a éclaté peu après la normalisation des relations diplomatiques entre le Maroc et Israël, en échange de la reconnaissance par les États-Unis de la souveraineté marocaine sur le Sahara occidental.
Rabat contrôle près de 80 % de ce vaste territoire désertique au riche sous-sol et bordant des eaux poissonneuses alors qu'Alger soutient les indépendantistes sahraouis du Front Polisario.
Le Polisario réclame un référendum d'autodétermination sous l'égide de l'ONU, qui avait été prévu lors de la signature d'un cessez-le feu en 1991.
Pour afficher ce contenu YouTube, il est nécessaire d'autoriser les cookies de mesure d'audience et de publicité.
Une extension de votre navigateur semble bloquer le chargement du lecteur vidéo. Pour pouvoir regarder ce contenu, vous devez la désactiver ou la désinstaller.
Les indépendantistes sahraouis ont rompu le 13 novembre 2020 la trêve avec le Maroc, après le déploiement de forces marocaines dans une zone tampon au Sahara occidental.
Le conseil de sécurité de l'ONU a appelé la semaine passée les ""parties"" au conflit du Sahara à reprendre les négociations ""sans préconditions et de bonne foi"", en votant une résolution prolongeant d'un an la mission Minurso dans la région.
Avec AFP",success,20211103,MOROCCO,ALGERIA,MAR,DZA,190,4,-10.0,-4.66200466200466,25.0,-13.5,1,https://www.france24.com/fr/afrique/20211103-sahara-occidental-trois-alg%C3%A9riens-tu%C3%A9s-dans-un-bombardement-attribu%C3%A9-au-maroc,www.france24.com,True,False,2021-11-03,420096.0,MOR-2021-1-721-6,2021.0,False,Clear,1.0,331.0,331.0,Morocco: Sahrawi Arab Democratic Republic (Western Sahara),721.0,721.0,Government of Morocco - POLISARIO,108.0,108.0,Government of Morocco,563.0,563.0,POLISARIO,2.0,"""Reuters News,2021-11-03,Algerian presidency says three Algerians killed in Moroccan attack -state media"";""Agence France Presse,2021-11-03,Three Algerians killed in strike blamed on Morocco: state media""",Reuters News;Agence France Presse,2021-11-03;2021-11-03,Algerian presidency says three Algerians killed in Moroccan attack -state media;Three Algerians killed in strike blamed on Morocco: state media,The Algerian presidency,4.0,Laâyoune-Sakia al Hamra region,"on the border between Western Sahara and Mauritania

""Bir Lahlou"", on a highway through the part of the Western Sahara controlled by the Polisario Front",Laâyoune-Sakia al Hamra region,,27.8583,-12.20787,POINT (-12.20787 27.8583),169536.0,Morocco,600.0,Africa,1.0,1.0,2021-11-01,2021-11-01 00:00:00.000,0.0,0.0,3.0,0.0,3.0,3.0,3.0,600.0,
1013996898,"В СТИЛ ПАБЛО ЕСКОБАР: Наркокартел си направи зоологическа градина! Властите в Мексико откриха тигър, пантера и лъв Светът
СЛЕД ВИЗИТАТА В МОСКВА: Флотът на Страшния съд полетя над САЩ! Петте самолета, пригодени за ядрен апокалипсис, обиколиха страната Светът
ТРАГЕДИЯТА Е ОГРОМНА: Жертвите на наводнението в Непал са близо 100! 384 туристи, предимно чужденци, са изчезнали (ВИДЕО) Светът
ПБ обеща стабилност, опозицията - протести. Витанов: Страната ще се управлява по правила, а не по телефон (ОБЗОР) България
БРОЕНИ МЕСЕЦИ ПРЕДИ ЗИМАТА: България с по-малко газ в хранилищата от средното за ЕС! Някои от съседните ни държави са далеч по-подготвени България
ПРИЗНАНИЕ: Зеленски награди Надежда Нейнски с орден „Княгиня Олга“! Сред мотивите са подкрепата за суверенитета и териториалната цялост на Украйна
ЗАРАДИ ЗАБАВЯНЕ: България ще поиска неустойка за изтребителите F-16! САЩ отказаха да ни предоставят самолети втора употреба, Швеция не дава „Грипен“ България
ТРЪМП: Посещението на шефа на ЦРУ в Русия може да доведе до резултати! Визитата му е донякъде рутинна, обясни американският президент Светът
СЛЕД СМЪРТТА НА ДЕТЕ: Прокуратурата разследва чиновник заради лиценз на зъболекарски кабинет. Проверяват как се е осъществявал контролът върху разрешението за лечебна дейност България
ЗДРАВНИЯТ МИНИСТЪР КЪМ КУНЧЕВ: Чистка няма! Общата администрация – счетоводители, юристи, финансисти няма да са в такъв обем
ТРАГЕДИЯ: Откриха тялото на издирваното седемгодишно момченце в Созопол! Бащата влязъл във водата с две от децата си, докато обръщал внимание на едното - другото било повлечено от течението България
Пилотът Йовко Йоцев пред „Телеграф“: Проблемите с GPS сигнала са на всеки втори полет. Екипажите тренират как да реагират Общество
ЗАРАДИ ТЪРГОВСКАТА ВОЙНА С КАНАДА: Тоалетната хартия в САЩ поскъпва! Торонто отвръща на митата на Тръмп, налага тарифи на близо 900 продукта Светът
Кунчев след оставката: Невъзможно е да участвам в разрушаването на здравната система. Няма да наблюдавам безпристрастно разпада, каза той България
ДИМИТЪР СТОЯНОВ: Всички открити дронове не носят боеприпаси! Задължително трябва да се вземат мерки за безопасност, алармира военният министър (ВИДЕО)
Главният здравен инспектор доц. Ангел Кунчев подаде оставка. Той напуска заради пенсионна възраст и реформа Здраве
Бенямин Нетаняху: Никакво споразумение с тези диваци в Иран. САЩ няма да постигнат нищо с натиска си, заяви иранският президент Масуд Пезешкиан Светът
Стоян Колев обяви, че се връща у нас! Арестантът се връща. България ще тръгне напред, заяви ТикТокърът България
Хванаха мъж, бягал от затвора четири пъти. Последният път счупил решетките и се спуснал по чаршафи Светът
Парамедиците настояват за задължително обучение по спешна помощ в болниците за рехабилитация България
ГОРДОСТ: 10-годишно момче се превърна в герой на АМ „Тракия“. Малкият юнак смени гума, за да спаси своята баба (СНИМКА) България
НС одобри придобиването на 7 минни ловци от Нидерландия и Белгия. Първият акостира у нас още тази есен България
КАКВО СЕ СЛУЧВА? Трети дрон изплува на Черноморието ни! Това е поредният безпилотен летателен апарат в страната ни за броени часове (ВИДЕО) България
Френски съд призна рака на гърдата на стюардеса за професионално заболяване. Победата на Софи Лено отваря вратата за искове Светът
Песков: Шефът на ЦРУ се срещна с руските служби, не с Путин. Разговорите са проведени с разузнаването, потвърди говорителят на Кремъл Светът
Обмислят промяна във финансирането на училищата. На фокус ще са резултатите и напредъкът на учениците България
Еминем публикува трогателно писмо от Доли Партън. Рапърът скърби за отишлата си от този свят кънтри икона
Камион блъсна и уби жена на кръстовище във Варна. Тя е пресичала на зелен сигнал на светофарната уредба България
Седемгодишно дете изчезна във водите край Созопол! Водолази и дрон претърсват плаж Хармани край морския град България
Огромна вълна отнесе цели села в Непал! Наводнението унищожи къщи и инфраструктура, властите все още нямат точни данни за загиналите и пострадалите (ВИДЕО) Светът
ИЗВЪНРЕДНО: Дроновете изплували край Варна се оказаха ДВА! Военни и граничари блокираха ивицата (ВИДЕО + СНИМКИ)
Зеленски награди Илон Мъск с „Орден на свободата“. Въоръжените сили на Украйна използват Starlink Светът
Тома Биков: Това правителство е съставено от констататори. България изпуска възможност за промяна, споделя депутатът България
Инжекциите за отслабване: Революция или бомба със закъснител. Дали тези медикаменти са медицински пробив или крият опасности, които потребителите подценяват България
Автовоз блокира част от международния път София - Букурещ между Русе и Дунав мост. Трафикът е интензивен (ВИДЕО)
Три села в община Струмяни още са без вода след пороя. Военни помагат за разчистването на тоновете кална маса България
Маскирана банда преби непълнолетно момче. Агресивна хулигани нападнаха младеж в училищен двор България
Тийнейджър е намушкан след разпра с гайдар на алеята във Варна. Младежът е в болница след жестокото нападение с нож България
КРАЙ: Доналд Тръмп затвори вратите за имигранти в САЩ. Вашингтон спря глобално интервютата за визи заради обучение Светът
ДЕН ТРИ: Продължава мащабната акция за изчезналия мъж край Пещера. Спасителни екипи и кучета претърсват коритото на Стара река
Тройно по-малко джаджи от Китай. Експертът Жанет Найденова: Имаме вече малко по-честна конкуренция България
Луксозният живот на братята Тейт бил пълна фалшификация! Милионите на обвинените инфлуенсъри се оказаха сценичен реквизит Светът
Първи със западнонилска треска у нас! 63-годишен от Пловдив е с неврологично усложнение, бил в Италия и по нашето море Здраве
Откриха и извадиха дрона от морето край Царево. Безпилотният летателен апарат е бил изхвърлен от вълните край скалите в залив в района България
Шефът на ЦРУ посетил Москва за тайни преговори! Посещението на Джонатан Ратклиф идва на фона на забилите мирни преговори за Украйна Светът
Демерджиев: Заглушителят в „Драгалевци“ е бил под политическа протекция. Работил е повече от година, части от апаратурата са свалени преди акцията, заяви вътрешният министър България
Радостин Василев се кандидатира за президент. За негов кандидат за вицепрезидент е определен Красимир Манов България
Системата „бонус-малус“ променя цените на „Гражданската отговорност“. Застрахователите сами определят критериите за рисковите шофьори
ПРОБИВ: Учени откриха начин за възстановяване на увредено сърце със стволови клетки. Терапията помогна на пациентите да понасят по-добре физическата активност Здраве
ОКОНЧАТЕЛНО: Парламентът затегна примката около чиновниците с тест за почтеност! Държавните служители минават през строг тест и получават хоум офис България
СЛЕД КАТО СЕ СКАРА С КАНАДА: Тръмп иска да преименува езерото Онтарио. Не желае да има нищо общо със съседите си Светът
Фиркан грък отнесе глоба за яздене на кон! На ездача са му били отнети и девет точки от шофьорската книжка
„Гражданската“ и „Автокаското“ взеха главите на зам.-здравен министър и шефове на дирекции. Катя Ивкова поиска оставките им заради линейките България
ЗАРАДИ СЪБОРЕНО РОМСКО СЕЛИЩЕ: Европейският съд по правата на човека осъди България! Страната ни не е гарантирала правото на личен и семеен живот на ищците България
ТОВА НЕ СЕ ВИЖДА ВСЕКИ ДЕН: Самолет блъсна човек на летище! Машината го ударила, докато се движела назад Светът
Костадинов: Управляващите поставиха националната сигурност под сериозна заплаха. Американците дойдоха, когато поискаха, и си тръгнаха, когато поискаха, посочи лидерът на „Възраждане“
ПРЕДИ ВНЕЗАПНАТА СИ СМЪРТ: Собствениът на OnlyFans получил 700 млн. долара! Платформата отчете изключително силна финансова година Светски",success,20211112,MOROCCAN,ALGERIAN,MAR,DZA,190,4,-10.0,-3.03398058252427,25.0,-13.5,1,https://politika.bg/bg/a/view/dokyde-moje-da-stigne-naprejenieto-mejdu-aljir-i-maroko-96162,politika.bg,False,False,2021-11-12,423699.0,MOR-2021-1-721-7,2021.0,False,Clear,1.0,331.0,331.0,Morocco: Sahrawi Arab Democratic Republic (Western Sahara),721.0,721.0,Government of Morocco - POLISARIO,108.0,108.0,Government of Morocco,563.0,563.0,POLISARIO,1.0,"""Crisis Watch,2021-12-01,Western Sahara NOVEMBER 2021""",Crisis Watch,2021-12-01,Western Sahara NOVEMBER 2021,Polisario,2.0,Mijik village,"Miyek area, Polisario-controlled Western Sahara",Dakhla-Oued Ed-Dahab region,Oued Ed-Dahab province,23.446111,-12.826667,POINT (-12.826667 23.446111),163055.0,Morocco,600.0,Africa,2.0,2.0,2021-11-14,2021-11-15 00:00:00.000,0.0,0.0,0.0,0.0,0.0,11.0,0.0,600.0,
1013956041,,no_extract,20211112,CIVILIAN,CIVILIAN,,,192,4,-9.5,1.16618075801749,25.0,-13.5,1,"http://orientxxi.info/magazine/sahara-occidental-le-maroc-peche-en-eau-trouble-l-union-europeenne-finance,5178",orientxxi.info,False,False,2021-11-12,423699.0,MOR-2021-1-721-7,2021.0,False,Clear,1.0,331.0,331.0,Morocco: Sahrawi Arab Democratic Republic (Western Sahara),721.0,721.0,Government of Morocco - POLISARIO,108.0,108.0,Government of Morocco,563.0,563.0,POLISARIO,1.0,"""Crisis Watch,2021-12-01,Western Sahara NOVEMBER 2021""",Crisis Watch,2021-12-01,Western Sahara NOVEMBER 2021,Polisario,2.0,Mijik village,"Miyek area, Polisario-controlled Western Sahara",Dakhla-Oued Ed-Dahab region,Oued Ed-Dahab province,23.446111,-12.826667,POINT (-12.826667 23.446111),163055.0,Morocco,600.0,Africa,2.0,2.0,2021-11-14,2021-11-15 00:00:00.000,0.0,0.0,0.0,0.0,0.0,11.0,0.0,600.0,
1013996599,"В СТИЛ ПАБЛО ЕСКОБАР: Наркокартел си направи зоологическа градина! Властите в Мексико откриха тигър, пантера и лъв Светът
СЛЕД ВИЗИТАТА В МОСКВА: Флотът на Страшния съд полетя над САЩ! Петте самолета, пригодени за ядрен апокалипсис, обиколиха страната Светът
ТРАГЕДИЯТА Е ОГРОМНА: Жертвите на наводнението в Непал са близо 100! 384 туристи, предимно чужденци, са изчезнали (ВИДЕО) Светът
ПБ обеща стабилност, опозицията - протести. Витанов: Страната ще се управлява по правила, а не по телефон (ОБЗОР) България
БРОЕНИ МЕСЕЦИ ПРЕДИ ЗИМАТА: България с по-малко газ в хранилищата от средното за ЕС! Някои от съседните ни държави са далеч по-подготвени България
ПРИЗНАНИЕ: Зеленски награди Надежда Нейнски с орден „Княгиня Олга“! Сред мотивите са подкрепата за суверенитета и териториалната цялост на Украйна
ЗАРАДИ ЗАБАВЯНЕ: България ще поиска неустойка за изтребителите F-16! САЩ отказаха да ни предоставят самолети втора употреба, Швеция не дава „Грипен“ България
ТРЪМП: Посещението на шефа на ЦРУ в Русия може да доведе до резултати! Визитата му е донякъде рутинна, обясни американският президент Светът
СЛЕД СМЪРТТА НА ДЕТЕ: Прокуратурата разследва чиновник заради лиценз на зъболекарски кабинет. Проверяват как се е осъществявал контролът върху разрешението за лечебна дейност България
ЗДРАВНИЯТ МИНИСТЪР КЪМ КУНЧЕВ: Чистка няма! Общата администрация – счетоводители, юристи, финансисти няма да са в такъв обем
ТРАГЕДИЯ: Откриха тялото на издирваното седемгодишно момченце в Созопол! Бащата влязъл във водата с две от децата си, докато обръщал внимание на едното - другото било повлечено от течението България
Пилотът Йовко Йоцев пред „Телеграф“: Проблемите с GPS сигнала са на всеки втори полет. Екипажите тренират как да реагират Общество
ЗАРАДИ ТЪРГОВСКАТА ВОЙНА С КАНАДА: Тоалетната хартия в САЩ поскъпва! Торонто отвръща на митата на Тръмп, налага тарифи на близо 900 продукта Светът
Кунчев след оставката: Невъзможно е да участвам в разрушаването на здравната система. Няма да наблюдавам безпристрастно разпада, каза той България
ДИМИТЪР СТОЯНОВ: Всички открити дронове не носят боеприпаси! Задължително трябва да се вземат мерки за безопасност, алармира военният министър (ВИДЕО)
Главният здравен инспектор доц. Ангел Кунчев подаде оставка. Той напуска заради пенсионна възраст и реформа Здраве
Бенямин Нетаняху: Никакво споразумение с тези диваци в Иран. САЩ няма да постигнат нищо с натиска си, заяви иранският президент Масуд Пезешкиан Светът
Стоян Колев обяви, че се връща у нас! Арестантът се връща. България ще тръгне напред, заяви ТикТокърът България
Хванаха мъж, бягал от затвора четири пъти. Последният път счупил решетките и се спуснал по чаршафи Светът
Парамедиците настояват за задължително обучение по спешна помощ в болниците за рехабилитация България
ГОРДОСТ: 10-годишно момче се превърна в герой на АМ „Тракия“. Малкият юнак смени гума, за да спаси своята баба (СНИМКА) България
НС одобри придобиването на 7 минни ловци от Нидерландия и Белгия. Първият акостира у нас още тази есен България
КАКВО СЕ СЛУЧВА? Трети дрон изплува на Черноморието ни! Това е поредният безпилотен летателен апарат в страната ни за броени часове (ВИДЕО) България
Френски съд призна рака на гърдата на стюардеса за професионално заболяване. Победата на Софи Лено отваря вратата за искове Светът
Песков: Шефът на ЦРУ се срещна с руските служби, не с Путин. Разговорите са проведени с разузнаването, потвърди говорителят на Кремъл Светът
Обмислят промяна във финансирането на училищата. На фокус ще са резултатите и напредъкът на учениците България
Еминем публикува трогателно писмо от Доли Партън. Рапърът скърби за отишлата си от този свят кънтри икона
Камион блъсна и уби жена на кръстовище във Варна. Тя е пресичала на зелен сигнал на светофарната уредба България
Седемгодишно дете изчезна във водите край Созопол! Водолази и дрон претърсват плаж Хармани край морския град България
Огромна вълна отнесе цели села в Непал! Наводнението унищожи къщи и инфраструктура, властите все още нямат точни данни за загиналите и пострадалите (ВИДЕО) Светът
ИЗВЪНРЕДНО: Дроновете изплували край Варна се оказаха ДВА! Военни и граничари блокираха ивицата (ВИДЕО + СНИМКИ)
Зеленски награди Илон Мъск с „Орден на свободата“. Въоръжените сили на Украйна използват Starlink Светът
Тома Биков: Това правителство е съставено от констататори. България изпуска възможност за промяна, споделя депутатът България
Инжекциите за отслабване: Революция или бомба със закъснител. Дали тези медикаменти са медицински пробив или крият опасности, които потребителите подценяват България
Автовоз блокира част от международния път София - Букурещ между Русе и Дунав мост. Трафикът е интензивен (ВИДЕО)
Три села в община Струмяни още са без вода след пороя. Военни помагат за разчистването на тоновете кална маса България
Маскирана банда преби непълнолетно момче. Агресивна хулигани нападнаха младеж в училищен двор България
Тийнейджър е намушкан след разпра с гайдар на алеята във Варна. Младежът е в болница след жестокото нападение с нож България
КРАЙ: Доналд Тръмп затвори вратите за имигранти в САЩ. Вашингтон спря глобално интервютата за визи заради обучение Светът
ДЕН ТРИ: Продължава мащабната акция за изчезналия мъж край Пещера. Спасителни екипи и кучета претърсват коритото на Стара река
Тройно по-малко джаджи от Китай. Експертът Жанет Найденова: Имаме вече малко по-честна конкуренция България
Луксозният живот на братята Тейт бил пълна фалшификация! Милионите на обвинените инфлуенсъри се оказаха сценичен реквизит Светът
Първи със западнонилска треска у нас! 63-годишен от Пловдив е с неврологично усложнение, бил в Италия и по нашето море Здраве
Откриха и извадиха дрона от морето край Царево. Безпилотният летателен апарат е бил изхвърлен от вълните край скалите в залив в района България
Шефът на ЦРУ посетил Москва за тайни преговори! Посещението на Джонатан Ратклиф идва на фона на забилите мирни преговори за Украйна Светът
Демерджиев: Заглушителят в „Драгалевци“ е бил под политическа протекция. Работил е повече от година, части от апаратурата са свалени преди акцията, заяви вътрешният министър България
Радостин Василев се кандидатира за президент. За негов кандидат за вицепрезидент е определен Красимир Манов България
Системата „бонус-малус“ променя цените на „Гражданската отговорност“. Застрахователите сами определят критериите за рисковите шофьори
ПРОБИВ: Учени откриха начин за възстановяване на увредено сърце със стволови клетки. Терапията помогна на пациентите да понасят по-добре физическата активност Здраве
ОКОНЧАТЕЛНО: Парламентът затегна примката около чиновниците с тест за почтеност! Държавните служители минават през строг тест и получават хоум офис България
СЛЕД КАТО СЕ СКАРА С КАНАДА: Тръмп иска да преименува езерото Онтарио. Не желае да има нищо общо със съседите си Светът
Фиркан грък отнесе глоба за яздене на кон! На ездача са му били отнети и девет точки от шофьорската книжка
„Гражданската“ и „Автокаското“ взеха главите на зам.-здравен министър и шефове на дирекции. Катя Ивкова поиска оставките им заради линейките България
ЗАРАДИ СЪБОРЕНО РОМСКО СЕЛИЩЕ: Европейският съд по правата на човека осъди България! Страната ни не е гарантирала правото на личен и семеен живот на ищците България
ТОВА НЕ СЕ ВИЖДА ВСЕКИ ДЕН: Самолет блъсна човек на летище! Машината го ударила, докато се движела назад Светът
Костадинов: Управляващите поставиха националната сигурност под сериозна заплаха. Американците дойдоха, когато поискаха, и си тръгнаха, когато поискаха, посочи лидерът на „Възраждане“
ПРЕДИ ВНЕЗАПНАТА СИ СМЪРТ: Собствениът на OnlyFans получил 700 млн. долара! Платформата отчете изключително силна финансова година Светски",success,20211112,ALGERIAN,ALGERIA,DZA,DZA,190,4,-10.0,-3.03398058252427,25.0,-13.5,1,https://politika.bg/bg/a/view/dokyde-moje-da-stigne-naprejenieto-mejdu-aljir-i-maroko-96162,politika.bg,False,False,2021-11-12,423699.0,MOR-2021-1-721-7,2021.0,False,Clear,1.0,331.0,331.0,Morocco: Sahrawi Arab Democratic Republic (Western Sahara),721.0,721.0,Government of Morocco - POLISARIO,108.0,108.0,Government of Morocco,563.0,563.0,POLISARIO,1.0,"""Crisis Watch,2021-12-01,Western Sahara NOVEMBER 2021""",Crisis Watch,2021-12-01,Western Sahara NOVEMBER 2021,Polisario,2.0,Mijik village,"Miyek area, Polisario-controlled Western Sahara",Dakhla-Oued Ed-Dahab region,Oued Ed-Dahab province,23.446111,-12.826667,POINT (-12.826667 23.446111),163055.0,Morocco,600.0,Africa,2.0,2.0,2021-11-14,2021-11-15 00:00:00.000,0.0,0.0,0.0,0.0,0.0,11.0,0.0,600.0,
1013956040,,no_extract,20211112,CIVILIAN,CIVILIAN,,,192,4,-9.5,1.16618075801749,25.0,-13.5,1,"http://orientxxi.info/magazine/sahara-occidental-le-maroc-peche-en-eau-trouble-l-union-europeenne-finance,5178",orientxxi.info,False,False,2021-11-12,423699.0,MOR-2021-1-721-7,2021.0,False,Clear,1.0,331.0,331.0,Morocco: Sahrawi Arab Democratic Republic (Western Sahara),721.0,721.0,Government of Morocco - POLISARIO,108.0,108.0,Government of Morocco,563.0,563.0,POLISARIO,1.0,"""Crisis Watch,2021-12-01,Western Sahara NOVEMBER 2021""",Crisis Watch,2021-12-01,Western Sahara NOVEMBER 2021,Polisario,2.0,Mijik village,"Miyek area, Polisario-controlled Western Sahara",Dakhla-Oued Ed-Dahab region,Oued Ed-Dahab province,23.446111,-12.826667,POINT (-12.826667 23.446111),163055.0,Morocco,600.0,Africa,2.0,2.0,2021-11-14,2021-11-15 00:00:00.000,0.0,0.0,0.0,0.0,0.0,11.0,0.0,600.0,
1014193438,,no_fetch,20211113,REFUGEE,,,,192,4,-9.5,1.84331797235024,25.0,-13.5,1,https://fr.allafrica.com/stories/202111130163.html,fr.allafrica.com,False,False,2021-11-13,423699.0,MOR-2021-1-721-7,2021.0,False,Clear,1.0,331.0,331.0,Morocco: Sahrawi Arab Democratic Republic (Western Sahara),721.0,721.0,Government of Morocco - POLISARIO,108.0,108.0,Government of Morocco,563.0,563.0,POLISARIO,1.0,"""Crisis Watch,2021-12-01,Western Sahara NOVEMBER 2021""",Crisis Watch,2021-12-01,Western Sahara NOVEMBER 2021,Polisario,2.0,Mijik village,"Miyek area, Polisario-controlled Western Sahara",Dakhla-Oued Ed-Dahab region,Oued Ed-Dahab province,23.446111,-12.826667,POINT (-12.826667 23.446111),163055.0,Morocco,600.0,Africa,2.0,2.0,2021-11-14,2021-11-15 00:00:00.000,0.0,0.0,0.0,0.0,0.0,11.0,0.0,600.0,
1014227300,,no_fetch,20211114,REFUGEE,,,,192,4,-9.5,0.96774193548387,25.0,-13.5,1,https://lemaghreb.dz/?page=detail_actualite&rubrique=Internationnal&id=100194,lemaghreb.dz,False,False,2021-11-14,423699.0,MOR-2021-1-721-7,2021.0,False,Clear,1.0,331.0,331.0,Morocco: Sahrawi Arab Democratic Republic (Western Sahara),721.0,721.0,Government of Morocco - POLISARIO,108.0,108.0,Government of Morocco,563.0,563.0,POLISARIO,1.0,"""Crisis Watch,2021-12-01,Western Sahara NOVEMBER 2021""",Crisis Watch,2021-12-01,Western Sahara NOVEMBER 2021,Polisario,2.0,Mijik village,"Miyek area, Polisario-controlled Western Sahara",Dakhla-Oued Ed-Dahab region,Oued Ed-Dahab province,23.446111,-12.826667,POINT (-12.826667 23.446111),163055.0,Morocco,600.0,Africa,2.0,2.0,2021-11-14,2021-11-15 00:00:00.000,0.0,0.0,0.0,0.0,0.0,11.0,0.0,600.0,
1014227248,,no_fetch,20211114,MOROCCAN,MOROCCO,MAR,MAR,1822,4,-9.0,-5.48112058465286,25.0,-13.5,1,https://lemaghreb.dz/?page=detail_actualite&rubrique=Maghreb&id=100193,lemaghreb.dz,False,False,2021-11-14,423699.0,MOR-2021-1-721-7,2021.0,False,Clear,1.0,331.0,331.0,Morocco: Sahrawi Arab Democratic Republic (Western Sahara),721.0,721.0,Government of Morocco - POLISARIO,108.0,108.0,Government of Morocco,563.0,563.0,POLISARIO,1.0,"""Crisis Watch,2021-12-01,Western Sahara NOVEMBER 2021""",Crisis Watch,2021-12-01,Western Sahara NOVEMBER 2021,Polisario,2.0,Mijik village,"Miyek area, Polisario-controlled Western Sahara",Dakhla-Oued Ed-Dahab region,Oued Ed-Dahab province,23.446111,-12.826667,POINT (-12.826667 23.446111),163055.0,Morocco,600.0,Africa,2.0,2.0,2021-11-14,2021-11-15 00:00:00.000,0.0,0.0,0.0,0.0,0.0,11.0,0.0,600.0,
1014333895,,no_fetch,20211115,REFUGEE,,,,192,4,-9.5,0.986842105263162,25.0,-13.5,1,https://lemaghreb.dz/?page=detail_actualite&rubrique=Maghreb&id=100228,lemaghreb.dz,False,False,2021-11-15,423699.0,MOR-2021-1-721-7,2021.0,False,Clear,1.0,331.0,331.0,Morocco: Sahrawi Arab Democratic Republic (Western Sahara),721.0,721.0,Government of Morocco - POLISARIO,108.0,108.0,Government of Morocco,563.0,563.0,POLISARIO,1.0,"""Crisis Watch,2021-12-01,Western Sahara NOVEMBER 2021""",Crisis Watch,2021-12-01,Western Sahara NOVEMBER 2021,Polisario,2.0,Mijik village,"Miyek area, Polisario-controlled Western Sahara",Dakhla-Oued Ed-Dahab region,Oued Ed-Dahab province,23.446111,-12.826667,POINT (-12.826667 23.446111),163055.0,Morocco,600.0,Africa,2.0,2.0,2021-11-14,2021-11-15 00:00:00.000,0.0,0.0,0.0,0.0,0.0,11.0,0.0,600.0,
1014420284,,no_fetch,20211115,WESTERN SAHARA,UNITED NATIONS,MAR,,192,4,-9.5,1.8018018018018,25.0,-13.5,1,https://fr.allafrica.com/stories/202111150710.html,fr.allafrica.com,False,False,2021-11-15,423699.0,MOR-2021-1-721-7,2021.0,False,Clear,1.0,331.0,331.0,Morocco: Sahrawi Arab Democratic Republic (Western Sahara),721.0,721.0,Government of Morocco - POLISARIO,108.0,108.0,Government of Morocco,563.0,563.0,POLISARIO,1.0,"""Crisis Watch,2021-12-01,Western Sahara NOVEMBER 2021""",Crisis Watch,2021-12-01,Western Sahara NOVEMBER 2021,Polisario,2.0,Mijik village,"Miyek area, Polisario-controlled Western Sahara",Dakhla-Oued Ed-Dahab region,Oued Ed-Dahab province,23.446111,-12.826667,POINT (-12.826667 23.446111),163055.0,Morocco,600.0,Africa,2.0,2.0,2021-11-14,2021-11-15 00:00:00.000,0.0,0.0,0.0,0.0,0.0,11.0,0.0,600.0,
1014339754,,no_fetch,20211115,MOROCCAN,,MAR,,190,4,-10.0,-4.34782608695652,27.4143,-9.04784,4,https://fr.allafrica.com/stories/202111140348.html,fr.allafrica.com,False,False,2021-11-15,423699.0,MOR-2021-1-721-7,2021.0,False,Clear,1.0,331.0,331.0,Morocco: Sahrawi Arab Democratic Republic (Western Sahara),721.0,721.0,Government of Morocco - POLISARIO,108.0,108.0,Government of Morocco,563.0,563.0,POLISARIO,1.0,"""Crisis Watch,2021-12-01,Western Sahara NOVEMBER 2021""",Crisis Watch,2021-12-01,Western Sahara NOVEMBER 2021,Polisario,2.0,Mijik village,"Miyek area, Polisario-controlled Western Sahara",Dakhla-Oued Ed-Dahab region,Oued Ed-Dahab province,23.446111,-12.826667,POINT (-12.826667 23.446111),163055.0,Morocco,600.0,Africa,2.0,2.0,2021-11-14,2021-11-15 00:00:00.000,0.0,0.0,0.0,0.0,0.0,11.0,0.0,600.0,
1014638033,"The freedom struggle for Western Sahara, a state in Northwest Africa, was recently discussed by experts worried about increased violence between Sahrawi Arab Democratic Republic freedom fighters and Morocco, which has occupied the country for decades.
Over the past year, fighting between the kingdom of Morocco and Western Sahara has grown. Participants in the online session talked about the history of the conflict and the ongoing fight over what is often called “Africa’s last colony.”
Panelists said there is real danger the conflict could become a wider war that pulls in Algeria, Mauritania, France, America, and groups like Al-Qaida in the Maghreb.
“You have a number of nonstate acters in the region who have been over the past two decades causing significant degradation of the security situation,” warned Dr. Jacob Mundy, professor and director of Peace and Conflict Studies at Colgate University. Regional vulnerability followed Libya’s collapse in 2011 under a bombardment of U.S./NATO bombs. The destruction of the regime of Muammar Gadhafi unleashed a “torrent of weapons” in the area, Dr. Mundy said during the webinar.
Regional violence and extremist groups have increased, spilling over into West African countries and worsening relations between Morocco and Algeria, Dr. Mundy added.
Panelists said the Biden administration has not undone former President Donald Trump’s recognition of Morocco’s claim to the Western Sahara, emboldening the kingdom, which was applauded by the U.S. for expanding diplomatic relations with Israel. “It was clear from the beginning that the two countries had undergone a diplomatic rapprochement, strengthening bilateral ties and cooperation in the fields of trade, tourism, and defense,” reported the Times of Israel.
Morocco has also told the United States that she can bring stability to North Africa. In exchange, the U.S. would not oppose the kingdom’s grip on Western Sahara and support Morocco’s relationship with Israel.
Advocates and supporters of Saharawi self-determination have lost appeals to President Joe Biden to end the policy. The U.S. move came weeks after Morrocco violated a 1991 ceasefire agreement by breaching a buffer strip between Western Sahara and Morocco. It prompted a return to armed struggle by the Polisario Front, a Saharawi resistance group.
The U.S. position is contrary to the official positions of the United Nations, the African Union, the European Union, and the International Court of Justice. The Biden administration is taking a no comment position on Trump recognition of Morocco’s occupation, said Bill Fletcher, who moderated the webinar. He is a former executive director of TransAfrica, a group which once lobbied for Africa and the Caribbean.
The webinar panelists Nov. 2 agreed the embrace of Morocco undermined U.S. credibility as a broker on Western Sahara, which has been home to a United Nations peacekeeping force. The UN Security Council recently voted 13-0 with abstentions of Russia and Tunisia to extend the United Nations Mission for the Referendum in Western Sahara (MINURSO) for another year. The UN established MINURSO in 1991 to monitor a ceasefire agreement between the two sides and a referendum on self-determination for the Saharawi people.
The UN resolution emphasized the need for a “realistic, practical, enduring and mutually acceptable political solution based on compromise” for the region. “It was very weak. It was essentially an affirmation of the status quo without acknowledging a war has restarted and without acknowledging regular reports of human rights abuses within the occupied territories,” said Mr. Fletcher. The United States championed the UN resolution. “It seemed like a Biden administration attempt to kick the can down the road,” added Mr. Fletcher.
But, he said, the U.S. is not dealing with the potential for wider war and more regional destabilization.
Katlyn Thomas, an attorney and former MINURSO official, said the U.S. should care about Western Sahara because the Saharawi people want a democracy. “The Saharawis want to establish what would be essentially a democratic system of government in Western Sahara which would be one of the few democratic type of governments in the Middle East, North African area,” said Ms. Thomas.
The Campaign to End the Moroccan Occupation of the Western Sahara in partnership with the Institute of the Black World 21st Century and Pan African Unity Dialogue sponsored the webinar. “The aim was to break the silence on the Western Sahara,” explained Mr. Fletcher, who is also co-coordinator of the Campaign to End the Moroccan Occupation of the Western Sahara.
Webinar panelists said U.S. silence reflects America’s hypocritical history of chiding nations for undemocratic practices while hindering self-determination.
History of the problem
Once called Spanish Sahara, the area has been in dispute since Spain relinquished it in 1975 and instead of granting independence essentially turned the area over to Morocco. In February 1976, freedom fighters declared Western Sahara to be the Saharawi Arab Democratic Republic, supported by allies like Algeria. An estimated 173,000 Saharawi refugees have been living under harsh conditions in neighboring Algeria for 40 years. The five refugee camps rely primarily on assistance from the World Food Program and the UN Refugee Agency. An estimated 58 percent of Saharawi refugees are subject to food insecurity and opportunities for self-reliance and employment are extremely limited.
The Polisario Front controls 20 percent of mostly barren desert, while Morocco controls 80 percent of Western Sahara. The Polisario Front fought for independence from Morocco from 1975 until a 1991 ceasefire negotiated by the UN and OAU. The UN called for a Saharawi vote to accept or reject independence but it never happened. Morocco wants to keep Western Sahara under its control and give a level of self-government. Saharawis want full freedom and independence.
An African problem?
Panelist Sidi Omar, the Polisario ambassador to the UN, said the crisis is causing a dilemma for the African Union and African governments. Morocco and the Saharawi Arab Democratic Republic are African Union members. Morocco was a founding member of the Organization of African Unity which later became the African Union but withdrew in 1984 when the OAU accepted the Saharawi Arab Democratic Republic as a member state.
It was the OAU that initially brought the issue of Western Sahara to the UN Security Council, said Mr. Omar. Morocco now opposes African Union involvement in Western Sahara and has lobbied for other countries to support the kingdom’s position. The situation is also awkward because it is not the typical problem of a “foreign occupier,” in Africa, but a “domestic occupier,” he said. “We’re talking about an African country which still occupies illegally parts of another African country.”
African disunity and outside meddling have exacerbated a problem that could be resolved if Africans alone dealt with it, Mr. Omar argued.
Why Morocco wants Western Sahara
Morocco’s lust for Western Sahara has been blamed on a “disease of expansionism” that includes claiming parts of Mauritania, Algeria, and Mali. However, the real reason for keeping the Western Sahara may lie in the area’s rich natural resources. The Western Sahara U.S Geological Survey says the area holds over 72 percent of all phosphate rock reserves used to make organic fertilizer worldwide. According to the “Global Fertilizer Market by Segments, Region, Company Analysis & Forecast” report released in March, the global phosphate fertilizer market will be worth more than $93.9 billion by 2027, up from $83.5 billion in 2020. Western Sahara also has offshore fisheries.
Supporting the autocratic regime in Morocco, which is backed by France and the United States, does not guarantee peace and stability in North Africa, webinar panelists warned. “It’s absurd. It’s insulting to the continent of Africa,” said Mr. Fletcher.",success,20211116,MOROCCO,WESTERN SAHARA,MAR,MAR,190,4,-10.0,-3.78719567177638,25.0,-13.5,1,https://new.finalcall.com/2021/11/16/u-s-hypocrisy-war-in-western-sahara-could-ignite-north-africa/,new.finalcall.com,False,False,2021-11-16,423699.0,MOR-2021-1-721-7,2021.0,False,Clear,1.0,331.0,331.0,Morocco: Sahrawi Arab Democratic Republic (Western Sahara),721.0,721.0,Government of Morocco - POLISARIO,108.0,108.0,Government of Morocco,563.0,563.0,POLISARIO,1.0,"""Crisis Watch,2021-12-01,Western Sahara NOVEMBER 2021""",Crisis Watch,2021-12-01,Western Sahara NOVEMBER 2021,Polisario,2.0,Mijik village,"Miyek area, Polisario-controlled Western Sahara",Dakhla-Oued Ed-Dahab region,Oued Ed-Dahab province,23.446111,-12.826667,POINT (-12.826667 23.446111),163055.0,Morocco,600.0,Africa,2.0,2.0,2021-11-14,2021-11-15 00:00:00.000,0.0,0.0,0.0,0.0,0.0,11.0,0.0,600.0,
1015778197,"Nueva etapa
El ministro israelí de Defensa visita Marruecos en plena crisis con Argelia
Benny Gantz viaja a Rabat para reunirse con su homólogo marroquí y fijar las bases de la futura cooperación en materia de defensa entre ambos países
El ministro israelí de Defensa, Benny Gantz, tiene previsto llegar este miércoles a Rabat para reunirse con su homólogo marroquí y fijar las bases de la futura cooperación en materia de defensa. Este encuentro es un paso más en la nueva etapa abierta entre ambos países después de que Marruecos decidiera normalizar relaciones con Israel a finales del año pasado como contrapartida al reconocimiento de Estados Unidos de la soberanía marroquí sobre el Sáhara Occidental.
El acercamiento Rabat-Tel Aviv ha sacudido la región y ha tensionado las relaciones con Argelia. Actualmente los dos países vecinos atraviesan una crisis diplomática agravada por el conflicto en la antigua colonia española.
Gantz es el segundo alto representante israelí que visita Rabat en poco más de tres meses. Uno de los temas centrales en su encuentro con Abdellatif Loudiyi, su homólogo de Defensa, será la posible fabricación conjunta de aviones no tripulados y equipos de defensa, según ha publicado Defense News.
Acercamiento entre estados
Durante los dos días de visita, también está previsto que Gantz se reúna con Nasser Bourita, Ministro de Asuntos Exteriores, una de las figuras de mayor peso en el Gobierno marroquí y uno de artífices del acercamiento entre ambos estados.
En diciembre del año pasado, Marruecos dio el paso de restablecer relaciones con Israel como moneda de cambio al reconocimiento de Donald Trump de la soberanía marroquí del Sáhara Occidental poco antes de abandonar la Casa Blanca. Este nuevo puente diplomático entre Rabat y Tel Aviv se escenificó con la visita que en agosto realizó a Marruecos el jefe de la diplomacia israelí, Yaïr Lapid, un encuentro que se definió de ""histórico"".
Una amenaza para Argelia
Este acercamiento ha provocado el enfado de la otra gran potencia del Magreb. ""Argelia no quiere tener a Israel a su retaguardia"", defiende Rafael Bustos, profesor de relaciones internacionales en la Universidad Complutense de Madrid.
""Las relaciones entre Marruecos e Israel son buenas, Marruecos siempre ha mantenido una posición mediadora en Oriente Medio"", defiende el experto, además apunta que ""hace años que existe una colaboración militar y en materia de seguridad entre ambos países"". Sobre el impacto que van a tener los futuros acuerdos que firmen, Bustos considera que ""todavía es pronto para saber cuál va a ser el efecto global"".
Las autoridades argelinas decidieron el pasado mes de agosto romper relaciones diplomáticas con Marruecos y cerrar su espacio aéreo para todo avión marroquí militar o comercial. Argelia también ha acusado a su vecino de espiar los móviles de funcionarios y ciudadanos argelinos gracias al programa de espionaje israelí Pegasus, una práctica denunciaron las organizaciones Forbidden Stories y Amnistía Internacional.
A principios de noviembre la tensión entre vecinos aumentó cuando Argel acusó a Rabat de bombardear y matar a tres conductores argelinos que circulaban con sus camiones por el Sáhara Occidental camino a su país.
El Polisario denuncia ataques con drones
El Frente Polisario ha denunciado que Marruecos está utilizando drones para atacar las zonas del Sáhara Occidental que están bajo su control. Según han declarado, el Ejército marroquí realizó la semana pasada dos ataques con aviones no tripulados en la franja que el Polisario denomina ""zonas liberadas"" (al este del muro que divide este territorio) en la murieron 11 civiles saharauis.
La tensión en esta antigua colonia española estalló hace un año cuando Marruecos movilizó a su ejército para desalojar una protesta saharaui que durante varios días cortó la carretera que une el Sáhara Occidental con Mauritania. Los manifestantes protestaban contra la ""explotación de recursos naturales"" que Marruecos hace de este territorio, que califican de ""ocupado"".
El Frente Polisario, aliado histórico de Argelia, consideró la acción de las fuerzas armadas marroquís una ruptura del alto al fuego que firmaron ambas partes en 1991 y declaró la guerra. Desde ese momento los independentistas saharauis informan casi a diario de ataques que realizan contra el muro levantado por Marruecos. Rabat, por su parte, guarda silencio y no ha confirmado en ningún momento estas informaciones. Un conflicto marcado por la falta de fuentes independientes sobre el terreno y en la que gran parte de la información llega a través de canales oficiales o de propaganda.
- Efecto bumerán contra Meloni tras la crisis por Ceuta: 7 países europeos ya estudian el traslado de solicitantes de asilo a Italia
- Semana negra en las carreteras británicas e irlandesas: el reto viral del 'joyriding' provoca 12 muertos en accidentes de tráfico
- Un influyente ministro de Marruecos habla de liberar las 'ciudades ocupadas' en un acto ante Mohamed VI
- Guerra de Irán, en directo: Trump reconoce que Irán no ofrecerá el tipo de acuerdo de paz que él ve 'necesario
- Trump recluta a empresas privadas para lanzar operaciones ofensivas contra 'ciberdelincuentes extranjeros' replicando el modelo de China y Rusia
- La ultraderecha alemana aboga por terminar el Acuerdo de Schengen para evitar situaciones como la de Ceuta
- Guerra Ucrania - Rusia, última hora en directo | Ucrania recibirá sistemas antiaéreos Crotale y más misiles interceptores, según Zelenski
- China avisa de que adoptará 'todas las medidas necesarias' para proteger sus intereses ante las nuevas sanciones de EEUU contra Irán",success,20211116,ARMY,,,,190,4,-10.0,-3.58090185676393,25.0,-13.5,1,https://www.elperiodico.com/es/internacional/20211123/ministro-israeli-defensa-visita-marruecos-12891746,www.elperiodico.com,True,False,2021-11-16,423699.0,MOR-2021-1-721-7,2021.0,False,Clear,1.0,331.0,331.0,Morocco: Sahrawi Arab Democratic Republic (Western Sahara),721.0,721.0,Government of Morocco - POLISARIO,108.0,108.0,Government of Morocco,563.0,563.0,POLISARIO,1.0,"""Crisis Watch,2021-12-01,Western Sahara NOVEMBER 2021""",Crisis Watch,2021-12-01,Western Sahara NOVEMBER 2021,Polisario,2.0,Mijik village,"Miyek area, Polisario-controlled Western Sahara",Dakhla-Oued Ed-Dahab region,Oued Ed-Dahab province,23.446111,-12.826667,POINT (-12.826667 23.446111),163055.0,Morocco,600.0,Africa,2.0,2.0,2021-11-14,2021-11-15 00:00:00.000,0.0,0.0,0.0,0.0,0.0,11.0,0.0,600.0,
1015778198,"Nueva etapa
El ministro israelí de Defensa visita Marruecos en plena crisis con Argelia
Benny Gantz viaja a Rabat para reunirse con su homólogo marroquí y fijar las bases de la futura cooperación en materia de defensa entre ambos países
El ministro israelí de Defensa, Benny Gantz, tiene previsto llegar este miércoles a Rabat para reunirse con su homólogo marroquí y fijar las bases de la futura cooperación en materia de defensa. Este encuentro es un paso más en la nueva etapa abierta entre ambos países después de que Marruecos decidiera normalizar relaciones con Israel a finales del año pasado como contrapartida al reconocimiento de Estados Unidos de la soberanía marroquí sobre el Sáhara Occidental.
El acercamiento Rabat-Tel Aviv ha sacudido la región y ha tensionado las relaciones con Argelia. Actualmente los dos países vecinos atraviesan una crisis diplomática agravada por el conflicto en la antigua colonia española.
Gantz es el segundo alto representante israelí que visita Rabat en poco más de tres meses. Uno de los temas centrales en su encuentro con Abdellatif Loudiyi, su homólogo de Defensa, será la posible fabricación conjunta de aviones no tripulados y equipos de defensa, según ha publicado Defense News.
Acercamiento entre estados
Durante los dos días de visita, también está previsto que Gantz se reúna con Nasser Bourita, Ministro de Asuntos Exteriores, una de las figuras de mayor peso en el Gobierno marroquí y uno de artífices del acercamiento entre ambos estados.
En diciembre del año pasado, Marruecos dio el paso de restablecer relaciones con Israel como moneda de cambio al reconocimiento de Donald Trump de la soberanía marroquí del Sáhara Occidental poco antes de abandonar la Casa Blanca. Este nuevo puente diplomático entre Rabat y Tel Aviv se escenificó con la visita que en agosto realizó a Marruecos el jefe de la diplomacia israelí, Yaïr Lapid, un encuentro que se definió de ""histórico"".
Una amenaza para Argelia
Este acercamiento ha provocado el enfado de la otra gran potencia del Magreb. ""Argelia no quiere tener a Israel a su retaguardia"", defiende Rafael Bustos, profesor de relaciones internacionales en la Universidad Complutense de Madrid.
""Las relaciones entre Marruecos e Israel son buenas, Marruecos siempre ha mantenido una posición mediadora en Oriente Medio"", defiende el experto, además apunta que ""hace años que existe una colaboración militar y en materia de seguridad entre ambos países"". Sobre el impacto que van a tener los futuros acuerdos que firmen, Bustos considera que ""todavía es pronto para saber cuál va a ser el efecto global"".
Las autoridades argelinas decidieron el pasado mes de agosto romper relaciones diplomáticas con Marruecos y cerrar su espacio aéreo para todo avión marroquí militar o comercial. Argelia también ha acusado a su vecino de espiar los móviles de funcionarios y ciudadanos argelinos gracias al programa de espionaje israelí Pegasus, una práctica denunciaron las organizaciones Forbidden Stories y Amnistía Internacional.
A principios de noviembre la tensión entre vecinos aumentó cuando Argel acusó a Rabat de bombardear y matar a tres conductores argelinos que circulaban con sus camiones por el Sáhara Occidental camino a su país.
El Polisario denuncia ataques con drones
El Frente Polisario ha denunciado que Marruecos está utilizando drones para atacar las zonas del Sáhara Occidental que están bajo su control. Según han declarado, el Ejército marroquí realizó la semana pasada dos ataques con aviones no tripulados en la franja que el Polisario denomina ""zonas liberadas"" (al este del muro que divide este territorio) en la murieron 11 civiles saharauis.
La tensión en esta antigua colonia española estalló hace un año cuando Marruecos movilizó a su ejército para desalojar una protesta saharaui que durante varios días cortó la carretera que une el Sáhara Occidental con Mauritania. Los manifestantes protestaban contra la ""explotación de recursos naturales"" que Marruecos hace de este territorio, que califican de ""ocupado"".
El Frente Polisario, aliado histórico de Argelia, consideró la acción de las fuerzas armadas marroquís una ruptura del alto al fuego que firmaron ambas partes en 1991 y declaró la guerra. Desde ese momento los independentistas saharauis informan casi a diario de ataques que realizan contra el muro levantado por Marruecos. Rabat, por su parte, guarda silencio y no ha confirmado en ningún momento estas informaciones. Un conflicto marcado por la falta de fuentes independientes sobre el terreno y en la que gran parte de la información llega a través de canales oficiales o de propaganda.
- Efecto bumerán contra Meloni tras la crisis por Ceuta: 7 países europeos ya estudian el traslado de solicitantes de asilo a Italia
- Semana negra en las carreteras británicas e irlandesas: el reto viral del 'joyriding' provoca 12 muertos en accidentes de tráfico
- Un influyente ministro de Marruecos habla de liberar las 'ciudades ocupadas' en un acto ante Mohamed VI
- Guerra de Irán, en directo: Trump reconoce que Irán no ofrecerá el tipo de acuerdo de paz que él ve 'necesario
- Trump recluta a empresas privadas para lanzar operaciones ofensivas contra 'ciberdelincuentes extranjeros' replicando el modelo de China y Rusia
- La ultraderecha alemana aboga por terminar el Acuerdo de Schengen para evitar situaciones como la de Ceuta
- Guerra Ucrania - Rusia, última hora en directo | Ucrania recibirá sistemas antiaéreos Crotale y más misiles interceptores, según Zelenski
- China avisa de que adoptará 'todas las medidas necesarias' para proteger sus intereses ante las nuevas sanciones de EEUU contra Irán",success,20211116,ARMY,,,,190,4,-10.0,-3.58090185676393,25.0,-13.5,1,https://www.elperiodico.com/es/internacional/20211123/ministro-israeli-defensa-visita-marruecos-12891746,www.elperiodico.com,True,False,2021-11-16,423699.0,MOR-2021-1-721-7,2021.0,False,Clear,1.0,331.0,331.0,Morocco: Sahrawi Arab Democratic Republic (Western Sahara),721.0,721.0,Government of Morocco - POLISARIO,108.0,108.0,Government of Morocco,563.0,563.0,POLISARIO,1.0,"""Crisis Watch,2021-12-01,Western Sahara NOVEMBER 2021""",Crisis Watch,2021-12-01,Western Sahara NOVEMBER 2021,Polisario,2.0,Mijik village,"Miyek area, Polisario-controlled Western Sahara",Dakhla-Oued Ed-Dahab region,Oued Ed-Dahab province,23.446111,-12.826667,POINT (-12.826667 23.446111),163055.0,Morocco,600.0,Africa,2.0,2.0,2021-11-14,2021-11-15 00:00:00.000,0.0,0.0,0.0,0.0,0.0,11.0,0.0,600.0,
1021966387,"فوراين بوليسي: المغرب معزول بين حلفائه التقليديين عكس ما يروجه نظامه
قالت مجلة فوراين بوليسي الأمريكية الشهيرة، إن المغرب معزول بين حلفائه التقليديين عكس ما يروج له نظام المخزن.
وأوضحت المجلة في مقال لها بأن المغرب كان لفترة طويلة، محبوبًا في دوائر السياسة في واشنطن، لكن اليوم فإن الإجماع الأمريكي الذي كان لا يتزعزع من الحزبين بشأن المغرب قد تحول بعيدًا عن الدعم الثابت.
وأضافت المجلة أن الولايات المتحدة ليست الدولة الوحيدة التي واجه المغرب معها خسائر دبلوماسية في الآونة الأخيرة، بل رسمت العناوين الرئيسية صورة مقلقة لتراجع الدبلوماسية المغربية وقد ترك هذا البلاد معزولة نسبيًا، حتى بين حلفائها التقليديين.
وذكرت الصحيفة أنه في مارس 2021 ، قطع المغرب اتصالاته الدبلوماسية الرسمية مع ألمانيا بشأن سلسلة مما وصفه بـ “الخلافات العميقة”.
وسحب المغرب في ماي 2021، سفيره لدى اسبانيا و خففت القيود على الحدود مع مدينة سبتة الاسبانية، مما تسبب في تدفق آلاف المهاجرين كثير منهم غير المصحوبين القصر، إلى الجهة الإسبانية والاتحاد الأوروبي.
وتابعت المجلة أن هذه الخطوة دفعت البرلمان الأوروبي إلى إصدار قرار يعتبر أن المغرب ينتهك اتفاقية الأمم المتحدة لحقوق الطفل. في جويلية 2021.
دبلوماسي مغربي: دبلوماسيتنا تعيش أسوء أيامها منذ الاستقلال
كما نقلت المجلة قول دبلوماسي مغربي مخضرم إن السياسة الخارجية لبلاده، تعيش خلال السنوات أدنى مستوياتها منذ الاستقلال، بسبب العزلة التي تعيشها إقليميا ودوليا، منذ وصول ناصر بوريطة إلى الخارجية، وانتهاج سياسة عدوانية، وذلك رغم ما تروجه وسائل إعلام مقربة منه ومن القصر عن انتصارات وهمية.
ونقلت مجلة فوراين بوليسي الأمريكية الشهيرة، عن هذا الدبلوماسي تصريحات غير مسبوقة في مقال لها تحت عنوان “المستنقع الدبلوماسي المغربي” يكشف حجم التخبط الذي تعيشه الدبلوماسية خلال هذه المرحلة.
وقالت المجلة إن هذا الدبلوماسي الذي رفض الكشف عن هويته خوفا من الانتقام أكد إن “هناك إجماع عام بين الدبلوماسيين السابقين والحاليين على أن الدبلوماسية المغربية وصلت إلى أدنى مستوياتها منذ الاستقلال” . ووصف الدبلوماسية المغربية الحالية في كلمتين: “غير منتظمة وهزيلة”.
وحسبه “إلى غاية سنوات قليلة ماضية، كانت قرارات السياسة الخارجية نتيجة لعمل جماعي من المستشارين الذين يقدمون توصياتهم إلى الملك محمد السادس”.
وأضاف: تم الآن طرد العديد من كبار المسؤولين الذين كان الملك يصغي إليهم، مما خلف فراغا ترك العديد من الدبلوماسيين السابقين محبطين وقلقين من أن المغرب يسير في مسار سياسة خارجية مقلقة”.
وقالت المجلة إن وزارة الخارجية المغربية لم ترد على طلبها التعليق على هذه التصريحات.
The once unshakable bipartisan U.S. consensus on Morocco has shifted, @S_Errazzouki writes.https://t.co/v9QLiInn5G
— Foreign Policy (@ForeignPolicy) January 4, 2022
وأوضحت إن خلاصة هذه المرحلة، هي تأكيد “تدهور السلك الدبلوماسي المغربي الذي كان ديناميكيًا في يوم من الأيام بعد تعيين ناصر بوريطة، وهو بيروقراطي صغير لا ينتمي إلى أي حزب، وسيرة ذاتية ضعيفة نسبيًا، كوزير للخارجية المغربية في عام 2017. وخلال فترة ولايته، المغرب ابتعد أكثر من أي وقت مضى عن جيرانه وحلفائه”.
وأوضحت: تاريخيًا وبحكم موقعه الجغرافي، كانت إحدى نقاط القوة للمغرب دائمًا قدرته على تجاوز موجات المد المتقلبة للدبلوماسية الدولية، لكنه الآن يعيش وسط توترات مع حلفائه وتصاعد العدوان على الخصوم، بما في ذلك تصعيد العنف ضد الجزائر وجبهة البوليساريو.
وأضافت إن المغرب يواجه خطر الانزلاق الخطر الى العزلة والعداء. من خلال مقاربته العدوانية للدبلوماسية، حيث لا يفعل الكثير لتوجيه المنطقة بعيدًا عن مستقبل قاتم من الصراع وعدم الاستقرار.
وحسب المجلة، تبدو هذه النظرة قاتمة أكثر عند وضعها جنبًا إلى جنب مع المؤشرات المحلية الأخيرة: فقد وصل معدل البطالة في البلاد إلى أعلى مستوياته منذ عام 2001، وتدهورت حقوق الإنسان وحرية التعبير بسرعة، ويشعر الكثير من الناس بالإحباط من إدارة الدولة للوباء، مما أدى إلى وضع شابته سياسات اللحظة الأخيرة، وسوء التواصل، والتقييد الشديد.
الاعلام المغربي ينقلب على بوريطة.. وزير صانع للأزمات
ووجد الإعلام المقرب من المخزن المغربي، صفة جديدة لوزير الخارجية ناصر بوريطة، هي “صانع الأزمات”، في تحول كبير تجاه هذا الدبلوماسي الذي كان يوصف إلى وقت قريب بصانع أمجاد الدبلوماسية الجديدة للمغرب.
وفي جوان 2021، ورد في صدر الصفحة الأولى لصحيفة “الأسبوع الصحفي” صورة لناصر بوريطة مع عنوان بالبنط العريض: صانع الأزمات، مرفوقا بتعليق، يقول أن المملكة لم يسبق أن عرفت أزمات مع عدة دول في آن واحد، مثل ما يحدث في عهد ناصر بوريطة.
ولمحت الصحيفة، إلى أن أيام بوريطة أضحت معدودة على رأس الخارجية المغربية.
أصبح بوريطة صانع الأزمات ولكن في الحقيقة هو عبد مأمور ينفد الأوامر اما أصحاب القرار فهم من وراء الستار. يعطون الأوامر للعثماني ووزراءه والاخفاق والفشل للعبد المامور والنجاح لهم. متى سيفهم المغاربة اننا نحكم من طرف حكومة لم ينتخبها احد ولا تعترف بالبرلمان او الشعب pic.twitter.com/VIF9adcpbl
— Casa04 (@Casa046) June 3, 2021
والغريب أن نفس اللهجة، وردت في عدة وسائل إعلام محسوبة على المخزن المغربي، وذلك بعد مدة قصيرة من وصفها بوريطة بصانع أمجاد الدبلوماسية المغربية.
وتزامن هذا الهجوم على بوريطة مع ضربات دبلوماسية متتالية تلقاها النظام المغربي، جعلت الجميع بمن فيهم الإعلام يفيق من سكرة “الانجازات” الدبلوماسية، بعد تغريدة ترامب التي اتضح أن النظام في الرباط استغلها لترسيم علاقات كانت موجودة مع الكيان الصهيوني.
وبعد أن أفاق الجميع من نشوة نصر وهمي، اكتشف إن التغريدة ذهبت مع ترامب، وأن خليفته جو بادين تبرأ منها، وظهر ذلك جليا في اجتماع مجلس الأمن الأخير حول الصحراء الغربية ثم نفي البنتاغون مشاركة جنوده في مناورات داخل الأراضي الصحراوية المحتلة في إطار “أسد الصحراء 21”.
وأمام هذا الوضع، حاول المخزن المغربي توجيه الأنظار بخلق أزمات جديدة من خلال ابتزاز مواقف عدة دول.
وطال الأمر ألمانيا واسبانيا، لكنه تلقى ردا حازما برفض أي مساومة على موقفها الموافق للشرعية الدولية.
وكانت آخر حلقة استقبال الرئيس الصحراوي ابراهيم غالي باسبانيا ورفض القضاء تهما وهمية ضده حركتها المخابرات المغربية.
المغرب.. الهيستيريا الدبلوماسية تطال جنوب إفريقيا بعد ألمانيا وإسبانيا وموريتانيا
تحولت الآلة الدبلوماسية العدائية للنظام الحاكم في المغرب خلال الأيام الأخيرة إلى دولة جنوب إفريقيا، بعد سلسلة أزمات دبلوماسية مع عدة دول أوروبية مثل ألمانيا وإسبانيا وطالت سابقا موريتانيا والجزائر بسبب مواقفها من قضية الصحراء الغربية.
وأفادت مصادر إعلامية مغربية رسمية، يوم 26 ماي 2021، أن السفير الممثل الدائم للمغرب بالأمم المتحدة، عمر هلال، ندد في رسالة وجهها، الإثنين، إلى رئيس مجلس الأمن والأمين العام للأمم المتحدة، بـ”الدعم غير المشروط” لجنوب إفريقيا للدولة الصحراوية في نضالها التحرري ضد الاحتلال المغربي.
وتأتي رسالة الدبلوماسي المغربي على خلفية، رسالة نقلتها الممثلة الدائمة لجنوب إفريقيا، منتصف الشهر الجاري من جبهة البوليساريو إلى رئيس مجلس الأمن الدولي، حول تدهور حقوق الإنسان في الصحراء الغربية المحتلة.
ولم يتوان المغرب في رسالته، في توجيه الاتهامات إلى جنوب افريقيا، بسبب دعمها لحق للشعب الصحراوي في تقرير المصير، لتصفية اخر استعمار في القارة الأفريقية.
https://twitter.com/NassimViggo/status/1397465064270188544
و يأتي هجوم المملكة المغربية على جنوب أفريقيا، أياما قليلة بعد تصريحات رئيس جنوب أفريقيا، زعيم حزب “المؤتمر الوطني الأفريقي” سيريل رامافوزا، التي أكد فيها، دعمه الثابت لحق الشعب الصحراوي غير القابل للتصرف في تقرير المصير، داعياً المجتمع الدولي إلى التعجيل بجهوده الرامية إلى حل النزاع في الصحراء الغربية.
كما أكدت جنوب أفريقيا على أن المملكة المغربية، وهي عضو في الاتحاد الأفريقي وبالتالي ملزمة باحترام الميثاق التأسيسي وقرارات الهيئة الأفريقية، لا تملك أي سيادة على الصحراء الغربية، وهو الموقف المعترف به في العديد من قرارات الاتحاد الأفريقي والأمم المتحدة وحكم محكمة العدل الدولية الصادر في عام 1975 و قبل جنوب افريقيا، شن المغرب “حملة عدائية هستيرية” ضد عدة دول ترافع لتطبيق القرارات الأممية في الصحراء الغربية، لإنهاء الصراع الذي يهدد الأمن و السلم العالميين.
https://twitter.com/mustafa57871808/status/1397303727162368000
المغرب.. “نجاحات” بوريطة تجلب أزمات مع 5 دول وعدة منظمات إقليمية
ويشيد الإعلام المقرب من القصر الملكي في المغرب بنجاحات دبلوماسية تاريخية حققتها الرباط خلال الأشهر الأخيرة، في ملف الصحراء الغربية، بعد تغريدة دونالد ترامب، تجلت في أزمات دبلوماسية متتالية مع عدة دول من مختلف القارات.
يعرف المغرب منذ مدة قصيرة سلسلة من الخلافات الدبلوماسية مع عدد من العواصم حيث كانت البداية مع برلين ثم مع مدريد وهذه المرة مع طهران على خلفية نزاع الصحراء الغربية التي تحتلها المملكة منذ عام 1975 بعد رحيل الاستعمار الاسباني.
وتقول وسائل إعلام مقربة من القصر الملكي المغربي (المخزن) إن ديبلوماسية بلادها حققت نجاحات باهرة خلال الأشهر الأخيرة أبرزها اعتراف إدارة الرئيس الأمريكي السابق دونالد ترامب بسيادة الرباط على الصحراء الغربية المحتلة في صفقة التطبيع.
لكن هذا الاعتراف سرعات ما تبخر مع وصول إدارة الرئيس الجديد جو بايدن إلى الحكم مطلع سنة 2021، حيث تلتزم الأخيرة صمتا إزاء تغريدة ترامب، وسط مؤشرات بتراجعها عن القرار بعد دعمها مخطط التسوية الأممي خلال الاجتماع الأخير لمجلس الأمن.
المغرب يطلب نجدة إيباك
وأمام هذه التطورات هرول وزير خارجية المغرب ناصر بوريطة إلى مؤتمر اللوبي الصهيوني بالولايات المتحدة الأمريكية (إيباك)، لعرض خدمات بلاده في مجال التطبيع.
ووصل الحد ببوريطة إلى التعهد بأن “المغرب مخلص حتى النهاية في مساعي التطبيع ومستعد إلى الوصول بها إلى أبعد حد ممكن”، في إشارة إلى أن المخزن سيوفي بالتزامه في حال التزم هذا اللوبي بالضغط على إدارة بايدن لتزكية تغريدة ترامب.
لكن البارز في خرجة بوريطة ونظامه هو تزامن المؤتمر مع اعتداءات ضد الفلسطينيين في القدس والمسجد الأقصى هزت العالم الإسلامي لكن خارجية المغرب اكتفت في بيان لها بالدعوة إلى وقف العنف، علما إن المغرب هي رئيسة لجنة القدس.
https://twitter.com/AllachiSaid01/status/1391533120063787010
وبعيدا عن ملف التطبيع، تعيش الدبلوماسية المغربية حالة “هيسيتيريا” غير مسبوقة، حيث حطمت الرقم القياسي في عدد الأزمات الدبلوماسية التي أثارتها في ظرف وجيز، وصلت حد استحداث بدعة مقاطعة نشاطات سفارة دولة أخرى لديها.
هيستيريا دبلوماسية
وكان واضحا من خلال هذه التحرشات بدول أخرى أو الألعاب النارية كما أسمتها الخارجية الصحراوية، إن نظام المخزن يريد تغيير طبيعة نزاع الصحراء الغربية من قضية تصفية استعمار مسجلة لدى الأمم المتحدة إلى خلاف حدودي او قضية مختلقة كما يروج له.
وتحاملت الخارجية المغربية ومعها وسائل إعلام محسوبة عليها وعلى القصر الملكي على عدة دول منها موريتانيا والجزائر والاتحادين الافريقي والأوروبي الى درجة محاولة التدخل في المسائل الداخلية لدول ديمقراطية عريقة مثل ألمانيا واسبانيا.
لكن هذه الأزمات كشفت حقيقة كانت خافية وهي الطابع العدواني للساسة والدبلوماسية المغربية، فبعد الجزائر طالت هذه الهجومات موريتانيا خلال الأسابيع الماضية بسبب استقبالها مبعوثا للرئيس الصحراوي علما أنها تعترف بالجمهورية الصحراوية وهذا قرار سيادي داخلي.
وكانت آخر الأزمات التي أثارتها الخارجية المغربية مع إيران، حيث اتهمها بوريطة أمام اللوبي المؤيد للصهيونية (إيباك) بـ”الرغبة في القيام بأنشطة لزعزعة الاستقرار في شمال إفريقيا”.
وكان واضحا إن استدعاء إيران في قضية الصحراء الغربية في هذا التوقيت، غير منطقي كون الملف الذي تحدث عنه وزير خارجية المخزن طوي قبل سنوات، وواضح إن الهدف هو ركوب موجة العداء لطهران في المنطقة والتي تعد جواز سفر رضا اللوبي الصهيوني.
وردا على هذه التصريحات قال المتحدث باسم الخارجية الإيرانية ي سعيد خطيب زاده أمس السبت أن “الحكومة المغربية العاجزة عن حل مشاكلها الإقليمية عادت مرة أخرى لتوجيه الاتهامات الواهية التي لا أساس لها إلى الجمهورية الإسلامية، دعما للمشاريع الأمريكية والصهيونية وتهجما على الأنصار الأوفياء للقضية الفلسطينية وحقوقها المشروعة .
وأعرب خطيب زادة عن أسفه لكون الحكومة المغربية التي تترأس حاليا (لجنة القدس) “تساهم في دعم أهداف أعداء الأمة الإسلامية من خلال صرف الأذهان عن القضية الأولى للعالم الإسلامي وهي مواجهة الاعتداءات الصهيونية على القدس، ودعم حقوق الشعب الفلسطيني في حين أن العالم الإسلامي هو اليوم أحوج الى الوحدة والتضامن “.
https://twitter.com/AllachiSaid01/status/1391495198019133441
صفعة اسبانية جديدة
أما مع إسبانيا فيبدو أن المغرب الذي يستخدم بدلا من ذلك بطاقة الهجرة غير الشرعية للضغط على هذا البلد للاعتراف بمطالبه غير المشروعة بالصحراء الغربية فقد اتخذ خطوة جديدة بعد دخول الرئيس الصحراوي الأمين العام لجبهة البوليساريو ابراهيم غالي إلى المستشفى في إسبانيا.
ووصل الأمر حد فتح الحدود مع اسبانيا أمام آلاف المهاجرين السريين المغاربة والأفارقة وأغلبهم من الأطفال والنساء، من أجل الضغط على مدريد وأوروبا لتغيير موقفهما من القضية الصحراوية، لكن الجانب الأوروبي رفض أي مساومة بورقة المهاجرين.
وكانت وسائل إعلام إسبانية قد أعلنت في الأيام الأخيرة أن المحاكم الإسبانية باشرت إجراءات ضد الرئيس الصحراوي بتهمة ارتكاب “جرائم ضد الإنسانية” وهي معلومة مغلوطة كذبتها المحكمة الاسبانية العليا في حين صرحت رئيسة الدبلوماسية الاسبانية ارانشا غونزاليز لايا الامين العام لجبهة البوليساريو من المفترض ان يغادر اسبانيا بعد انقضاء مدة علاجه في المستشفى.
وأشعل المخزن أيضا ازمة مع المانيا بسبب قضية الصحراء الغربية. ومنذ ان قرر المغرب تعليق كل اتصالاته مع السفارة الألمانية في الرباط في الفاتح مارس لم يصل البلدين لحد الآن الى تفاهم.
كيف ادبت وزيرة الخارجية الإسبانية رئيس دبلوماسية دولة التطبيع المذل مع الكيان الصهيوني ناصر بوريطة…
في ردها على المخزن، قالت وزيرة الخارجية الإسبانية، أرانتشا غونزاليس لايا، السبت، إن بلادها ليس لديها ما تضيفه على ماسبق😂 من تصريحات بخصوص الرئيس الصحراوي ابراهيم غالي pic.twitter.com/7oXLAnXlsK
— 🇩🇿القدس_عاصمه_فلسطين_الأبدية🇵🇸 (@lancerpls) May 9, 2021
ألمانيا مندهشة
وردا منها على القرار الاخير للمغرب بسحب سفيره من السفارة المغربية في برلين عبرت وزارة الخارجية الالمانية عن تعجبها يوم الخميس 6 مايو معربة عن عدم علمها المسبق بالقرار الذي اتخذه المغرب.
وصرح مسؤول في الخارجية الالمانية قائلا “نحن متفاجئون من هذا الإجراء ونقوم بجهود بناءة مع الطرف المغربي بغية ايجاد حل”.
وبررت المملكة المغربية عبر خارجيتها قرار سحب سفيرتها بالعديد من الاسباب من بينها تحرك ألمانيا بعد اعتراف الرئيس الأمريكي السابق ترامب بسيادة المغرب المزعومة على الصحراء الغربية.
وتطرقت المانيا الى هذا الاعتراف الذي نال ادانة واسعة من طرف المجتمع الدولي في مجلس الامن الأممي حيث دعت الولايات المتحدة الى التصرف “وفق الشرعية الدولية”.
ويرى ممثل البوليساريو في اوروبا والاتحاد الأوروبي ابي بشرايا ان هذه “التصرفات غير المحسوبة من طرف المغرب تنم عن خيبته كونه يلفق في كل مرة القصص من اجل ايهام هذه الدول التي عبرت صراحة عن التزامها بالشرعية الدولية”.
وأضاف المسؤول نفسه أن “سياسة الكذب والابتزاز هي الثابت الوحيد في السياسة الخارجية المغربية”.",success,20220105,MOROCCO,AFRICA,MAR,AFR,190,4,-10.0,-1.38588133391078,25.0,-13.5,1,https://www.echoroukonline.com/%D9%81%D9%88%D8%B1%D8%A7%D9%8A%D9%86-%D8%A8%D9%88%D9%84%D9%8A%D8%B3%D9%8A-%D8%A7%D9%84%D9%85%D8%BA%D8%B1%D8%A8-%D9%85%D8%B9%D8%B2%D9%88%D9%84-%D8%A8%D9%8A%D9%86-%D8%AD%D9%84%D9%81%D8%A7%D8%A6%D9%87,www.echoroukonline.com,False,False,2022-01-05,428221.0,MOR-2022-1-721-1,2022.0,False,Clear,1.0,331.0,331.0,Morocco: Sahrawi Arab Democratic Republic (Western Sahara),721.0,721.0,Government of Morocco - POLISARIO,108.0,108.0,Government of Morocco,563.0,563.0,POLISARIO,1.0,"""Crisis Watch,2022-01-01,Western Sahara January 2022""",Crisis Watch,2022-01-01,Western Sahara January 2022,Crisis Watch,5.0,Western Sahara,in UN buffer zone,,,26.013033,-12.096408,POINT (-12.096408 26.013033),167376.0,Morocco,600.0,Africa,1.0,1.0,2022-01-03,2022-01-03 00:00:00.000,0.0,0.0,3.0,0.0,3.0,3.0,3.0,600.0,
1021988639,,no_fetch,20220105,RABAT,SPAIN,MAR,ESP,190,4,-10.0,-1.65745856353591,25.0,-13.5,1,https://english.alaraby.co.uk/news/morocco-says-german-president-invites-king-seal-new-partnership,english.alaraby.co.uk,False,False,2022-01-05,428221.0,MOR-2022-1-721-1,2022.0,False,Clear,1.0,331.0,331.0,Morocco: Sahrawi Arab Democratic Republic (Western Sahara),721.0,721.0,Government of Morocco - POLISARIO,108.0,108.0,Government of Morocco,563.0,563.0,POLISARIO,1.0,"""Crisis Watch,2022-01-01,Western Sahara January 2022""",Crisis Watch,2022-01-01,Western Sahara January 2022,Crisis Watch,5.0,Western Sahara,in UN buffer zone,,,26.013033,-12.096408,POINT (-12.096408 26.013033),167376.0,Morocco,600.0,Africa,1.0,1.0,2022-01-03,2022-01-03 00:00:00.000,0.0,0.0,3.0,0.0,3.0,3.0,3.0,600.0,
1021919681,,no_fetch,20220105,WESTERN SAHARA,,MAR,,1822,4,-9.0,-9.83050847457631,27.135,-13.1625,4,https://fr.allafrica.com/stories/202201050207.html,fr.allafrica.com,False,False,2022-01-05,428221.0,MOR-2022-1-721-1,2022.0,False,Clear,1.0,331.0,331.0,Morocco: Sahrawi Arab Democratic Republic (Western Sahara),721.0,721.0,Government of Morocco - POLISARIO,108.0,108.0,Government of Morocco,563.0,563.0,POLISARIO,1.0,"""Crisis Watch,2022-01-01,Western Sahara January 2022""",Crisis Watch,2022-01-01,Western Sahara January 2022,Crisis Watch,5.0,Western Sahara,in UN buffer zone,,,26.013033,-12.096408,POINT (-12.096408 26.013033),167376.0,Morocco,600.0,Africa,1.0,1.0,2022-01-03,2022-01-03 00:00:00.000,0.0,0.0,3.0,0.0,3.0,3.0,3.0,600.0,
1021988378,,no_fetch,20220105,SPAIN,RABAT,ESP,MAR,190,4,-10.0,-1.65745856353591,25.0,-13.5,1,https://english.alaraby.co.uk/news/morocco-says-german-president-invites-king-seal-new-partnership,english.alaraby.co.uk,False,False,2022-01-05,428221.0,MOR-2022-1-721-1,2022.0,False,Clear,1.0,331.0,331.0,Morocco: Sahrawi Arab Democratic Republic (Western Sahara),721.0,721.0,Government of Morocco - POLISARIO,108.0,108.0,Government of Morocco,563.0,563.0,POLISARIO,1.0,"""Crisis Watch,2022-01-01,Western Sahara January 2022""",Crisis Watch,2022-01-01,Western Sahara January 2022,Crisis Watch,5.0,Western Sahara,in UN buffer zone,,,26.013033,-12.096408,POINT (-12.096408 26.013033),167376.0,Morocco,600.0,Africa,1.0,1.0,2022-01-03,2022-01-03 00:00:00.000,0.0,0.0,3.0,0.0,3.0,3.0,3.0,600.0,
1021919855,,no_fetch,20220105,ABDULLAH,WESTERN SAHARA,SAU,MAR,1822,4,-9.0,-9.83050847457631,27.135,-13.1625,4,https://fr.allafrica.com/stories/202201050207.html,fr.allafrica.com,False,False,2022-01-05,428221.0,MOR-2022-1-721-1,2022.0,False,Clear,1.0,331.0,331.0,Morocco: Sahrawi Arab Democratic Republic (Western Sahara),721.0,721.0,Government of Morocco - POLISARIO,108.0,108.0,Government of Morocco,563.0,563.0,POLISARIO,1.0,"""Crisis Watch,2022-01-01,Western Sahara January 2022""",Crisis Watch,2022-01-01,Western Sahara January 2022,Crisis Watch,5.0,Western Sahara,in UN buffer zone,,,26.013033,-12.096408,POINT (-12.096408 26.013033),167376.0,Morocco,600.0,Africa,1.0,1.0,2022-01-03,2022-01-03 00:00:00.000,0.0,0.0,3.0,0.0,3.0,3.0,3.0,600.0,
1022361393,"The driving force of Europe
Explore the best expat health insurance options for Germany, including eligibility for public insurance (GKV) and private coverage (PKV).
Read more
Navigate the world of dating in Germany as an expat by understanding the local dating culture, etiquette, faux pas, and more.
Learn about the German education system, including types of schools, financial aid, educational support, homeschooling, and graduating.
Find out what you'll take home after tax",success,20220108,RABAT,SPAIN,MAR,ESP,190,4,-10.0,-1.65289256198347,25.0,-13.5,1,https://www.expatica.com/de/uncategorized/morocco-says-german-president-invites-king-to-seal-new-partnership-552743/,www.expatica.com,False,False,2022-01-08,428222.0,MOR-2022-1-721-0,2022.0,False,Clear,1.0,331.0,331.0,Morocco: Sahrawi Arab Democratic Republic (Western Sahara),721.0,721.0,Government of Morocco - POLISARIO,108.0,108.0,Government of Morocco,563.0,563.0,POLISARIO,1.0,"""Crisis Watch,2022-01-01,Western Sahara January 2022""",Crisis Watch,2022-01-01,Western Sahara January 2022,Sahrawi Movement for Peace,2.0,Mehaires village,in eastern Mehaires area in Polisario-held Western Sahara,Laâyoune-Sakia al Hamra region,Es-Semara province,26.134751,-11.06757,POINT (-11.06757 26.134751),167378.0,Morocco,600.0,Africa,1.0,4.0,2022-01-10,2022-01-20 00:00:00.000,0.0,4.0,0.0,0.0,4.0,4.0,4.0,600.0,
1022361168,"The driving force of Europe
Explore the best expat health insurance options for Germany, including eligibility for public insurance (GKV) and private coverage (PKV).
Read more
Navigate the world of dating in Germany as an expat by understanding the local dating culture, etiquette, faux pas, and more.
Learn about the German education system, including types of schools, financial aid, educational support, homeschooling, and graduating.
Find out what you'll take home after tax",success,20220108,SPAIN,RABAT,ESP,MAR,190,4,-10.0,-1.65289256198347,25.0,-13.5,1,https://www.expatica.com/de/uncategorized/morocco-says-german-president-invites-king-to-seal-new-partnership-552743/,www.expatica.com,False,False,2022-01-08,428222.0,MOR-2022-1-721-0,2022.0,False,Clear,1.0,331.0,331.0,Morocco: Sahrawi Arab Democratic Republic (Western Sahara),721.0,721.0,Government of Morocco - POLISARIO,108.0,108.0,Government of Morocco,563.0,563.0,POLISARIO,1.0,"""Crisis Watch,2022-01-01,Western Sahara January 2022""",Crisis Watch,2022-01-01,Western Sahara January 2022,Sahrawi Movement for Peace,2.0,Mehaires village,in eastern Mehaires area in Polisario-held Western Sahara,Laâyoune-Sakia al Hamra region,Es-Semara province,26.134751,-11.06757,POINT (-11.06757 26.134751),167378.0,Morocco,600.0,Africa,1.0,4.0,2022-01-10,2022-01-20 00:00:00.000,0.0,4.0,0.0,0.0,4.0,4.0,4.0,600.0,
1022428694,,no_fetch,20220109,UNITED STATES,IRAQ,USA,IRQ,190,4,-10.0,-3.85852090032154,25.0,-13.5,1,https://poststar.com/opinion/commentary-u-s-western-sahara-stance-emboldens-putin/article_cd51df6f-9da8-5d2e-9d10-76bb74bcbc33.html,poststar.com,False,False,2022-01-09,428222.0,MOR-2022-1-721-0,2022.0,False,Clear,1.0,331.0,331.0,Morocco: Sahrawi Arab Democratic Republic (Western Sahara),721.0,721.0,Government of Morocco - POLISARIO,108.0,108.0,Government of Morocco,563.0,563.0,POLISARIO,1.0,"""Crisis Watch,2022-01-01,Western Sahara January 2022""",Crisis Watch,2022-01-01,Western Sahara January 2022,Sahrawi Movement for Peace,2.0,Mehaires village,in eastern Mehaires area in Polisario-held Western Sahara,Laâyoune-Sakia al Hamra region,Es-Semara province,26.134751,-11.06757,POINT (-11.06757 26.134751),167378.0,Morocco,600.0,Africa,1.0,4.0,2022-01-10,2022-01-20 00:00:00.000,0.0,4.0,0.0,0.0,4.0,4.0,4.0,600.0,
1022638878,,no_fetch,20220110,MOROCCO,,MAR,,1822,4,-9.0,-5.46448087431694,25.0,-13.5,1,https://www.aps.dz/monde/134059-sahara-occidental-amnesty-alerte-sur-le-seuil-dangereux-des-violations-des-droits-de-l-homme,www.aps.dz,False,False,2022-01-10,428222.0,MOR-2022-1-721-0,2022.0,False,Clear,1.0,331.0,331.0,Morocco: Sahrawi Arab Democratic Republic (Western Sahara),721.0,721.0,Government of Morocco - POLISARIO,108.0,108.0,Government of Morocco,563.0,563.0,POLISARIO,1.0,"""Crisis Watch,2022-01-01,Western Sahara January 2022""",Crisis Watch,2022-01-01,Western Sahara January 2022,Sahrawi Movement for Peace,2.0,Mehaires village,in eastern Mehaires area in Polisario-held Western Sahara,Laâyoune-Sakia al Hamra region,Es-Semara province,26.134751,-11.06757,POINT (-11.06757 26.134751),167378.0,Morocco,600.0,Africa,1.0,4.0,2022-01-10,2022-01-20 00:00:00.000,0.0,4.0,0.0,0.0,4.0,4.0,4.0,600.0,
1022541994,"US Western Sahara stance emboldens Putin
By Stephen Zunes
The threat of further Russian aggression against Ukraine is very real. Unfortunately, the Biden administration is in a weak position to lead an international response.
In light of Russia's illegal 2014 annexation of Crimea and threats of further aggression against Ukraine, President Joe Biden has emphasized how “any use of force to change borders is strictly prohibited under international law.”
This should not even be a question anymore. Preventing a country from expanding its territory by force was a founding principle of the United Nations, and it is embedded in its charter. It was this very principle, in fact, that led the United States to fight the 1991 Gulf War following Iraq's invasion and annexation of Kuwait.
Unfortunately, there are serious questions as to whether the Biden administration actually supports this bedrock international legal standard. Maps of North Africa from the United Nations, National Geographic, Rand McNally and elsewhere depict the nation of Western Sahara on the Atlantic coast wedged between Morocco and Mauritania; U.S. government maps, however, depict the country as part of Morocco, with nothing delineating the two.
Western Sahara ― formally known as the Sahrawi Arab Democratic Republic (SADR) ― has been recognized at various points in time by 84 countries and is a full member state of the African Union. Morocco invaded that nation, then known as Spanish Sahara, just prior to its scheduled independence from colonial rule in 1975.
The United Nations Security Council, the U.N. General Assembly, and the International Court of Justice have all gone on record asserting Western Sahara's right to self-determination. For decades, no international body or foreign governments have recognized Western Sahara as part of Morocco.
However, in his final weeks in office, former President Donald Trump formally recognized Moroccan sovereignty over the occupied country, including roughly 25 percent of Western Sahara still under the control of the SADR government. The Biden administration has rejected bipartisan calls to reverse Trump's decision and the United States remains an international outlier.
Despite giving lip service to a moribund U.N.-sponsored peace process, the United States is effectively agreeing with the Moroccan monarchy that independence should not be an option for the Indigenous population, known as Sahrawis, who embrace a distinct history, dialect and culture. The Moroccan regime ― emboldened by the U.S. recognition ― insists that independence is completely off the table and is at most willing to offer a limited degree of “autonomy” under Moroccan rule.
Human Rights Watch, Amnesty International and other reputable human right groups have documented widespread suppression of peaceful pro-independence activists by Moroccan occupation forces, including torture, beatings, detention without trial and extrajudicial killings. Freedom House has ranked Moroccan-occupied Western Sahara as second only to Syria in its suppression of political rights.
As a result, Morocco's U.S.-backed “autonomy” plan not only fails to allow the Sahrawis any real act of self-determination, the ongoing repression raises serious questions regarding what it would look like in practice.
Biden's recognition of Morocco's illegal annexation of Western Sahara is a gift to Russia's autocratic president Vladimir Putin, who can now portray U.S. opposition to Russian claims on Ukrainian territory as simply rooted in geopolitical rivalry rather than principled opposition to illegal territorial expansion.
For the sake of the people of Western Sahara and U.S. credibility in the growing crisis over Ukraine, Biden must immediately rescind U.S. recognition of Morocco's conquest.
Stephen Zunes is a professor of politics at the University of San Francisco and co-author of “Western Sahara: War, Nationalism, and Conflict Irresolution.” This column was produced for The Progressive magazine and distributed by Tribune News Service.",success,20220110,UNITED STATES,IRAQ,USA,IRQ,190,4,-10.0,-3.81944444444444,25.0,-13.5,1,https://www.koreatimes.co.kr/www/opinion/2022/01/773_321968.html,www.koreatimes.co.kr,False,True,2022-01-10,428222.0,MOR-2022-1-721-0,2022.0,False,Clear,1.0,331.0,331.0,Morocco: Sahrawi Arab Democratic Republic (Western Sahara),721.0,721.0,Government of Morocco - POLISARIO,108.0,108.0,Government of Morocco,563.0,563.0,POLISARIO,1.0,"""Crisis Watch,2022-01-01,Western Sahara January 2022""",Crisis Watch,2022-01-01,Western Sahara January 2022,Sahrawi Movement for Peace,2.0,Mehaires village,in eastern Mehaires area in Polisario-held Western Sahara,Laâyoune-Sakia al Hamra region,Es-Semara province,26.134751,-11.06757,POINT (-11.06757 26.134751),167378.0,Morocco,600.0,Africa,1.0,4.0,2022-01-10,2022-01-20 00:00:00.000,0.0,4.0,0.0,0.0,4.0,4.0,4.0,600.0,
1038367974,,no_extract,20220408,SPANISH,MOROCCO,ESP,MAR,190,4,-10.0,0.48309178743962,25.0,-13.5,1,https://www.msn.com/en-xl/news/other/morocco-spain-mend-ties-after-change-in-policy-on-western-sahara/ar-AAVZwVG,www.msn.com,False,False,2022-04-08,436462.0,MOR-2022-1-721-3,2022.0,False,Clear,1.0,331.0,331.0,Morocco: Sahrawi Arab Democratic Republic (Western Sahara),721.0,721.0,Government of Morocco - POLISARIO,108.0,108.0,Government of Morocco,563.0,563.0,POLISARIO,1.0,"""Agence France Presse,2022-04-12,Algeria accuses Morocco of killing 3 on edge of W. Sahara""",Agence France Presse,2022-04-12,Algeria accuses Morocco of killing 3 on edge of W. Sahara,Media linked to the Polisario independence movement,5.0,Western Sahara,the border between the desert territory and Mauritania,,,26.013033,-12.096408,POINT (-12.096408 26.013033),167376.0,Morocco,600.0,Africa,1.0,1.0,2022-04-10,2022-04-10 00:00:00.000,0.0,0.0,0.0,3.0,3.0,3.0,3.0,600.0,
1038368401,,no_extract,20220408,MOROCCO,SPANISH,MAR,ESP,190,4,-10.0,0.48309178743962,25.0,-13.5,1,https://www.msn.com/en-xl/news/other/morocco-spain-mend-ties-after-change-in-policy-on-western-sahara/ar-AAVZwVG,www.msn.com,False,False,2022-04-08,436462.0,MOR-2022-1-721-3,2022.0,False,Clear,1.0,331.0,331.0,Morocco: Sahrawi Arab Democratic Republic (Western Sahara),721.0,721.0,Government of Morocco - POLISARIO,108.0,108.0,Government of Morocco,563.0,563.0,POLISARIO,1.0,"""Agence France Presse,2022-04-12,Algeria accuses Morocco of killing 3 on edge of W. Sahara""",Agence France Presse,2022-04-12,Algeria accuses Morocco of killing 3 on edge of W. Sahara,Media linked to the Polisario independence movement,5.0,Western Sahara,the border between the desert territory and Mauritania,,,26.013033,-12.096408,POINT (-12.096408 26.013033),167376.0,Morocco,600.0,Africa,1.0,1.0,2022-04-10,2022-04-10 00:00:00.000,0.0,0.0,0.0,3.0,3.0,3.0,3.0,600.0,
1038367961,,no_extract,20220408,SPANISH,,ESP,,190,4,-10.0,0.48309178743962,25.0,-13.5,1,https://www.msn.com/en-xl/news/other/morocco-spain-mend-ties-after-change-in-policy-on-western-sahara/ar-AAVZwVG,www.msn.com,False,False,2022-04-08,436462.0,MOR-2022-1-721-3,2022.0,False,Clear,1.0,331.0,331.0,Morocco: Sahrawi Arab Democratic Republic (Western Sahara),721.0,721.0,Government of Morocco - POLISARIO,108.0,108.0,Government of Morocco,563.0,563.0,POLISARIO,1.0,"""Agence France Presse,2022-04-12,Algeria accuses Morocco of killing 3 on edge of W. Sahara""",Agence France Presse,2022-04-12,Algeria accuses Morocco of killing 3 on edge of W. Sahara,Media linked to the Polisario independence movement,5.0,Western Sahara,the border between the desert territory and Mauritania,,,26.013033,-12.096408,POINT (-12.096408 26.013033),167376.0,Morocco,600.0,Africa,1.0,1.0,2022-04-10,2022-04-10 00:00:00.000,0.0,0.0,0.0,3.0,3.0,3.0,3.0,600.0,
1038364485,"Prime Minister Pedro Sanchez met with Moroccan King Mohamed VI during an Iftar banquet in the royal residence in Rabat on Thursday, signaling the end of diplomatic tensions centered on Morocco’s disputed region of Western Sahara.
Sanchez had arrived earlier in Morocco for a visit to the Kingdom at the invitation of the King.
The Spanish PM is the first European official to be received by the Moroccan King since the start of COVID-19 pandemic in 2020.
The visit aims to revive diplomatic relations that have been severed between the two countries for nearly a year, only after Madrid changed its position on the Sahara conflict in favor of Rabat.
Observers said that holding a royal Iftar in honor of the Spanish Prime Minister marks the importance of the visit.
Sanchez is accompanied by Spain's Foreign Minister Jose Manuel Albares, who was expected in Morocco last week before a decision was taken to postpone his trip, replacing it by a higher level of representation.
On Thursday, the King renewed his call to inaugurate a new stage in relations between the two countries.
In a statement Thursday evening, the Moroccan royal palace said the two men had “reaffirmed their desire to open a new phase in relations between the two countries, based on mutual respect and trust, ongoing consultation and honest cooperation.”
Addressing journalists after his meal with the king, Sanchez hailed the “historic moment”.
He said they had agreed “a clear roadmap that allows the management of matters of interest in a concerted manner, in a spirit of normality and good neighborliness, without room for unilateral acts.”
He also said the countries would work to restore normal border traffic between Morocco and Ceuta as well as the nearby Spanish enclave of Melilla.
Spain is considered Morocco’s first trading partner, and the two countries are linked to the file of combating illegal migration as Madrid relies on Rabat to stop illegal immigrants, most of whom depart from the North African nation.
It is also expected that the return of relations between the two countries will speed up the opening of their borders to resume the transportation of travelers, especially during the summer vacation period.
Morocco is also trying to stop the flow of smuggled goods from the two cities of Ceuta and Melilla, which are controlled by Spain.
Among other common issues between the two countries is the demarcation of maritime borders, and cooperation in the field of energy.
Morocco became dependent on the import of liquefied natural gas through Spain, after an Algerian decision not to renew a gas supply contract with Rabat last October.
Spain had announced early this year that Morocco will be able to obtain liquefied natural gas (LNG) on the international markets, bring it to a regasification plant on the Spanish mainland and use the Gaz-Maghreb-Europe (GME) pipeline to transport it to its territory.
Lately, relations have improved between the two countries after Spain announced in a letter to the King in March its support for Morocco’s autonomy plan “as the most serious, realistic and credible basis for settling the dispute” over the Western Sahara.
The letter reflected a shift in Spanish policy in favor of Morocco’s claim to Western Sahara, a former Spanish colony that Morocco considers its own but where the Algeria-backed Polisario Front seeks to establish its own state.
Madrid had angered Morocco by allowing the leader of Western Sahara's independence movement into Spain for hospital treatment for a severe case of Covid-19, sparking a tetchy standoff between the two countries.",success,20220408,SPAIN,HOSPITAL,ESP,,192,4,-9.5,0.83194675540766,25.0,-13.5,1,https://english.aawsat.com/home/article/3579786/spanish-pm-visits-morocco-show-reconciliation-between-both-countries,english.aawsat.com,False,False,2022-04-08,436462.0,MOR-2022-1-721-3,2022.0,False,Clear,1.0,331.0,331.0,Morocco: Sahrawi Arab Democratic Republic (Western Sahara),721.0,721.0,Government of Morocco - POLISARIO,108.0,108.0,Government of Morocco,563.0,563.0,POLISARIO,1.0,"""Agence France Presse,2022-04-12,Algeria accuses Morocco of killing 3 on edge of W. Sahara""",Agence France Presse,2022-04-12,Algeria accuses Morocco of killing 3 on edge of W. Sahara,Media linked to the Polisario independence movement,5.0,Western Sahara,the border between the desert territory and Mauritania,,,26.013033,-12.096408,POINT (-12.096408 26.013033),167376.0,Morocco,600.0,Africa,1.0,1.0,2022-04-10,2022-04-10 00:00:00.000,0.0,0.0,0.0,3.0,3.0,3.0,3.0,600.0,
1038367592,,no_extract,20220408,,SPANISH,,ESP,190,4,-10.0,0.48309178743962,25.0,-13.5,1,https://www.msn.com/en-xl/news/other/morocco-spain-mend-ties-after-change-in-policy-on-western-sahara/ar-AAVZwVG,www.msn.com,False,False,2022-04-08,436462.0,MOR-2022-1-721-3,2022.0,False,Clear,1.0,331.0,331.0,Morocco: Sahrawi Arab Democratic Republic (Western Sahara),721.0,721.0,Government of Morocco - POLISARIO,108.0,108.0,Government of Morocco,563.0,563.0,POLISARIO,1.0,"""Agence France Presse,2022-04-12,Algeria accuses Morocco of killing 3 on edge of W. Sahara""",Agence France Presse,2022-04-12,Algeria accuses Morocco of killing 3 on edge of W. Sahara,Media linked to the Polisario independence movement,5.0,Western Sahara,the border between the desert territory and Mauritania,,,26.013033,-12.096408,POINT (-12.096408 26.013033),167376.0,Morocco,600.0,Africa,1.0,1.0,2022-04-10,2022-04-10 00:00:00.000,0.0,0.0,0.0,3.0,3.0,3.0,3.0,600.0,
1038553235,,no_fetch,20220409,SPANISH,MOROCCO,ESP,MAR,190,4,-10.0,0.0,25.0,-13.5,1,https://allafrica.com/stories/202204090104.html,allafrica.com,False,False,2022-04-09,436462.0,MOR-2022-1-721-3,2022.0,False,Clear,1.0,331.0,331.0,Morocco: Sahrawi Arab Democratic Republic (Western Sahara),721.0,721.0,Government of Morocco - POLISARIO,108.0,108.0,Government of Morocco,563.0,563.0,POLISARIO,1.0,"""Agence France Presse,2022-04-12,Algeria accuses Morocco of killing 3 on edge of W. Sahara""",Agence France Presse,2022-04-12,Algeria accuses Morocco of killing 3 on edge of W. Sahara,Media linked to the Polisario independence movement,5.0,Western Sahara,the border between the desert territory and Mauritania,,,26.013033,-12.096408,POINT (-12.096408 26.013033),167376.0,Morocco,600.0,Africa,1.0,1.0,2022-04-10,2022-04-10 00:00:00.000,0.0,0.0,0.0,3.0,3.0,3.0,3.0,600.0,
1038553222,,no_fetch,20220409,SPANISH,,ESP,,190,4,-10.0,0.0,25.0,-13.5,1,https://allafrica.com/stories/202204090104.html,allafrica.com,False,False,2022-04-09,436462.0,MOR-2022-1-721-3,2022.0,False,Clear,1.0,331.0,331.0,Morocco: Sahrawi Arab Democratic Republic (Western Sahara),721.0,721.0,Government of Morocco - POLISARIO,108.0,108.0,Government of Morocco,563.0,563.0,POLISARIO,1.0,"""Agence France Presse,2022-04-12,Algeria accuses Morocco of killing 3 on edge of W. Sahara""",Agence France Presse,2022-04-12,Algeria accuses Morocco of killing 3 on edge of W. Sahara,Media linked to the Polisario independence movement,5.0,Western Sahara,the border between the desert territory and Mauritania,,,26.013033,-12.096408,POINT (-12.096408 26.013033),167376.0,Morocco,600.0,Africa,1.0,1.0,2022-04-10,2022-04-10 00:00:00.000,0.0,0.0,0.0,3.0,3.0,3.0,3.0,600.0,
1038553044,,no_fetch,20220409,,SPANISH,,ESP,190,4,-10.0,0.0,25.0,-13.5,1,https://allafrica.com/stories/202204090104.html,allafrica.com,False,False,2022-04-09,436462.0,MOR-2022-1-721-3,2022.0,False,Clear,1.0,331.0,331.0,Morocco: Sahrawi Arab Democratic Republic (Western Sahara),721.0,721.0,Government of Morocco - POLISARIO,108.0,108.0,Government of Morocco,563.0,563.0,POLISARIO,1.0,"""Agence France Presse,2022-04-12,Algeria accuses Morocco of killing 3 on edge of W. Sahara""",Agence France Presse,2022-04-12,Algeria accuses Morocco of killing 3 on edge of W. Sahara,Media linked to the Polisario independence movement,5.0,Western Sahara,the border between the desert territory and Mauritania,,,26.013033,-12.096408,POINT (-12.096408 26.013033),167376.0,Morocco,600.0,Africa,1.0,1.0,2022-04-10,2022-04-10 00:00:00.000,0.0,0.0,0.0,3.0,3.0,3.0,3.0,600.0,
1038553416,,no_fetch,20220409,MOROCCO,SPANISH,MAR,ESP,190,4,-10.0,0.0,25.0,-13.5,1,https://allafrica.com/stories/202204090104.html,allafrica.com,False,False,2022-04-09,436462.0,MOR-2022-1-721-3,2022.0,False,Clear,1.0,331.0,331.0,Morocco: Sahrawi Arab Democratic Republic (Western Sahara),721.0,721.0,Government of Morocco - POLISARIO,108.0,108.0,Government of Morocco,563.0,563.0,POLISARIO,1.0,"""Agence France Presse,2022-04-12,Algeria accuses Morocco of killing 3 on edge of W. Sahara""",Agence France Presse,2022-04-12,Algeria accuses Morocco of killing 3 on edge of W. Sahara,Media linked to the Polisario independence movement,5.0,Western Sahara,the border between the desert territory and Mauritania,,,26.013033,-12.096408,POINT (-12.096408 26.013033),167376.0,Morocco,600.0,Africa,1.0,1.0,2022-04-10,2022-04-10 00:00:00.000,0.0,0.0,0.0,3.0,3.0,3.0,3.0,600.0,
1038648016,,no_fetch,20220410,SPAIN,MOROCCO,ESP,MAR,190,4,-10.0,0.26385224274406,25.0,-13.5,1,https://english.almayadeen.net/news/politics/polisario-front-severing-contacts-with-spanish-government,english.almayadeen.net,False,False,2022-04-10,436462.0,MOR-2022-1-721-3,2022.0,False,Clear,1.0,331.0,331.0,Morocco: Sahrawi Arab Democratic Republic (Western Sahara),721.0,721.0,Government of Morocco - POLISARIO,108.0,108.0,Government of Morocco,563.0,563.0,POLISARIO,1.0,"""Agence France Presse,2022-04-12,Algeria accuses Morocco of killing 3 on edge of W. Sahara""",Agence France Presse,2022-04-12,Algeria accuses Morocco of killing 3 on edge of W. Sahara,Media linked to the Polisario independence movement,5.0,Western Sahara,the border between the desert territory and Mauritania,,,26.013033,-12.096408,POINT (-12.096408 26.013033),167376.0,Morocco,600.0,Africa,1.0,1.0,2022-04-10,2022-04-10 00:00:00.000,0.0,0.0,0.0,3.0,3.0,3.0,3.0,600.0,
1038648281,,no_fetch,20220410,MOROCCO,SPAIN,MAR,ESP,190,4,-10.0,0.26385224274406,25.0,-13.5,1,https://english.almayadeen.net/news/politics/polisario-front-severing-contacts-with-spanish-government,english.almayadeen.net,False,False,2022-04-10,436462.0,MOR-2022-1-721-3,2022.0,False,Clear,1.0,331.0,331.0,Morocco: Sahrawi Arab Democratic Republic (Western Sahara),721.0,721.0,Government of Morocco - POLISARIO,108.0,108.0,Government of Morocco,563.0,563.0,POLISARIO,1.0,"""Agence France Presse,2022-04-12,Algeria accuses Morocco of killing 3 on edge of W. Sahara""",Agence France Presse,2022-04-12,Algeria accuses Morocco of killing 3 on edge of W. Sahara,Media linked to the Polisario independence movement,5.0,Western Sahara,the border between the desert territory and Mauritania,,,26.013033,-12.096408,POINT (-12.096408 26.013033),167376.0,Morocco,600.0,Africa,1.0,1.0,2022-04-10,2022-04-10 00:00:00.000,0.0,0.0,0.0,3.0,3.0,3.0,3.0,600.0,
1038710239,"استجابة لأسئلتكم: 8 معلومات مهمة عن البوليساريو وقضية الصحراء الغربية
  - Author, وليد بدران
  - Role, بي بي سي
- Published
وصل بي بي سي عربي العديد من أسئلة القراء حول البوليساريو وملف الصحراء الغربية، وبعد فحص وتدقيق هذه الأسئلة تم اختيار 8 منها تلقي الإجابات عليها الضوء على جوانب عديدة لهذه المسألة.
ما هي جبهة البوليساريو؟
اسم البوليساريو انتقاء للحروف الأولى لعبارة اسبانية تعني: ""الجبهة الشعبية لتحرير الساقية الحمراء ووادي الذهب"".
تأسست الجبهة في 20 مايو/ أيار 1973 بهدف إقامة دولة مستقلة في الصحراء الغربية.
بدأ النشاط العسكري للبوليساريو أثناء الاستعمار الإسباني للمنطقة وقد تلقت مساعدات من ليبيا والجزائر.
أعلنت ما بين 1975 و1976 تأسيس ""الجمهورية العربية الصحراوية الديمقراطية""، وشكلت حكومة في منطقة تندوف بأقصى الجنوب الجزائري.
ما هي تفاصيل قضية الصحراء الغربية؟
الصحراء الغربية منطقة شاسعة تقع شمال غربي افريقيا ومساحتها حوالي 266 ألف كيلومتر مربع، ويدير المغرب نحو 80 بالمئة منها والباقي تديره جبهة البوليساريو.
وتشير التقديرات إلى أن عدد السكان حوالي نصف مليون يتوزعون على المدن الرئيسية في المنطقة، التي خضعت للاستعمار الإسباني في الفترة الممتدة من 1884 إلى 1976 وبعد خروجه تنازع السيادة عليها المغرب وجبهة البوليساريو.
فقد صعدت الجبهة من وتيرة عملياتها وقامت بالتحريض على المظاهرات المطالبة بالاستقلال، بينما اتجه المغرب وموريتانيا إلى محكمة العدل الدولية.
وفي 16 أكتوبر/تشرين الأول 1975 أعلن المغرب تنظيمه ""المسيرة الخضراء"" باتجاه منطقة الصحراء، وفي يناير/كانون الثاني 1976 تم الإعلان عن قيام ""الجمهورية العربية الصحراوية الديمقراطية"" بدعم من الجزائر.
وقد قام المغرب بدءا من ثمانينيات القرن الماضي ببناء جدار رملي حول مدن السمارة والعيون وبوجدور لعزل المناطق الصحراوية الغنية بالفوسفات والمدن الصحراوية الأساسية، وجعل هذا الجدار أهم الأراضي الصحراوية في مأمن من هجمات البوليساريو.
وتعزز موقف المغرب بتخلي ليبيا منذ 1984 عن دعم البوليساريو وانشغال الجزائر بأزمتها الداخلية.
لماذا تدعم الجزائر البوليساريو؟
تقول الجزائر إن دعمها للبوليساريو مسألة مبدأ مثل دعمها لنيلسون مانديلا في جنوب أفريقيا من قبل ودعمها للقضية الفلسطينية، بينما يرى بعض المراقبين أن العلاقة بين الجزائر والجبهة باتت تاريخية كما أن الجبهة أصبحت جزءا من شبكة الحلول الأمنية الجزائرية.
في حين يقول الضابط الجزائري السابق، أنور مالك إن سبب هذا الدعم الجزائري لا يتعلق بما تعلنه الجزائر من ""عدالة القضية"" فقط، ""بل لأن الجزائر وجدت فرصة لتصفية حسابات قديمة ومتجددة مع المغرب، حيث إن له أطماع معروفة في الصحراء الجزائرية وأيضا توجد منافسة على الزعامة في المغرب العربي"".
ما هو دور منظمة الاتحاد الأفريقي لتسوية القضية؟
كانت منظمة الوحدة الأفريقية أول من بادر للبحث عن تسوية للقضية، وخاصة في مؤتمرها التاسع عشر المنعقد بأديس أبابا عام 1983. لكن انسحاب المغرب عام 1984 من المنظمة عندما اعترفت بـ""الجمهورية العربية الصحراوية"" عرقل مساعيها.
وقد لعبت الجزائر دورا بارزا في دعم قضية استقلال الصحراء الغربية على المسرح السياسي الدولي وفي هذا الإطار جاء اعتراف منظمة الوحدة الأفريقية بالحكومة الصحراوية.
واستمر غياب المغرب عن المنظمة حتى عاد إلى عضوية الاتحاد الإفريقي في يوليو/تموز عام 2016 رغم استمرار اعتراف الاتحاد بالجبهة، لكن عودة المغرب كان لها أسبابها المرتبطة بالواقع السياسي والاقتصادي للمنطقة.
ما هو دور الأمم المتحدة للتوصل إلى حل للمشكلة؟
منذ عام 1988 طرحت الأمم المتحدة حلولا متنوعة للقضية شملت الاستفتاء الذي كان مطروحا خلال ثمانينيات القرن الماضي والذي كان سيؤدي إلى أحد خيارين، الأول الانضمام للمغرب وهو أمر ترفضه البوليساريو ، والثاني الانفصال عنه وتكوين دولة الصحراء الغربية المستقلة وهو أمر غير مقبول للمغرب.
وقد قامت الأمم المتحدة بوضع الترتيبات الكاملة لتنظيم عملية الاستفتاء بدءا بإقرار وقف إطلاق النار بين الجانبين 1991، لكن عملية الاستفتاء تعطلت بسبب عدم الاتفاق على من يحق له المشاركة فيه.
وكان هناك اقتراح منح الصحراء الغربية حكما ذاتيا واسعا تحت الإدارة المغربية، فرفضت البوليساريو الاقتراح وتضامنت معها الجزائر في حين وافق المغرب.
وطرح كوفي أنان الأمين العام السابق للأمم المتحدة خيار التقسيم حلا رابعا عام 2002 على أن يكون للمغرب الثلثان وللبوليساريو الثلث، فرفض المغرب.
وفي عام 1991، بدأت الأمم المتحدة مراقبة اتفاق وقف إطلاق النار في الصحراء الغربية.
وهدد المغرب في عام 2016 بعدم السماح لقوات حفظ السلام التابعة للأمم المتحدة العاملة في الصحراء الغربية بعد أن استخدم الأمين العام للمنظمة الدولية أنطونيو غوتيرس، خلال زيارته لمدينة تندوف، تعبير ""الاحتلال"" في إشارة إلى ضم المغرب لمنطقة الصحراء بعد انسحاب الاستعمار الاسباني عام 1975.
ما هو دور الولايات المتحدة في القضية؟
عبرت الولايات المتحدة مرارا عن مساندتها للخطة التي طرحها المغرب لمنح الصحراء الغربية حكما ذاتيا، معتبرة الخطة ""واقعية وذات مصداقية.""
وكانت الرباط قد طرحت في عام 2007 خطة تمنح الصحراء بموجبها قدرا كبيرا من الحكم الذاتي ولكن مع الاحتفاظ برموز السيادة المغربية كالعلم والنشيد الوطني والعملة المغربية.
ما هي أبعاد الأزمة الإنسانية في المنطقة؟
تعتبر أزمة الصحراء الغربية واحدة من أطول الصراعات السياسية والانسانية في العالم.
لجأ خلال هذه الحرب الكثير من الصحراويين إلى الجزائر حيث يقيمون في مخيمات منذ عقود.
ويتباين تقدير عددهم حيث ينسب موقع المفوضية العليا لشؤون اللاجئين للحكومة الجزائرية القول إنه يوجد 165 ألف لاجئ صحراوي في المخيمات الخمس الموجودة قرب تندوف في حين تشير بعض وكالات الأمم المتحدة إلى أن العدد يتراوح بين 90 و125 ألف لاجئ.
وتشير وكالات الأمم المتحدة إلى أن هؤلاء اللاجئين يعيشون في ظل ظروف صعبة.
من يقود البوليساريو؟
تولى رئاسة الجبهة مصطفى سيد الوالي الرقيبي لمدة ثلاث سنوات منذ تأسيسها عام 1973 حتى مقتله في 9 يونيو/ حزيران 1976 خلال هجوم على العاصمة الموريتانية نواكشوط، فخلفه محمد عبد العزيز أمينا عاما للجبهة ورئيساً لمجلس قيادة الثورة من أغسطس/ آب 1976 حتى وفاته في مايو/أيار عام 2016 عندما تولى إبراهيم غالي.",success,20220410,MOROCCO,AUTHORITIES,MAR,,190,4,-10.0,-1.3727560718057,26.1147,-14.3892,4,https://www.bbc.com/arabic/middleeast-44023401,www.bbc.com,False,False,2022-04-10,436462.0,MOR-2022-1-721-3,2022.0,False,Clear,1.0,331.0,331.0,Morocco: Sahrawi Arab Democratic Republic (Western Sahara),721.0,721.0,Government of Morocco - POLISARIO,108.0,108.0,Government of Morocco,563.0,563.0,POLISARIO,1.0,"""Agence France Presse,2022-04-12,Algeria accuses Morocco of killing 3 on edge of W. Sahara""",Agence France Presse,2022-04-12,Algeria accuses Morocco of killing 3 on edge of W. Sahara,Media linked to the Polisario independence movement,5.0,Western Sahara,the border between the desert territory and Mauritania,,,26.013033,-12.096408,POINT (-12.096408 26.013033),167376.0,Morocco,600.0,Africa,1.0,1.0,2022-04-10,2022-04-10 00:00:00.000,0.0,0.0,0.0,3.0,3.0,3.0,3.0,600.0,
1038725690,"RT.com
              
10 Apr 2022, 20:46 GMT+10
With Israel's normalization, the feud between Algeria and Morocco is escalating
Dubbed North Africa's new 'Cold War', the tensions between Morocco and neighboring Algeria threaten to escalate and the consequences of this have a lot more to do with Western meddling in the affairs of the two countries than meets the eye.
In August 2021, Algeria's foreign minister, Ramdane Lamamra, announced that Algiers was severing all diplomatic ties with Rabat. ""The Moroccan kingdom has never stopped its hostile actions against Algeria,"" he stated at a press conference at the time. Algeria justified its move further by citing examples, such as Morocco using the Israeli Pegasus spyware against Algerian officials, supporting terrorists groups, failing to uphold bilateral commitments, the normalisation of ties with Israel, and refusing to engage diplomatically on the Western Sahara issue. Rabat has denied most of the charges laid out against it by the Algerian government.
Tensions again escalated on October 31, when Algerian President Abdelmadjid Tebboune announced the end of their gas supply contract with Rabat. This led to a reported shortage of gas in both Morocco and also Spain, which had previously received gas supplies through the Gazoduc Maghreb Europe (GME) pipeline, despite claims made by Moroccan officials that the move would have little impact. The following day, alleged drone strikes carried out by Morocco directly targeted clearly marked Algerian trucks near the Mauritanian border with the disputed Western Sahara region. The ""barbaric attack,"" as described by Ennahar, Algeria's national broadcaster, killed 3 Algerians and generated a large outpour of rage from the Algerian government.
Although many of the accusations made against Morocco by Algeria have been strongly denied, they nonetheless have a real impact on public perception of the two sides. An example of such allegations is an announcement on October 13 in which Algerian state-media claimed that the ""General Directorate of National Security managed to thwart a conspiracy plot that dates back to 2014"" [sic]. To blame for the attack, according to the authorities, was ""the Zionist entity [Israel]"" and a ""North African country,"" broadly interpreted to have meant Morocco.
What's interesting here is that the conflict between Morocco and Algeria has not just been limited to affecting Rabat and Algiers alone, but has also implicated several other players; notably France, Israel, Spain, and the Polisario Front that represents the national liberation movement for the Sahrawi people.
To get to know more about this conflict, I spoke to Zine Labidine Ghebouli, an analyst and researcher who specializes in the political and security dynamics of Algeria. Ghebouli says that the 'Cold War of North Africa' ""has already erupted,"" claiming that this war will manifest itself in three main ways; the battle for regional supremacy, a propaganda war, and the persecution of dissenting voices. He said that ""first you are going to have them [Algeria and Morocco] seeking regional supremacy, through the arms race that we have been seeing for nearly a decade now, but also through the diplomatic race. Morocco obviously normalized relations with Israel so it's expanding its diplomatic influence. Algeria, on the other hand, is trying to devise diplomatic efforts and we have seen the visits of Foreign Minister Ramdane Lamamra to the Gulf and also to many African countries ... so that's the first way that will make either Algiers or Rabat as the leading regional power.""
On the second point of escalation, he states that ""you have the war of propaganda,"" which ""we have been seeing from the official Algerian authorities. Obviously, there are some pro-Moroccan websites that also spread disinformation about Algeria, but so far that hasn't been the stance of the official Moroccan authorities. On the other hand, Algeria mobilized both the official and unofficial media platforms to target Rabat and social issues in Morocco, economic issues, [and] political issues and we've seen a lot of propaganda recently.""
Zine Ghebouli then said, on the third way the war will manifest itself, ""you have the judicial prosecution of activists, journalists of Algerian origins who may be perceived by Algiers as assets to the Moroccan authorities, we've seen with the designation of both the MAK and Rashad movements [alleged Separatist groups] as terrorist organisations ... mainly with the MAK that it is [being accused of being] in contact with the Moroccan authorities to impose a security approach and this will continue, that anyone who is in contact with the Moroccan authorities will be designated as an enemy and will be treated as such.""
On February 20, thousands of demonstrators took to the streets of the Moroccan capital to protest rising fuel prices and an economic crisis they blame on the authorities. Similarly, Algeria witnessed a sharp economic decline, which has been going on ""since last summer, because Algeria banned the imports of several products, so that led to a scarcity of foods in supermarkets ... During the new year, the problem has been exacerbated by the economy of Algeria,"" Ghebouli says.
When asked whether he believes that the economic issues will exacerbate tensions, Zine said that ""to the Algerian side the socio-economic issues are perceived as a conspiracy against Algeria, by some regional powers and that even includes Morocco implicitly,"" going on to say that it's possible that economic decline ""could be perceived as an attack against Algeria.""
""In that sense, the more socio-economic issues we see in Algeria and also Morocco, the more tense the situation will be, because both governments will likely try to divert the attention from these socio-economic grievances to another, what's considered to them as an important issue, which is the security tensions. Basically, the idea is, the more we delve into the socio-economic issues, the more the tensions will increase, diplomatically and militarily.""
I then asked whether the signing of the Abraham Accords, or the normalization deal between Rabat and Tel Aviv, had been a factor in the recent escalation or if this is an overreach. He replied:
""When it comes to the normalization of Rabat with Tel Aviv, I think that was the last straw that broke the camel's back when it comes to the Algerian perception, whether popularly or officially, of the Moroccan authorities. Before this normalization, Algiers was considering that all issues with Morocco could be resolved at the table of discussions, or negotiations, however, now I am afraid with the normalization that was the tip of escalation as perceived by the Algerian authorities because they consider that Morocco is taking Israel's support with its war with Algeria. In that sense, I think that more normalization will lead to more escalation with Algeria.""
""Algiers at this point does not consider Morocco as an independent state, they consider them as a tool for what they call the Zionist project in North Africa and Algiers feels especially targeted by the normalization move, and some opinions, whether in the military institutions in Algeria or in the political scene, they do consider that it is not Algeria that is targeting Israel or Morocco, but that Israel has put Algeria on its target list and so their problem now is not with Morocco, their main problem is with Israel and has always been with Israel.""
Whilst Rabat and Algiers have been in the crosshairs, tensions between Algeria and its former colonialist occupier France have also been brewing. Despite French President Emmanuel Macron condemning colonialism as a ""crime against humanity"" in 2017, last year Macron called into question Algeria's very legitimacy as a nation prior to French colonialism. He also accused Algeria's military establishment of fomenting ""hatred towards France"" and re-writing history, refusing to apologize for the devastating French occupation of Algerian lands. As a result, Algeria withdrew its ambassador to Paris. In October, the Algerian authorities also closed their airspace to the French military.
I asked Zine Ghebouli whether he believes that the recent international condemnation of human rights abuses committed in Algeria have directly resulted from the deterioration in ties between Algiers and Paris. Ghebouli says ""some reports have alluded that the new approach of the international community, vis-a-vis Algeria, is the consequence or collateral damage of the tensions with Morocco and France ... I believe that there has been some engagement from some French NGOs and political actors in putting more pressure on the Algerian government when it comes to human rights conditions in Algeria and also when it comes to socio-economic reforms and foreign policy.""
He noted that ""the International scrutiny was lacking throughout the past few years, especially since the beginning of the protest movement in 2019. I think the international community did not want to intervene, it did not want to be there or assist [the protests] in any way, because of fear of the reaction of the Algerian authorities and also because of the post-colonial skepticism and paranoia of the Algerian society at large.""
Yet, according to Ghebouli, ""The international community has reached a consensus or at least a conclusion at this point, seeing the geo-political context, seeing the emerging tensions between the two countries, seeing also the situation in the Sahel [North Africa] and the instability across the region. I think the international community today considers that giving a green pass to the Algerian authorities on everything and anything does not serve the purpose of stability in the region.""
For Morocco, one of the primary concerns they have with Algeria is its consistent support for the Polisario Front, which operates in the Western Sahara area, which Morocco controls the large majority of. Frente Polisario, or the Polisario Front, is considered by Rabat as a terrorist organization and a security threat. Algiers sees it, however, as a national liberation movement and hosts its government in exile. The issue of the fight over Western Sahara is that it's considered both an occupied territory belonging to the native Sahrawi people by Polisario and an integral part of Morocco by the Kingdom's authorities in Rabat. The United Nations considers the territory disputed and the issue is important here, as one of the guarantees made by America's Trump administration, as part of the Israeli normalization package, was US recognition of Morocco's sovereignty over Western Sahara.
The Moroccan annexation of Western Sahara in 1975 led to a devastating war, ending with a ceasefire agreement in 1991, which held for the best part of 30 years, until November 13, 2020, when Polisario declared the ceasefire over. Roughly one month later, Rabat would normalize ties with Israel.
I spoke with Dr. Sidi Omar, the Polisario Front's ambassador to the United Nations, on their ongoing conflict with the Moroccan government. He said the following, when asked about some of the costs on the Sahrawi people of the ongoing conflict between the two sides:
""Human rights activists in particular are daily subjected to all sorts of violence and unspeakable atrocities without the world knowing about their plight. This is because of the media blackout imposed on Occupied Western Sahara that remains encircled by the 2700 kilometer-long Moroccan wall of shame, which is the second longest wall and the greatest military barrier in the world. The Moroccan occupying authorities have also been engaged in a large-scale scorched policy in Occupied Western Sahara. The policy, which is organized and implemented by the occupying security forces, includes destruction of houses and livelihoods, vandalism of properties, and the killing of livestock with the declared objective of uprooting Sahrawis from their homes and lands, which are given to Moroccan settlers. On the battlefield, the Moroccan forces have been using all types of weapons, including unmanned aerial vehicles (UAVs), to callously kill not only Sahrawi civilians but also civilians and nationals of neighboring countries while in transit through the Sahrawi Liberated Territories [Western Saharan territories held by Polisario].""
Ambassador Omar blamed Morocco's expansionist aspirations, when asked about the recent deterioration in ties between Rabat and Algiers, and said that since the conflict between the two sides, ""We [the Sahrawi people] are being subjected to a new Moroccan aggression, which is a continuation of the same expansionist policy pursued by Morocco, whose aim is to annihilate our people and seize our land.""
""In addition to the continued illegal occupation of parts of Western Sahara, Morocco's expansionism and aggressiveness show the extent to which the Moroccan regime owes its own survival to territorial conquest as a tool to divert attention from its deep-rooted domestic legitimacy crisis. Morocco's expansionism is therefore the root cause of the enduring tension in North Africa and the main obstacle to the achievement of a united, prosperous, and inclusive Maghreb that brings together all its nations and peoples,"" Omar stated.
Polisario's Sidi Omar also claimed that Israeli weapons are being used to kill civilians in Western Sahara, stating: ""As for the consequences of Morocco's 'normalization' deal with Israel, we have already seen an increase of military cooperation between the two countries, especially in the light of the ongoing war of aggression unleashed by Morocco on our people since November 2020. Israeli-made unmanned aerial vehicles (UAVs) have been frequently used by Moroccan forces to kill not only Sahrawi civilians but also civilians and nationals of neighboring countries.""
Dr. Omar also voiced frustration over the normalization deal between Israel and Morocco, adding that ""it is also well known that, as a quid pro quo for the deal, the outgoing US president, Donald Trump, made a proclamation declaring [the] United States' recognition of 'Moroccan sovereignty over Western Sahara' and the intention to open an American consulate in the Sahrawi occupied city of Dajla (Dakhla). Obviously, this unilateral proclamation violates basic principles of international law, distances itself from the traditional US policy regarding Western Sahara and breaks a longstanding position on the right of self-determination of the Sahrawi people. It also infringes on the sovereignty and territorial integrity of the SADR [Sahrawi Arab Democratic Republic] and hampers the UN and AU efforts to achieve a peaceful solution to the question of Western Sahara. Consequently, the proclamation is null and void and has no effect whatsoever.""
Morocco continues to tighten its ties with Tel Aviv, purchasing Israel's Barak MX air defense systems and recently striking a deal with Israel to boost economic ties. Israeli Economy Minister Orna Barbivai signed a trade and investment cooperation agreement with her Moroccan counterpart on February 21, hoping to boost trade to 500 million dollars annually. Israel's NewMed Energy company ""is looking into the energy market in Morocco. Specifically natural gas exploration opportunities,"" according to its chief executive, Yossi Abu. All making it clear that the relationship between the two countries is not going anywhere anytime soon.
A major issue, of course, is how this tightening relationship will end up faring in the long run and whether it serves regional security or not. Certainly from the Algerian government's point of view, normalization serves the very opposite goal and its opposition to Morocco based upon this may well complicate the standing of Algiers in the West.
Another issue that has to be analyzed is how Morocco ended up here. It is clear that the deal it signed with Israel came with certain gifts, but it has also become clear that it may have come with certain pressures too, principally from the United Arab Emirates and the United States. In February 2020, the UAE signed a $2 billion investment in facilities in Mauritania. Rabat was enraged by the investment in its southern neighbors' port facilities at Nouadhibou. It believed that this investment by Abu Dhabi would pose a threat to its own Dakhla Port and Tangier Med projects. In March of that year, Morocco withdrew its ambassador to the UAE, sparking a feud that was followed by many accusations of Emirati pressure tactics being used against Rabat, one of which was an accusation that the UAE were backing its arch-enemy, the Polisario Front, however there is no evidence to support this claim.
Suddenly, for reasons publicly unknown, the UAE decided to perform a one hundred and eighty degree shift and became the first ever Arab country to open a consulate in the Moroccan controlled Western Sahara, in October of 2020. Then, less than a month later, the Polisario Front declared the end of their ceasefire with Rabat. The normalization deals announcement came the following month and with it the US recognition of Moroccan sovereignty over the Western Sahara, breaking from the international consensus. This information at the very least suggests that Morocco perhaps did not go so willingly into the normalization agreements and had external pressure applied upon it in order to pressure Rabat into the move. It is not an absolute that the above stated reasons are the sole motivators, but it is likely that they played a role to some degree.
As was the case during the Cold War itself, since Morocco was on the side of the West, whereas Algeria sided with the East. We now see renewed efforts by the Algerian government to align themselves with Global South liberation causes and, equally, Algiers currently maintains a friendly relationship with Russia. Interestingly, Algeria also set up a meeting in order to discuss the future of the Palestinian liberation movement and invited all key political parties, including the likes of Hamas, the PFLP, the DFLP, and Palestinian Islamic Jihad. As Algeria aligns itself further with the Palestinian people in their fight for statehood, so too does the Polisario Front.
In response to the question of whether Polisario is seeking greater ties with Palestinians in their struggle for self determination, Polisario's ambassador told me that, ""Efforts are ongoing to reinforce and diversify ties between the two peoples as they continue their national liberation struggles for freedom and peace."" He also added that, ""The struggles waged by peoples under foreign occupation are morally and politically connected because they defend fundamental human and peoples' rights.""
All of this seems to indicate a clear alignment on a pro- and anti-Western axis when it comes to Algeria and Morocco, but whether this feud between the two and the war over Western Sahara will escalate, or simmer down through diplomacy, is very much an open question. The answer to this question may ultimately prove whether Israel's presence in North Africa is toxic, or rather, in benefit of regional security as both Rabat and Tel Aviv claim.
Get a daily dose of Africa Leader news through our daily email, its complimentary and keeps you fully up to date with world and business news as well.
Publish news of your business, community or sports group, personnel appointments, major event and more by submitting a news release to Africa Leader.
More Information
ANDONG, South Korea: Wildfires in South Korea have doubled in size in just one day, making them the country's worst fire disaster....
WASHINGTON, D.C.: Boeing is now heading to trial this summer, after a U.S. judge unexpectedly set a date in the criminal fraud case...
RALEIGH/COLUMBIA: Dry weather, strong winds, and fallen trees from Hurricane Helene have sparked wildfires in North Carolina and South...
GENEVA,.Switzerland - The International Federation of Red Cross and Red Crescent Societies (IFRC) has expressed profound outrage following...
RIYADH, Saudi Arabia: Tesla is finally entering Saudi Arabia, with a launch scheduled for next month—marking a significant shift in...
BRUSSELS, Belgium: Apple appears to have dodged a major regulatory setback in Europe, following recent changes to how users select...
NEW YORK, New York - U.S. stock markets traded sideways on Tuesdays as investors weighed up the impact U.S. Preident Donald Trump's...
NEW YORK CITY, New York: A drop in mortgage rates and more housing inventory helped drive a surge in mortgage activity at Bank of America...
WASHINGTON, D.C.: U.S. President Donald Trump said this week he would work to see federal funding end for news outlets NPR and PBS....
LONDON/NEW YORK CITY: A cup of coffee could soon cost you a lot more. Roasters worldwide are warning of double-digit price hikes as...
NEW YORK, New York - Industrial stocks advanced while the tech sector was under considerable prressure Monday as Liberation Day, approaches....
BERLIN/DETROIT: Automakers worldwide are bracing for the impact of sweeping new U.S. tariffs that could reshape global vehicle production...",success,20220411,ALGERIA,,DZA,,190,4,-10.0,-4.61215932914047,25.0,-13.5,1,https://www.africaleader.com/news/272468723/cold-war-under-the-scorching-sun-how-a-new-conflict-is-brewing-in-africa,www.africaleader.com,True,False,2022-04-11,436462.0,MOR-2022-1-721-3,2022.0,False,Clear,1.0,331.0,331.0,Morocco: Sahrawi Arab Democratic Republic (Western Sahara),721.0,721.0,Government of Morocco - POLISARIO,108.0,108.0,Government of Morocco,563.0,563.0,POLISARIO,1.0,"""Agence France Presse,2022-04-12,Algeria accuses Morocco of killing 3 on edge of W. Sahara""",Agence France Presse,2022-04-12,Algeria accuses Morocco of killing 3 on edge of W. Sahara,Media linked to the Polisario independence movement,5.0,Western Sahara,the border between the desert territory and Mauritania,,,26.013033,-12.096408,POINT (-12.096408 26.013033),167376.0,Morocco,600.0,Africa,1.0,1.0,2022-04-10,2022-04-10 00:00:00.000,0.0,0.0,0.0,3.0,3.0,3.0,3.0,600.0,
1038890737,"Sahara occidental: le revirement diplomatique de Madrid met à mal ses relations avec Alger
L'annonce de la suspension de tout contact du Front Polisario avec le gouvernement espagnol intervient moins d'un mois après un virage historique pris par l'Espagne sur le dossier hautement sensible du Sahara occidental. Madrid, qui affichait jusqu'ici sa neutralité, s'aligne sur le positionnement marocain après avoir annoncé publiquement son soutien au plan d'autonomie marocain. Un virage qui suscite de nombreuses réactions sur le plan national et internationale, notamment avec l'Algérie.
Publié le :
C'est un camouflet pour le chef du gouvernement, Pedro Sanchez. Le Congrès des députés espagnols a voté avec une large majorité pour s'aligner sur les résolutions des Nations unies et marquer les distances avec le plan d'autonomie proposé par le Maroc pour résoudre le conflit du Sahara occidental.
Une majorité des partis politiques prend position contre ce revirement historique du gouvernement espagnol et les critiques de la société civile sont nombreuses, mais Pedro Sanchez maintient le cap et décide de faire cavalier seul.
Nouvelle crise avec Alger
D'un point de vue diplomatique, si l'Espagne met fin à une crise avec le Maroc, elle en débute une autre avec l'Algérie.
Alger a déjà pris des sanctions contre Madrid. Le gouvernement a suspendu le rapatriement d'immigrés irréguliers sur le territoire algériens, a récemment réduit la fréquence des vols de la compagnie aérienne Iberia pour les vols entre Madrid et Alger, a rappelé son ambassadeur et projette d'augmenter les prix du gaz délivré à l'Espagne.
Les relations entre les deux pays se sont donc brusquement détériorées. Mais du point de vue espagnol, le pouvoir de nuisance algérien est moindre comparé à celui que peut avoir le royaume chérifien.
Deux frappes aériennes marocaines
Deux frappes aériennes marocaines ont par ailleurs touché des véhicules civils au Sahara occidental ce vendredi. Le front Polisario, le mouvement indépendantiste sahraoui, l'a annoncé ce week-end par son agence de presse.
Selon une source sécuritaire mauritanienne, la première frappe a eu lieu à une vingtaine de kilomètres de la frontière mauritanienne, vers Aïn Ben Tili. Deux camions algériens ont été visés. Il n'y a pas eu de victimes. Les conducteurs récupérés par l'armée mauritanienne, ont été ramenés en Algérie. La deuxième frappe a visé un convoi de voitures. Au moins trois civils sahraouis ont été tués et les survivants ont pu rejoindre Aïn Ben Tili dans la soirée
    L'Espagne a voulu mettre un terme à la crise avec le Maroc qui avait débuté il y a 15 mois et qui lui compliquait la vie notamment en matière migratoire dans les villes de Ceuta et Melila et puis surtout aux Canaries.
Ignacio Cembrero, journaliste et écrivain
NewsletterRecevez toute l'actualité internationale directement dans votre boite mail
Je m'abonne",success,20220411,MOROCCAN,CIVILIAN,MAR,,195,4,-10.0,-4.01069518716578,25.0,-13.5,1,https://www.rfi.fr/fr/afrique/20220411-sahara-occidental-le-revirement-diplomatique-de-madrid-met-%C3%A0-mal-ses-relations-avec-alger,www.rfi.fr,True,False,2022-04-11,436462.0,MOR-2022-1-721-3,2022.0,False,Clear,1.0,331.0,331.0,Morocco: Sahrawi Arab Democratic Republic (Western Sahara),721.0,721.0,Government of Morocco - POLISARIO,108.0,108.0,Government of Morocco,563.0,563.0,POLISARIO,1.0,"""Agence France Presse,2022-04-12,Algeria accuses Morocco of killing 3 on edge of W. Sahara""",Agence France Presse,2022-04-12,Algeria accuses Morocco of killing 3 on edge of W. Sahara,Media linked to the Polisario independence movement,5.0,Western Sahara,the border between the desert territory and Mauritania,,,26.013033,-12.096408,POINT (-12.096408 26.013033),167376.0,Morocco,600.0,Africa,1.0,1.0,2022-04-10,2022-04-10 00:00:00.000,0.0,0.0,0.0,3.0,3.0,3.0,3.0,600.0,
1038725691,"RT.com
              
10 Apr 2022, 20:46 GMT+10
With Israel's normalization, the feud between Algeria and Morocco is escalating
Dubbed North Africa's new 'Cold War', the tensions between Morocco and neighboring Algeria threaten to escalate and the consequences of this have a lot more to do with Western meddling in the affairs of the two countries than meets the eye.
In August 2021, Algeria's foreign minister, Ramdane Lamamra, announced that Algiers was severing all diplomatic ties with Rabat. ""The Moroccan kingdom has never stopped its hostile actions against Algeria,"" he stated at a press conference at the time. Algeria justified its move further by citing examples, such as Morocco using the Israeli Pegasus spyware against Algerian officials, supporting terrorists groups, failing to uphold bilateral commitments, the normalisation of ties with Israel, and refusing to engage diplomatically on the Western Sahara issue. Rabat has denied most of the charges laid out against it by the Algerian government.
Tensions again escalated on October 31, when Algerian President Abdelmadjid Tebboune announced the end of their gas supply contract with Rabat. This led to a reported shortage of gas in both Morocco and also Spain, which had previously received gas supplies through the Gazoduc Maghreb Europe (GME) pipeline, despite claims made by Moroccan officials that the move would have little impact. The following day, alleged drone strikes carried out by Morocco directly targeted clearly marked Algerian trucks near the Mauritanian border with the disputed Western Sahara region. The ""barbaric attack,"" as described by Ennahar, Algeria's national broadcaster, killed 3 Algerians and generated a large outpour of rage from the Algerian government.
Although many of the accusations made against Morocco by Algeria have been strongly denied, they nonetheless have a real impact on public perception of the two sides. An example of such allegations is an announcement on October 13 in which Algerian state-media claimed that the ""General Directorate of National Security managed to thwart a conspiracy plot that dates back to 2014"" [sic]. To blame for the attack, according to the authorities, was ""the Zionist entity [Israel]"" and a ""North African country,"" broadly interpreted to have meant Morocco.
What's interesting here is that the conflict between Morocco and Algeria has not just been limited to affecting Rabat and Algiers alone, but has also implicated several other players; notably France, Israel, Spain, and the Polisario Front that represents the national liberation movement for the Sahrawi people.
To get to know more about this conflict, I spoke to Zine Labidine Ghebouli, an analyst and researcher who specializes in the political and security dynamics of Algeria. Ghebouli says that the 'Cold War of North Africa' ""has already erupted,"" claiming that this war will manifest itself in three main ways; the battle for regional supremacy, a propaganda war, and the persecution of dissenting voices. He said that ""first you are going to have them [Algeria and Morocco] seeking regional supremacy, through the arms race that we have been seeing for nearly a decade now, but also through the diplomatic race. Morocco obviously normalized relations with Israel so it's expanding its diplomatic influence. Algeria, on the other hand, is trying to devise diplomatic efforts and we have seen the visits of Foreign Minister Ramdane Lamamra to the Gulf and also to many African countries ... so that's the first way that will make either Algiers or Rabat as the leading regional power.""
On the second point of escalation, he states that ""you have the war of propaganda,"" which ""we have been seeing from the official Algerian authorities. Obviously, there are some pro-Moroccan websites that also spread disinformation about Algeria, but so far that hasn't been the stance of the official Moroccan authorities. On the other hand, Algeria mobilized both the official and unofficial media platforms to target Rabat and social issues in Morocco, economic issues, [and] political issues and we've seen a lot of propaganda recently.""
Zine Ghebouli then said, on the third way the war will manifest itself, ""you have the judicial prosecution of activists, journalists of Algerian origins who may be perceived by Algiers as assets to the Moroccan authorities, we've seen with the designation of both the MAK and Rashad movements [alleged Separatist groups] as terrorist organisations ... mainly with the MAK that it is [being accused of being] in contact with the Moroccan authorities to impose a security approach and this will continue, that anyone who is in contact with the Moroccan authorities will be designated as an enemy and will be treated as such.""
On February 20, thousands of demonstrators took to the streets of the Moroccan capital to protest rising fuel prices and an economic crisis they blame on the authorities. Similarly, Algeria witnessed a sharp economic decline, which has been going on ""since last summer, because Algeria banned the imports of several products, so that led to a scarcity of foods in supermarkets ... During the new year, the problem has been exacerbated by the economy of Algeria,"" Ghebouli says.
When asked whether he believes that the economic issues will exacerbate tensions, Zine said that ""to the Algerian side the socio-economic issues are perceived as a conspiracy against Algeria, by some regional powers and that even includes Morocco implicitly,"" going on to say that it's possible that economic decline ""could be perceived as an attack against Algeria.""
""In that sense, the more socio-economic issues we see in Algeria and also Morocco, the more tense the situation will be, because both governments will likely try to divert the attention from these socio-economic grievances to another, what's considered to them as an important issue, which is the security tensions. Basically, the idea is, the more we delve into the socio-economic issues, the more the tensions will increase, diplomatically and militarily.""
I then asked whether the signing of the Abraham Accords, or the normalization deal between Rabat and Tel Aviv, had been a factor in the recent escalation or if this is an overreach. He replied:
""When it comes to the normalization of Rabat with Tel Aviv, I think that was the last straw that broke the camel's back when it comes to the Algerian perception, whether popularly or officially, of the Moroccan authorities. Before this normalization, Algiers was considering that all issues with Morocco could be resolved at the table of discussions, or negotiations, however, now I am afraid with the normalization that was the tip of escalation as perceived by the Algerian authorities because they consider that Morocco is taking Israel's support with its war with Algeria. In that sense, I think that more normalization will lead to more escalation with Algeria.""
""Algiers at this point does not consider Morocco as an independent state, they consider them as a tool for what they call the Zionist project in North Africa and Algiers feels especially targeted by the normalization move, and some opinions, whether in the military institutions in Algeria or in the political scene, they do consider that it is not Algeria that is targeting Israel or Morocco, but that Israel has put Algeria on its target list and so their problem now is not with Morocco, their main problem is with Israel and has always been with Israel.""
Whilst Rabat and Algiers have been in the crosshairs, tensions between Algeria and its former colonialist occupier France have also been brewing. Despite French President Emmanuel Macron condemning colonialism as a ""crime against humanity"" in 2017, last year Macron called into question Algeria's very legitimacy as a nation prior to French colonialism. He also accused Algeria's military establishment of fomenting ""hatred towards France"" and re-writing history, refusing to apologize for the devastating French occupation of Algerian lands. As a result, Algeria withdrew its ambassador to Paris. In October, the Algerian authorities also closed their airspace to the French military.
I asked Zine Ghebouli whether he believes that the recent international condemnation of human rights abuses committed in Algeria have directly resulted from the deterioration in ties between Algiers and Paris. Ghebouli says ""some reports have alluded that the new approach of the international community, vis-a-vis Algeria, is the consequence or collateral damage of the tensions with Morocco and France ... I believe that there has been some engagement from some French NGOs and political actors in putting more pressure on the Algerian government when it comes to human rights conditions in Algeria and also when it comes to socio-economic reforms and foreign policy.""
He noted that ""the International scrutiny was lacking throughout the past few years, especially since the beginning of the protest movement in 2019. I think the international community did not want to intervene, it did not want to be there or assist [the protests] in any way, because of fear of the reaction of the Algerian authorities and also because of the post-colonial skepticism and paranoia of the Algerian society at large.""
Yet, according to Ghebouli, ""The international community has reached a consensus or at least a conclusion at this point, seeing the geo-political context, seeing the emerging tensions between the two countries, seeing also the situation in the Sahel [North Africa] and the instability across the region. I think the international community today considers that giving a green pass to the Algerian authorities on everything and anything does not serve the purpose of stability in the region.""
For Morocco, one of the primary concerns they have with Algeria is its consistent support for the Polisario Front, which operates in the Western Sahara area, which Morocco controls the large majority of. Frente Polisario, or the Polisario Front, is considered by Rabat as a terrorist organization and a security threat. Algiers sees it, however, as a national liberation movement and hosts its government in exile. The issue of the fight over Western Sahara is that it's considered both an occupied territory belonging to the native Sahrawi people by Polisario and an integral part of Morocco by the Kingdom's authorities in Rabat. The United Nations considers the territory disputed and the issue is important here, as one of the guarantees made by America's Trump administration, as part of the Israeli normalization package, was US recognition of Morocco's sovereignty over Western Sahara.
The Moroccan annexation of Western Sahara in 1975 led to a devastating war, ending with a ceasefire agreement in 1991, which held for the best part of 30 years, until November 13, 2020, when Polisario declared the ceasefire over. Roughly one month later, Rabat would normalize ties with Israel.
I spoke with Dr. Sidi Omar, the Polisario Front's ambassador to the United Nations, on their ongoing conflict with the Moroccan government. He said the following, when asked about some of the costs on the Sahrawi people of the ongoing conflict between the two sides:
""Human rights activists in particular are daily subjected to all sorts of violence and unspeakable atrocities without the world knowing about their plight. This is because of the media blackout imposed on Occupied Western Sahara that remains encircled by the 2700 kilometer-long Moroccan wall of shame, which is the second longest wall and the greatest military barrier in the world. The Moroccan occupying authorities have also been engaged in a large-scale scorched policy in Occupied Western Sahara. The policy, which is organized and implemented by the occupying security forces, includes destruction of houses and livelihoods, vandalism of properties, and the killing of livestock with the declared objective of uprooting Sahrawis from their homes and lands, which are given to Moroccan settlers. On the battlefield, the Moroccan forces have been using all types of weapons, including unmanned aerial vehicles (UAVs), to callously kill not only Sahrawi civilians but also civilians and nationals of neighboring countries while in transit through the Sahrawi Liberated Territories [Western Saharan territories held by Polisario].""
Ambassador Omar blamed Morocco's expansionist aspirations, when asked about the recent deterioration in ties between Rabat and Algiers, and said that since the conflict between the two sides, ""We [the Sahrawi people] are being subjected to a new Moroccan aggression, which is a continuation of the same expansionist policy pursued by Morocco, whose aim is to annihilate our people and seize our land.""
""In addition to the continued illegal occupation of parts of Western Sahara, Morocco's expansionism and aggressiveness show the extent to which the Moroccan regime owes its own survival to territorial conquest as a tool to divert attention from its deep-rooted domestic legitimacy crisis. Morocco's expansionism is therefore the root cause of the enduring tension in North Africa and the main obstacle to the achievement of a united, prosperous, and inclusive Maghreb that brings together all its nations and peoples,"" Omar stated.
Polisario's Sidi Omar also claimed that Israeli weapons are being used to kill civilians in Western Sahara, stating: ""As for the consequences of Morocco's 'normalization' deal with Israel, we have already seen an increase of military cooperation between the two countries, especially in the light of the ongoing war of aggression unleashed by Morocco on our people since November 2020. Israeli-made unmanned aerial vehicles (UAVs) have been frequently used by Moroccan forces to kill not only Sahrawi civilians but also civilians and nationals of neighboring countries.""
Dr. Omar also voiced frustration over the normalization deal between Israel and Morocco, adding that ""it is also well known that, as a quid pro quo for the deal, the outgoing US president, Donald Trump, made a proclamation declaring [the] United States' recognition of 'Moroccan sovereignty over Western Sahara' and the intention to open an American consulate in the Sahrawi occupied city of Dajla (Dakhla). Obviously, this unilateral proclamation violates basic principles of international law, distances itself from the traditional US policy regarding Western Sahara and breaks a longstanding position on the right of self-determination of the Sahrawi people. It also infringes on the sovereignty and territorial integrity of the SADR [Sahrawi Arab Democratic Republic] and hampers the UN and AU efforts to achieve a peaceful solution to the question of Western Sahara. Consequently, the proclamation is null and void and has no effect whatsoever.""
Morocco continues to tighten its ties with Tel Aviv, purchasing Israel's Barak MX air defense systems and recently striking a deal with Israel to boost economic ties. Israeli Economy Minister Orna Barbivai signed a trade and investment cooperation agreement with her Moroccan counterpart on February 21, hoping to boost trade to 500 million dollars annually. Israel's NewMed Energy company ""is looking into the energy market in Morocco. Specifically natural gas exploration opportunities,"" according to its chief executive, Yossi Abu. All making it clear that the relationship between the two countries is not going anywhere anytime soon.
A major issue, of course, is how this tightening relationship will end up faring in the long run and whether it serves regional security or not. Certainly from the Algerian government's point of view, normalization serves the very opposite goal and its opposition to Morocco based upon this may well complicate the standing of Algiers in the West.
Another issue that has to be analyzed is how Morocco ended up here. It is clear that the deal it signed with Israel came with certain gifts, but it has also become clear that it may have come with certain pressures too, principally from the United Arab Emirates and the United States. In February 2020, the UAE signed a $2 billion investment in facilities in Mauritania. Rabat was enraged by the investment in its southern neighbors' port facilities at Nouadhibou. It believed that this investment by Abu Dhabi would pose a threat to its own Dakhla Port and Tangier Med projects. In March of that year, Morocco withdrew its ambassador to the UAE, sparking a feud that was followed by many accusations of Emirati pressure tactics being used against Rabat, one of which was an accusation that the UAE were backing its arch-enemy, the Polisario Front, however there is no evidence to support this claim.
Suddenly, for reasons publicly unknown, the UAE decided to perform a one hundred and eighty degree shift and became the first ever Arab country to open a consulate in the Moroccan controlled Western Sahara, in October of 2020. Then, less than a month later, the Polisario Front declared the end of their ceasefire with Rabat. The normalization deals announcement came the following month and with it the US recognition of Moroccan sovereignty over the Western Sahara, breaking from the international consensus. This information at the very least suggests that Morocco perhaps did not go so willingly into the normalization agreements and had external pressure applied upon it in order to pressure Rabat into the move. It is not an absolute that the above stated reasons are the sole motivators, but it is likely that they played a role to some degree.
As was the case during the Cold War itself, since Morocco was on the side of the West, whereas Algeria sided with the East. We now see renewed efforts by the Algerian government to align themselves with Global South liberation causes and, equally, Algiers currently maintains a friendly relationship with Russia. Interestingly, Algeria also set up a meeting in order to discuss the future of the Palestinian liberation movement and invited all key political parties, including the likes of Hamas, the PFLP, the DFLP, and Palestinian Islamic Jihad. As Algeria aligns itself further with the Palestinian people in their fight for statehood, so too does the Polisario Front.
In response to the question of whether Polisario is seeking greater ties with Palestinians in their struggle for self determination, Polisario's ambassador told me that, ""Efforts are ongoing to reinforce and diversify ties between the two peoples as they continue their national liberation struggles for freedom and peace."" He also added that, ""The struggles waged by peoples under foreign occupation are morally and politically connected because they defend fundamental human and peoples' rights.""
All of this seems to indicate a clear alignment on a pro- and anti-Western axis when it comes to Algeria and Morocco, but whether this feud between the two and the war over Western Sahara will escalate, or simmer down through diplomacy, is very much an open question. The answer to this question may ultimately prove whether Israel's presence in North Africa is toxic, or rather, in benefit of regional security as both Rabat and Tel Aviv claim.
Get a daily dose of Africa Leader news through our daily email, its complimentary and keeps you fully up to date with world and business news as well.
Publish news of your business, community or sports group, personnel appointments, major event and more by submitting a news release to Africa Leader.
More Information
ANDONG, South Korea: Wildfires in South Korea have doubled in size in just one day, making them the country's worst fire disaster....
WASHINGTON, D.C.: Boeing is now heading to trial this summer, after a U.S. judge unexpectedly set a date in the criminal fraud case...
RALEIGH/COLUMBIA: Dry weather, strong winds, and fallen trees from Hurricane Helene have sparked wildfires in North Carolina and South...
GENEVA,.Switzerland - The International Federation of Red Cross and Red Crescent Societies (IFRC) has expressed profound outrage following...
RIYADH, Saudi Arabia: Tesla is finally entering Saudi Arabia, with a launch scheduled for next month—marking a significant shift in...
BRUSSELS, Belgium: Apple appears to have dodged a major regulatory setback in Europe, following recent changes to how users select...
NEW YORK, New York - U.S. stock markets traded sideways on Tuesdays as investors weighed up the impact U.S. Preident Donald Trump's...
NEW YORK CITY, New York: A drop in mortgage rates and more housing inventory helped drive a surge in mortgage activity at Bank of America...
WASHINGTON, D.C.: U.S. President Donald Trump said this week he would work to see federal funding end for news outlets NPR and PBS....
LONDON/NEW YORK CITY: A cup of coffee could soon cost you a lot more. Roasters worldwide are warning of double-digit price hikes as...
NEW YORK, New York - Industrial stocks advanced while the tech sector was under considerable prressure Monday as Liberation Day, approaches....
BERLIN/DETROIT: Automakers worldwide are bracing for the impact of sweeping new U.S. tariffs that could reshape global vehicle production...",success,20220411,ALGERIA,,DZA,,190,4,-10.0,-4.61215932914047,25.0,-13.5,1,https://www.africaleader.com/news/272468723/cold-war-under-the-scorching-sun-how-a-new-conflict-is-brewing-in-africa,www.africaleader.com,True,False,2022-04-11,436462.0,MOR-2022-1-721-3,2022.0,False,Clear,1.0,331.0,331.0,Morocco: Sahrawi Arab Democratic Republic (Western Sahara),721.0,721.0,Government of Morocco - POLISARIO,108.0,108.0,Government of Morocco,563.0,563.0,POLISARIO,1.0,"""Agence France Presse,2022-04-12,Algeria accuses Morocco of killing 3 on edge of W. Sahara""",Agence France Presse,2022-04-12,Algeria accuses Morocco of killing 3 on edge of W. Sahara,Media linked to the Polisario independence movement,5.0,Western Sahara,the border between the desert territory and Mauritania,,,26.013033,-12.096408,POINT (-12.096408 26.013033),167376.0,Morocco,600.0,Africa,1.0,1.0,2022-04-10,2022-04-10 00:00:00.000,0.0,0.0,0.0,3.0,3.0,3.0,3.0,600.0,
1038762903,"| Хроника |  |  |  | 
| На данашњи дан убијени Славко Ћурувија (1999) и Радован Стојичић Баџа (1997). 2002. Влајко Стојиљковић извршио самоубиство; 1713. потписан Утрехтски мир; Умрли Превер и Енвер Хоџа |  |  |  | 
| понедељак, 11. април 2022. |  | 
| БЕОГРАД - На данашњи дан 1713 - Потписан је Утрехтски мир између Британије, Португала, Пруске, Сардинске краљевине (Пијемонт), Француске, Холандије и Шпаније, којим је окончан Рат за шпанско наслеђе. Шпанија је приморана да Британији уступи Гибралтар, Аустрији данашњу Белгију, Милано и јужну Италију (Напуљско краљевство), а Пијемонту средоземно острво Сардинију. На престо Шпаније доведена је нова владарска породица Бурбона (француског порекла), која шпанским краљевством влада и данас. Данас је понедељак, 11. април, 101. дан 2022. До краја године има 264 дана. 1514 - Умро је италијански архитекта Донато Браманте, који је снажно утицао на ренесансну архитектуру. Пројектовао је бројне грађевине и реконструисао цркву Светог Петра у Ватикану. 1689 - Крунисан је енглески краљевски пар Вилијам IIIОрански и Мери II, после збацивања последњег краља из династије Стјуарт Џејмса II у ""Славној револуцији"" 1688. Мери II је кћерка Џејмса II, али је одбацила непопуларну очеву римокатоличку политику и снажно подржала Англиканску цркву. Током њихове владавине у Енглеској је учвршћен парламентаризам. 1755 - Рођен је енглески хирург и палеонтолог Џејмс Паркинсон, који је открио и описао нервну болест екстрапирамидалног система названу према њему. Први је описао апендицитис (запаљење слепог црева), објавио је више радова из медицине и палеонтолошко дело ""Органски остаци ранијег света"". 1772 - Рођен је шпански писац Мануел Хосе Кинтана, заљубљеник у класику и писац поезије са пролиберарном орјентацијом. Био је секретар побуњеничког покрета за независност у време владавине Шпанијом Наполеона I од 1808. до 1814. Дела: поетска ""Ода Шпанији"", ""Ода Падиљи"", ""Ода штампарији"", драме ""Пелајо"", ""Војвода од Висеа"", историјско дело ""Животи славних Шпанаца"", критика ""Правила драме"". 1814 - Француски цар Наполеон И абдицирао је после пораза у Русији, пада Париза и изгубљених битака код Лајпцига и Тулуза, после чега је прогнан на средоземно острво Елба, мада му је и даље формално признавана титула (као владар Елбе). 1826 - Рођен је барон Јован Живковић, правник, политичар, банкар, један од првака Срба у Аустроугарској.Гимназију је учио у Карловцима, а правне науке у Печују, Пожуну (Братислава) и Бечу. Учествовао је у припремама за Мајску скупштину Срба 1848. и у раду Благовештенског сабора 1861. Био је сремски поџупан, већник Банског стола и Стола седморице у Загребу (врховни суд) и посланик Сремске жупаније у Сабору у Загребу, као и председник Управног одбора Српске банке у Загребу, витез Реда гвоздене круне другог редаи Малтешког крста. 1842 - Београдски трговци браћа Герман окончали су градњу ""прве српске лађе"" - ""Књаз Михаило"". Био је то почетак нове српске речне флотиле. Српска речна флота пловила под поморском заставом Србије. Мајстори из Цариграда почели су градњу 1840. у Брзој Паланци на Дунаву. Брод је могао да се користи и у војне сврхе,на њему је било местаза 18 топова. 1884 - Умро је енглески писац Чарлс Рид, чији је обимни историјски роман ""Манастир и огњиште"" надахнут списима и животом холандског хуманисте Еразма Ротердамског. Написао је више романа са јасном поруком, у којима је подвргао оштрој критици енглески казнени систем и злоупотребе у лудницама. Остала дела: романи ""Никад није исувише касно"", ""У готову"", ""Грифит Гонт"". 1919 - Почела је да ради Међународна организација рада са средиштем у Женеви, која је после стварања УН постала једна од специјализованих агенција светске организације. 1945 - У Москви је у Другом светском рату Јосип Броз потписао Уговор о пријатељству, узајамној помоћи и сарадњи Југославије и Совјетског Савеза. Била је то прва његова службена посета једној савезничкој земљи после формирања привремене Владе Демократске Федеративне Југославије и међународног признања комунистичке власти у Југославији. 1961 - Пред израелским судом у Јерусалиму почело је суђење аустријском нацисти Адолфу Ајхману, шефу одељења у Гестапоу за уништење Јевреја и за немачке логоре у Другом светском рату. 1977 - Умро је француски писац Жак Анри Мари Превер, назван ""песник Париза"". Почео је под утицајем надреалиста, али је временом изградио оригиналан израз једноставне и сажете форме. Његову поезију карактерише револт, цинизам, исмевање ауторитета. Написао је више поетских сценарија, можда најлепших у француској кинематографији, за филмове режисера Марсела Карнеа ""Обала у магли"", ""Хотел Север"", ""Дан се рађа"", ""Љубавници из Вероне"", ""Деца раја"", ""Врата ноћи"". Дела: збирке песама ""Речи"", ""Велики пролећни бал"", ""Киша и лепо време"". 1979 - У главни град Уганде Кампалу ушле су снаге побуњеника као и трупе суседне Танзаније, приморавши Идија Амина да после осам година диктаторске владавине побегне у Либију. 1985 - Умро је Енвер Хоџа, шеф владајуће ""Партије рада Албаније"" од 1948. до смрти 1985. Између два светска рата био је секретар посланства Албаније у Бриселу. Један је од оснивача Комунистичке партије Албаније 1941. Подржавао је политику Информбироа од 1948. до 1956. и Стаљинов концепт власти, чак и после 20. конгреса Комунистичке партије Совјетског Савеза на којем су осуђени Стаљинови методи. Касније се ослонио на Пекинг. Изградио је бруталан и репресиван систем у својој земљи. Никада није крио територијалне претензије према територији Србије (Косово и Метохија), као и другим територијама тадашње Југославије. Прави је творац савременог великоалбанског пројекта. 1997 - У једном београдском ресторану убијен је Радован Стојичић ""Баџа"", начелник Ресора јавне безбедности Србије.Убица није никада откривен. 1999 - У центру Београда убијен је новинар Славко Ћурувија. Убиство никада није расветљено. 2002 - На улазу у здање Дома Народне Скупштине Србије (тадашње Скупштине СРЈ) у Београду, бивши министар унутрашњих послова Србије Влајко Стојиљковић извршио је самоубиство, непосредно пошто је и Веће грађана усвојило Закон о сарадњи с Хашким трибуналом. Смрт је званично констатована два дана касније. Хашки трибунал је током НАТО агресије у мају 1999. против Стојиљковића подигао оптужницу. 2002 - У експлозији камиона-бомбе, коју су активирали исламски терористи у близини древне синагоге Ел Гриба на туниском острву Ђерба, убијен је 21 човек, укључујући 14 Немачких туриста. 2005 - Умро је амерички микробиолог Морис Хилеман, пионир у истраживању многих вакцина, као што су вакцине против менингитиса и варичеле. Током вишедеценијског рада, Хилеман је допринео борби против болести које су до тада убијале или изазивале тешке последице код оболелих, као што су заушке, богиње, менингитис, упала плућа и хепатитис. 2007 - Најмање 33 особе погинуле су а 220 је повређено, у двема снажним експлозијама које су потресле алжирску престоницу. Једна бомба експлодирала је испред зграде владе а друга у Баб Езуару, на источној периферији града. Северноафрички огранак терористичке мреже Ал Каида, познат под називом ""Салафистичка група за проповедање и борбу"" преузео је одговорност. 2007 - Умро је амерички писац Курт Вонегат. Прославио се романима ""Кланица Пет"" и ""Колевка за мацу"", али се бавио и писањем позоришних комада, есеја и новела. Његови романи су 60-их и 70-их година 20. века били нека врста путоказа америчке контракултуре. 2009 - Умрла је Корин Тељадо, једна од најплоднијих и најчитанијих ауторки шпанског (кастиљанског) језика. Писала је такозвану лаку литературу љубавне садржине. Њена дела продата су укупном тиражу од чак 400 милиона примерака, чиме је постала најпродаванији шпански аутор после Сервантеса. Посебну популарност уживала је у Латинској Америци, где су према њеним делима снимани филмови и популарне тв серије, такозване ""сапунице"". 2011 - У експлозији бомбе на станици метроа у Минску, Белорусија, погинуло је 15 особа, а готово 300 је повређено. Терористицки акт догодио се на станици метроа ""Октобарска"" у самом центру Минска, на само 100 метара од резиденције председника те земље. Белоруске власти расветлиле су доцније позадину незапамћеног злочина у тој земљи и починиоци су кажњени. 2012 - Умро је Ахмед Бен Бела, први председник Алжира после стицања независности те земље и лидер борбе за ослобођење. Бен Бела који је захваљујући успешној борби постао један од симбола деколонизације био је председник Алжира од 1963. до 1965, када га је са власти срушио генерал Хуари Бумедиен. До 1980. налазио се у кућном притвору. Низ година је провео је у егзилу у Швајцарској, да би се у Алжир вратио у позним годинама. 2012 - Преминула је српска глумица Бранка Митић. Била је чланица позоришта у Сомбору, потом у Панчеву, одакле 1954. долази у Позориште на Теразијама (тада ""Београдска комедија""). Упамћена је по улогама: ""Зла жена"", ""Пут око света"", ""Мистер Долар"", ""Прича из западног кварта"", ""Заједнички стан"", ""Ивкова слава"", ""Дундо Мароје"", ""Поп Ћира и Поп Спира"". 2018 - Жалбено веће Међународног резидуалног механизма у Хагу осудило је Војислава Шешеља на 10 година затвора. У притворској јединици Хашког тринунала Шешељ је провео непуних 12 година. Пресуда на 10 година је коначна и даље жалбе нису могуће. 2018 - Авион Војске Србије ""Супер Галеб Г4"" срушио се код Ковачице, Банат, током редовног тренажног лета. Погинуо је пилот мајор Роберт Калоци а повређен је пилот мајор Александар Матић. 2018 - Приликом пада алжирског војно-транспортног авиона типа Иљушин Ил-76, недалеко од аеродрома Буфарик југозападно од града Алжира, погинуло је 257 особа а повређено је 247. Међу страдалима налазило се и 26 чланова покрета за сувереност Западне Сахаре, Полисарио. 2019 - Џулијан Асанж ухапшен је у амбасади Еквадора у Лондону, пошто је амбасадор те земље позвао британску полицију да га приведе. Оснивач Викиликса Џулијан Асанж налазио се у еквадорској амбасади у Лондону готово шест година и десет месеци, али су власти те земље незадовољне чињеницом да је Асанж публиковао и материјале о Еквадору, на крају одлучиле да му откажу азил. 2019 - Војска Судана државним ударом оборила је дугогодишњег председника те земље Омара ел Башира. Владавину генерала Башира који је на власт дошао такође државним ударом 1989. године, обележила је дугогодишња нестабилност не само на југу, који је и успео да се избори за самосталност, него и на западу Судана, у Дарфуру. 2021 - Умро је Зоран Симјановић, композитор. Музиком се бавио као тинејџер у групама ""Силуете"" и ""Елипсе"", раним београдским рок саставима. Завршио је Музичку академију у Београду, где је радио као професор Факултета драмских уметности. Највише је компоновао музику за филм: ""Отац на службеном путу"", ""Балкан експрес"", ""Танго Аргентино"", ""Тито и ја"", ""Буре барута"", ""Мирис пољског цвећа"", ""Специјално васпитање"", ""Бошко Буха"", ""Национална класа"", ""Мајстори, мајстори"", ""Маратонци трче почасни круг"", ""Време чуда"". (Танјуг) |  |",success,20220411,PARIS,,FRA,,190,4,-10.0,-1.83875530410184,25.0,-13.5,1,http://www.nspm.rs/hronika/na-danasnji-dan-ubijeni-slavko-curuvija-1999-i-radovan-stojicic-badza-1997.-2002.-vlajko-stojiljkovic-izvrsio-samoubistvo-1713.-potpisan-utrehtski-mir-umrli-prever-i-enver-hodza.html,www.nspm.rs,False,False,2022-04-11,436462.0,MOR-2022-1-721-3,2022.0,False,Clear,1.0,331.0,331.0,Morocco: Sahrawi Arab Democratic Republic (Western Sahara),721.0,721.0,Government of Morocco - POLISARIO,108.0,108.0,Government of Morocco,563.0,563.0,POLISARIO,1.0,"""Agence France Presse,2022-04-12,Algeria accuses Morocco of killing 3 on edge of W. Sahara""",Agence France Presse,2022-04-12,Algeria accuses Morocco of killing 3 on edge of W. Sahara,Media linked to the Polisario independence movement,5.0,Western Sahara,the border between the desert territory and Mauritania,,,26.013033,-12.096408,POINT (-12.096408 26.013033),167376.0,Morocco,600.0,Africa,1.0,1.0,2022-04-10,2022-04-10 00:00:00.000,0.0,0.0,0.0,3.0,3.0,3.0,3.0,600.0,
1072419718,"جبهة البوليساريو تدين منع طالبتين نرويجيتين من زيارة العيون المحتلة
أدانت جبهة البوليساريو “بشدّة” منع الاحتلال المغربي الطالبتين النرويجيتين، هيلين لورنتزن ومارتي هيتيرفيك، من التوجّه إلى العيون المحتلة، في إطار دراستهما الأنثروبولوجية للوقوف على أسلوب حياة المجتمع الصحراوي.
وقال أبي بشرايا البشير عضو الأمانة الوطنية لجبهة البوليساريو، المكلّف بأوروبا والاتحاد الأوروبي في بيان، إنّ:
هذه الإجراءات، يتبعها الاحتلال المغربي، عندما يتعلق الأمر بالأجانب الذين يريدون الاطلاع على الجزء المحتل من الصحراء الغربية، لمراقبة أوضاع حقوق الإنسان في المنطقة. في مسعى منه لتحويل الإقليم إلى منطقة محظورة، مغلقة أمام أي محاولة خارجية لنقل الشهادات الحيّة، والمحايدة، والموضوعية حول الوضع السائد في الأراضي الصحراوية المحتلة.
وذكرت البوليساريو في ذات البيان أنه:
يتمّ بشكل منهجي، منع ممثلي المنظمات غير الحكومية المعنية بحقوق الإنسان أو الصحفيين أو المراسلين أو الباحثين أو البرلمانيين و السياسيين، أو حتى المواطنين البسطاء، من الذهاب إلى الأراضي الصحراوية المحتلة. ويتم طردهم باستخدام العنف، كما كان الشأن في حالة الطالبتين النرويجيتين.
واستدلت البوليساريو في هذا الشأن بما وقع لستافان دي ميستورا، المبعوث الشخصي للأمين العام للأمم المتحدة، الذي منع من زيارة الأراضي المحتلة ومقابلة الصحراويين الذين يعيشون هناك.
وتابع البيان:
منذ عام 2015، تهدف السياسة التي يتبعها الاحتلال المغربي إلى عزل الإقليم عن العالم الخارجي. إضافة إلى اضطهاد المدنيين لمنعهم من سرد الوقائع.
وهذا بالإضافة إلى سياسة إفراغ المنطقة من سكانها الأصليين، حتى يتسنى للمحتل الاستمرار في استعماره، وسيطرته على الأراضي الصحراوية، ونهب ثروات الإقليم، مع الإفلات التام من العقاب.
طالبتان نرويجيتان ترويان حادثة طردهما من العيون الصحراوية
وفي 17 نوفمبر 2022، قامت سلطات النظام المغربي، قبل أيام بطرد طالبتين نرويجيتين من مدينة العيون الصحراوية المحتلة، بعد زيارة لهما في إطار بحث أكاديمي، بشأن التركيبة المحلية للسكان.
وحسب ما نقلت وسائل إعلام نرويجية، عن الطالبتين بيورغ هيلين لورنتزن ومارتي هيتيرفيك، فإن السلطات المغربية اعتقلت الطالبين النرويجيين بيورغ هيلين لورنتزن ومارتي هيتيرفيك وقامت بترحيلهما من الصحراء الغربية المحتلة.
بحسب موقع https://t.co/3Q7oDpLrK2، قامت سلطات الاحتلال المغربية بطرد الطالبتين النرويجيتين بيورغ هيلين ومارتي هيتيرفيك من الأراضي الصحراوية المحتلة، لأنها تخاف أن يطلع العالم على العواقب الرهيبة لاستمرار احتلالها غير الشرعي لأجزاء من #الصحراء_الغربية.https://t.co/Msi7miTKWI
— Amb. Sidi Omar (@SidiOmarNY) November 15, 2022
وحسب رواية الطالبتين، فإنهما كانتا في فندق بالعيون، عندما طلب منهما رجال أمن بزي مدني ركوب سيارة أجرة ومغادرة المدينة نحو أغادير، قبل ترحيلهما عبر المطار.
Bjørg (23) og Marte (23) ble i går deportert fra okkuperte #VestSahara 
“Vi fikk ikke se noen identifikasjon av dem. Vi måtte stole på at de var fra myndighetene. Det var en mann i dress og to andre i vanlige klær, forteller Marte Hettervik til NRK” https://t.co/5yxdGNQCkG
— Vest-Sahara (@vestsahara) November 15, 2022
وحسب نفس المصدر، فإن الطالبتين تدرسان الأنثروبولوجيا الاجتماعية في جامعة بيرغن، وسافرتا إلى الصحراء الغربية، لجمع معلومات حول طبيعة المنطقة وطريقة عيش سكانها وتركبيتها الديموغرافية.
Två norska medborgare utvisades från ockuperade Västsahara idag.
Marte Hettervik. 23 år.
Bjørg Helene Lorentzen, 23 år. Båda studerar socialantropologi på universitetet i Bergen.@NorwayUN, @NorwayMFA, @TobiasBillstrom, @SweMFA, @JanKEliasson pic.twitter.com/VTqhYFIrcB
— Västsaharakommittén (@SweWScommittee) November 14, 2022
وسبق للنظام المغربي الذي يروج لطرح مفاده أن سكان الأراضي الصحراوية المحتلة، يعيشون الرفاهية ويرفضون الاستقلال، أن رحل عدة ناشطين أجانب من المنطقة لمنع نقل الحقائق، كما رفض حتى زيارة المبعوث الأممي ستافان دي ميستورا الذي برمج لقاءات مع المجتمع المدني الصحراوي.
النظام المغربي يواجه 4 اتهامات بتعذيب ناشطين صحراويين أمام الأمم المتحدة
ويواجه النظام المغربي أربع شكاوى أمام لجنة مناهضة التعذيب التابعة للأمم المتحدة، تتّهم الرباط بـ”تعذيب” ناشطين صحراويين.
وحسب وسائل إعلام دولية، فقد رفعت الشكاوى من طرف المؤسسة الدولية لحقوق الإنسان، ورابطة حماية السجناء الصحراويين بالسجون المغربية، ومنظمات أخرى.
وذكرت المنظمات في بيان مشترك، أن الصحراويين الأربعة الذين تقدموا بالشكاوى، وهم محمد لمين هدي، وحسن الداه، وعبد المولى الحافظي، ومحمد باني، “معتقلون منذ 6 إلى 12 سنة، بناء على اعترافات انتُزعت منهم تحت التعذيب”.
واعتبرت المنظمات أن هذه الشكاوى التي قدّمت أمام لجنة مناهضة التعذيب التابعة للأمم المتحدة، “تجسّد الأمل بالإقرار بالتعذيب الذي تعرّض له هؤلاء في انتهاك للالتزامات الدولية للمغرب”.
وتؤكد المنظمات أن “مقدّمي الشكاوى أجبروا على توقيع اعترافات انتُزعت منهم تحت التعذيب، عبر العنف الجسدي والنفسي وأيضا الجنسي، من طرف قوات الأمن المغربية”.
“ولا يزال مقدّمو الشكاوى يتعرّضون يوميا للتعذيب وللمعاملة غير الإنسانية. إذ يقبع البعض منهم في الحبس الانفرادي منذ سنوات على غرار محمد لمين هدي”، يضيف البيان.
وصلت إسبانيا.. سلطانة خيا تنتصر على آلة قمع النظام المغربي (فيديو)
وفي 5 جوان 2022، طالبت جبهة تحرير الساقية الحمراء ووادي الذهب (بوليساريو) المجتمع الدولي بتوفير العلاج والحماية اللازمة للناشطة الحقوقية الصحراوية، سلطانة خيا، التي وصلت إلى إسبانيا لتلقي الرعاية الطبية.
ووصلت خيا جوا إلى مدينة اليكانتي الساحلية، مساء الجمعة، قادمة من جزر الكناري التي كانت قد وصلتها في الأول من جوان بعدما سُمح لها أخيرا بمغادرة منزلها في العيون، كبرى مدن الصحراء الغربية.
وبعد 16 شهرا من الإقامة الجبرية في الصحراء الغربية، ستخضع الناشطة في مجال حقوق الإنسان للعلاج.
#سلطانة_خيا اسم على مسمى بالفعل هي سلطانة #الصحراء_الغربية 🇪🇭
بمجابهتها العدو 🇲🇦وكسرها حصاره وأنفه  باالنضال والتضحية منا ومن كل الشعوب الحرة ألف تحية ✌️✌️@Sultanakhayya1#SaharaLibre#SaharaOccidental#westernsahara pic.twitter.com/2RA0GIaMBy
— Leila lahsen 🇪🇭 ليلى 🇩🇿🇨🇺🇿🇦🇻🇪 (@layla_lahsen) June 4, 2022
وقالت جبهة البوليساريو في بيان نشرته وكالة الأنباء الصحراوية إن ما تعرضت له الناشطة “جريمة ضد الإنسانية”، وأنها ظلت “تطالب المجتمع الدولي توفير الحماية لها و للمدنيين الصحراويين، و تطالب أيضا بضرورة العلاج و فتح تحقيق دولي”.
وقال ممثل جبهة بوليساريو في إسبانيا، عبدالله العرابي، لوكالة فرانس برس إن خيا وصلت إلى أليكانتي “حيث ستخضع لفحوص طبية”. ولم يكشف عن مدة بقائها في إسبانيا.
وأظهرت مشاهد نشرت على منصات التواصل الاجتماعي وصولها إلى المطار حيث كان في انتظارها حشد يحتفل برفع الأعلام وإطلاق الهتافات والزغاريد.
کان هذا الیوم استقبال اللبٶة سلطانة خیا وما ادرك ما سلطانة خیا تحية نضالیة لي هذه المراءة الحدیدة pic.twitter.com/PqrDSTmkEt
— سيدي محمد مولاي أحمد (@P3bHnz5sEx2hEIX) June 3, 2022
وقال فريقها القانوني في بيان إن خيا تعرضت “لعدد لا يحصى من انتهاكات حقوق الإنسان” خلال خضوعها للإقامة الجبرية وتتواجد في إسبانيا سعيا لتلقي العلاج من جروحها.
كانت وزارة الخارجية الأميركية استنكرت محنتها وكذلك العديد من مجموعات حقوق الإنسان الدولية مثل مفوضية الأمم المتحدة السامية لحقوق الإنسان و”هيومن رايتس ووتش” و”فرونت لاين ديفندرز” (المدافعون في الخطوط الأمامية) وغيرها.
إستقبال الجالية الصحراوية للمناضلة سلطانة خيا عصر اليوم بمطار Alicante الإسبانية#الصحراء_الغربية المحتلة pic.twitter.com/JMNAMnG7x7
— 🇪🇭R.A.S.D🇩🇿🇵🇸♥️ (@tDcNsV4VVrHqGgD) June 3, 2022
وقالت منظمة العفو الدولية العام الماضي إن قوات الأمن المغربية عرّضت سلطانة خيا “مراراً للتعذيب أو غيره من ضروب سوء المعاملة، بما في ذلك الاعتداء الجنسي والاغتصاب”.
وتترأس خيا “رابطة الدفاع عن حقوق الإنسان ومكافحة نهب الموارد الطبيعية”، كما تنتمي إلى “الهيئة الصحراوية لمناهضة الاحتلال المغربي” (إيساكوم) المؤيدة لحق تقرير المصير من دون عنف للصحراويين.
“صوت نساء خيا هو صوت نساء العالم” عنوان ندوة رقمية بلمسة دولية تضامنا مع حصار منزل عائلة أهل خيا، يوم السبت 28 مايو 2022 على منصة زووم بحضور نساء حول العالم يمثلن منظمات دولية و ستبث حصريا على صفحة الحملة “together to end the siege of the khaya family “ #إرادتي_ليست_جدار pic.twitter.com/U4JNFSHiS3
— الحساب الرسمي سلطانة سيد إبراهيم خيا Sultana Khaya (@Sultanakhayya1) May 26, 2022
الصحراء الغربية: شاحنة ترتطم بمنزل سلطانة خيا
ويوم 16 ماي 2022، تعرضت الناشطة الصحراوية سلطانة خيا، إلى اعتداء من قبل النظام المغربي بعد استهداف منزلها بشاحنة تابعة للشرطة المغربية ارتطمت به ليلا.
ودعت الجمهورية العربية الصحراوية المجتمع الدولي والمنظمات الدولية إلى العمل من أجل كشف ملابسات محاولة الاغتيال التي تعرضت لها سلطانة خيا وعائلتها ببوجدور المحتلة ومتابعة منفذيها و الأجهزة الأمنية لنظام المخزن الذي يقف وراءها.
🔴خطوة خطيرة و حادثة تورط الإحتلال المغربي في نفي عائلة أهل خيا 
في محاولة جبانة وفاشلة للإحتلال المغربي. بمدينة بوجدور المحتلة الصحراء الغربية و بعد منتصف الليل،  الإثنين 16/05/2022
قوات الاحتلال المغربي تقوم بتهديم جزئي لمنزل عائلة المدافعة عن حقوق الإنسان سلطانة خيا pic.twitter.com/WlXwkTQy8H
— mahyuba (@mahyuba2) May 16, 2022
وعبرت وزارة شؤون الأرض المحتلة والجاليات في بيان, عن شديد الإدانة لهذه الأعمال العدائية الجبانة,معتبرة إياها “محاولة اغتيال لا لبس فيها”,حيث استهدفت شاحنة تابعة للشرطة المغربية منزل خيا “بالدهس والارتطام” .
وأضافت إنه اعتداء على الصحراويات, سلطانة وأختها الواعرة, و في نفس الوقت تخويف للناشطين الأجانب المتضامنين مع النشطاء الصحراويين, موضحة أن الاعتداء المغربي على الناشطات الصحراويات يعد محاولة قطع الطريق أمام مؤيديهم الأجانب لمنعهم من الانضمام إليهم.
في منزل عائلة المناضلة الكبيرة سلطانة خيا توجد الناشطة الأمريكية روث ماكدونو المضربة عن الطعام منذ ١١ يوماومواطنها الامريكي المضرب عن الطعام منذ 4 ايام مناصرين للشعب الصحراوي ومحاولة الإحتلال المغربي هدم المنزل على رؤسهم تعتبر جريمة مكشوفة الأبعاد pic.twitter.com/morkESOlTC
— #حسان_بوليساريو_تنتصر@ (@hassanmuilidali) May 16, 2022
وأوضح البيان أن عملية دهس منزل العائلة بشاحنة ثقيلة تمثل “استهداف ممنهج وعن سبق إصرار,يهدف بشكل مباشر إلى تخويف و تهديد عائلة سلطانة خيا و من معها من الناشطين الأجانب”, منهم الحقوقية الأمريكية ,روث ماكدونو,التي تدهورت حالتها الصحية بعد دخولها في إضراب تضامنا مع الناشطين الصحراويين.
حاول الاحتلال المغربي ليلة البارحة تنفيذ جريمة اغتيال جماعية ضد سلطانة و الواعرة خيا و أفراد عائلتهم بالإضافة إلى المواطنين الأمركيين المقيمين بالمنزل منذ قرابة الشهرين و المضربين عن الطعام احتجاجا على مواصل المغرب جرائمه ضد هذه العائلة.
1/4 (يتبع) pic.twitter.com/Yipuslxuoo
— Anna Habibi🇪🇭 (@AnnaSahrauia) May 16, 2022
قضية سلطانة خيا: ناشطة أمريكية تخوض إضرابا عن الطعام ببوجدور
ومنذ 9 ماي 2022، تواصل المتضامنة الأمريكية روث ماكدونو إضرابها عن الطعام لليوم السادس على التوالي ببوجدور الصحراوية دعما للناشطة الصحراوية سلطانة خيا القابعة وعائلتها رهن الإقامة الجبرية منذ أكثر من سنة.
وقالت الهيئة الصحراوية لمناهضة الاحتلال المغربي (إيساكوم) في بيان “المخاوف من تدهور الوضعية الصحية للمتضامنة الأمريكية جراء مضاعفات الإضراب عن الطعام الذي تخوضه محملة سلطات الاحتلال المغربي المسؤولية عن حياتها (المتضامنة الأمريكية)”.
Sahrawi activist enlists Americans to stop police beatings and sexual assault https://t.co/dJiJHsQTNE #politics #feedly
— Leicester Worker (@LeicesterWorker) May 5, 2022
Los activistas de #USA que acompañan a #SultanaJaya, #RuthMcDonough y su compañero entran en #huelga de hambre en #solidaridad con activistas saharauis de #DerechosHumanos y el pueblo saharaui a fin de llamar la atención hacia el sufrimiento que padece bajo #ocupación marroqui pic.twitter.com/F5hHSU1Jen
— Jadiyetu El Mohtar (@Jadiyetumohtar) May 5, 2022
كما جددت الهيئة بالمناسبة استنكارها الشديد “للانتهاكات المغربية الجسيمة التي ترتكبها بحق المناضلة سلطانة خيا وعائلتها، ولاسيما استمرار الحصار البوليسي وحرمان المواطنين من زيارتهم والاعتداء عليهم بالضرب، وجملة الإجراءات التي تنتهك حقوق الإنسان”.
Desde ayer sabemos que Ruth McDonough y Tim Pluta han comenzado una huelga de hambre por la situación de la activista saharaui Sultana Khaya y nos piden ayuda y difusión. Todo mi apoyo y respeto, compañero. pic.twitter.com/XVwjGNx30f
— C (@carmenbellas) May 5, 2022
⭕️المتضامنة الأمريكية🇺🇸 ” روث ماكدونو” مع عائلة #أهل_خيا🇪🇭 ببوجدور المحتل تخوض إضراباً عن الطعام https://t.co/K1FOug8m9C pic.twitter.com/btjAXp6bOA
— RASD🇪🇭TODAY (@RasdToday) May 4, 2022
وكانت روث ماكدونو قد شرعت في الرابع ماي الجاري بمدينة بوجدور المحتلة في إضراب عن الطعام من أجل مؤازرة ودعم خيا وعائلتها وجميع أفراد الشعب الصحراوي وللفت الانتباه إلى ما يرتكبه المغرب بالأراضي الصحراوية المحتلة من انتهاكات وجرائم بحق الصحراويين.
Saultana Sidbrahim Khayya 
Ruth McDonough
Tim Pluta MD, PhD#SaharaOccidental#Boujdour pic.twitter.com/miYkYZAiDp
— Anna Habibi🇪🇭 (@AnnaSahrauia) May 4, 2022
وكان وفد أمريكي قد تمكن في الـ 16 مارس الماضي، من كسر الحصار الأمني الذي فرضته قوات الاحتلال المغربية على المنزل العائلي للناشطة الحقوقية الصحراوية سلطانة خيا، بمدينة بوجدور المحتلة منذ أكثر من عام.
وفي هذا الإطار، أشارت الهيئة الصحراوية إلى أن “المتضامنين الأمريكيين تحدوا الصعوبات والعراقيل ووصلوا إلى منزل خيا، من أجل دعمها والمطالبة برفع الحصار عنها وتمتيعها بحقوقها”.
وبعد تجاهل السلطات المغربية وصمت المجتمع الدولي وتواطئ بعض الدول التي تدعي الدفاع عن حقوق الإنسان – يضيف بيان الهيئة – “شرعت المتطوعة الأمريكية روث ماكدونو في خوض إضراب عن الطعام احتجاجا على استمرار حصار منزل المناضلة سلطانة وعائلتها دون سند أو مسوغ قانوني”.
أمنيستي تطلق حمة الـ 10 آلاف توقيع لإنهاء “كابوس سلطانة خيا”
ويوم 12 أفريل 2022، أعلنت منظمة العفو الدولية عن إطلاق حملة لجمع التوقيعات، من أجل توجيه رسالة إلى الحكومة المغربية بشأن الانتهاكات التي تتعرّض لها المناضلة الصحراوية سلطانة خيا.
وقالت المنظمة في بيان، إنّها ستوجّه رسالة إلى رئيس الحكومة المغربية عزيز أخنوش تطالبه بالتحقيق في الإقامة الجبرية غير القانونية التي تخضع لها سلطانة خيا.
وتهدف المنظمة إلى جمع 10 آلاف توقيع عبر موقعها الإلكتروني، من أجل أن “لا يمرّ الكابوس الذي عاشته سلطانة”، وهي رئيسة رابطة الدفاع عن حقوق الإنسان ومكافحة نهب الموارد الطبيعية في الصحراء الغربية، “من دون عقاب”.
وذكرت منظمة العفو الدولية أن سلطانة، تعرّضت إلى الاغتصاب والاعتداء الجسدي في منزلها رفقة عدد من أفراد عائلتها.
#StandUp4HumanRights
A Sultana Khaya la violaron por ser activista saharaui.
¡Pedimos justicia! @UN @ICRC @mbachelet @PMaurerICRC @amnesty @UNHumanRights @UN_HRC  https://t.co/dJwU0eMka4 vía @amnistiaespana
— Ahmed Batah (@AhmedBAbdeslam) April 12, 2022
أمريكيون يكسرون حصار النظام المغربي على المناضلة سلطانة خيا
وفي 17 مارس 2022، تمكن وفد أمريكي من كسر الحصار الأمني الجائر الذي فرضته قوات الاحتلال المغربي على المنزل العائلي للناشطة الحقوقية الصحراوية سلطانة خيا بمدينة بوجدور المحتلة منذ أكثر من عام.
وأفاد مركز عمل حقوق الإنسان الأمريكي في بيان له إن متطوعين من الولايات المتحدة، على غرار روث ماكدونو وأدريان كين، قد وصلوا إلى المنزل العائلي لسلطانة خيا، وهم حاليا ضيوف عندها، “لحماية العائلة من انتهاكات حقوق الإنسان وكسر الحصار على المنزل”، الذي استمر قرابة 500 يوما من طرف قوات القمع المغربية.
وأبرز مركز عمل حقوق الإنسان أنه “لأول مرة، و بعد مرور أزيد من سنة على الحصار المفروض على عائلة المناضلة الصحراوية سلطانة خيا، تمكن أربعة ممثلين لمنظمات الدفاع عن حقوق الإنسان من الولايات المتحدة الأمريكية من الاطلاع على واقع الحصار غير القانوني على عائلة أهل خيا ودخلوا المنزل”.
https://twitter.com/nadisou6965/status/1504247119128977408?fbclid=IwAR3Ok6_hSjTjj-E6A3D37KNfjv_ZZS59Uz311r_2yz4t26I1_MqW679sd7Q
وقالت الناشطة الحقوقية الصحراوية سلطانة خيا في اتصال مع وكالة الأنباء الجزائرية، إن “الوفد الحقوقي الذي كسر الحصار اليوم عن منزلها، يتكون من رجلين وامرأتين بينهم طبيب، جاؤوا للتضامن معها ضد ما تتعرض له من قمع على يد القوات المغربية، في انتهاك للقانون الدولي”.
ويطالب مركز عمل حقوق الإنسان بوضع حد لعمليات الاغتصاب ومحاسبة المتورطين وضمان حرية الحركة لعائلة خيا وجميع الزوار، كما يدعم المركز الحقوقي الأمريكي، مطالب سلطانة خيا وعائلتها، بما في ذلك إزالة القوات والحواجز حول منزلهم و حيهم، ومعالجة خزان المياه الملوثة.
https://twitter.com/___sssSsss____/status/1504234200966172675?fbclid=IwAR2ryOdZO-yEAsbphnMeG4740dujJGe6qSsruyuvKX5J_McdJ9YjcJ5K9TM
وكانت قوات القمع المخزنية قد فرضت الإقامة الجبرية على المنزل العائلي للمدافعة عن حقوق الانسان سلطانة خيا منذ شهر نوفمبر 2020، حيث تعرضت الأسرة لانتهاكات جسيمة لحقوق الانسان، بما في ذلك اقتحام المنزل و الاعتداء الجنسي على سلطانة خيا وشقيقتها، والحقن بمواد مجهولة المصدر.
قمع مظاهرة للتضامن مع سلطانة خيا بالعيون
ويوم 10 فيفري 2022، أدانت الهيئة الصحراوية لمناهضة الاحتلال المغربي بشدة قمع مظاهرة سلمية للتضامن مع السلطانة خيا وعائلتها.
وأفاد المكتب التنفيذي للهيئة، في بيان له الأربعاء: “بحسب المعلومات الميدانية التي تم رصدها، فقد تدخلت قوات الاحتلال المغربية ممثلة في ما أطلق عليهم القوات المساعدة بزيهم الرسمي ودون سابق إنذار، باستعمال أبشع أنواع التعنيف في حق المناضلات اللاتي تجمهرن بالشارع العام للتضامن مع المدافعة عن حقوق الإنسان سلطانة خيا وعائلتها المحاصرين من طرف قوات القمع المغربية ببوجدور المحتلة منذ اأثر من 15 شهرا، مرددين الشعارات المطالبة بالحرية والاستقلال”.
وقد أدى التدخل الهمجي -بحسب ذات البيان- إلى إصابة كل من مينة اباعلي و غلي عجنة و ليلى الليلي، و هن عضوات بالهيئة الصحراوية لمناهضة الاحتلال المغربي، بالإضافة الى اصابة الصالحة بوتنكيزة، و هي اعلامية مراسلة التلفزة الصحراوية، كما تم منع عضو الهيئة، مريم دمبر، من الوصول إلى مكان المظاهرة، بعد ان تمت محاصرة منزل عائلتها من طرف سيارات تابعة لشرطة الاحتلال واجبارها على المكوث في المنزل.
وأعادت الهيئة “التأكيد على الحقوق المشروعة غير القابلة للتصرف للشعب الصحراوي”، مجددة مطالبتها المجتمع الدولي ب”التدخل العاجل لحماية المدنيين في الأراضي المحتلة من الصحراء الغربية، والعمل على إنهاء الحصار الامني والعسكري والإعلامي”.
كما طالبت الهيئة بتجسيد على ارض الواقع “مبدأ المحاسبة الذي شكل غيابه تشجيعا لقوات الاحتلال على الإعتداءات ضد المدنيين الصحراويين، والتحلل من القيود والالتزامات التي يفرضها القانون الدولي على سلطات الاحتلال، بل ان -تضيف الهيئة- غياب سياسة الافلات من العقاب، شجع تلك القوات على المضي قدما في انتهاكاتها الجسيمة لقواعد القانون الدولي الإنساني والقانون الدولي لحقوق الإنسان”.
التضييق على سلطانة خيا.. حملة الكترونية أوروبية للضغط على المغرب
أطلقت منظمة ”أكات” الفرنسية حملة إلكترونية، أواخر جانفي 2022 من أجل رفع الحصار والتضييق الذي تتعرض له الناشطة الصحراوية سلطانة خيا وعائلتها من قبل قوات الاحتلال المغربي.
ودعت المنظمة الفرنسية المختصة في مناهضة التعذيب، الممثل السامي للاتحاد الأوروبي للسياسة الخارجية والأمن إلى التدخل العاجل لوضع حد للاعتداءات المتكررة في حق الناشطة الصحراوية سلطانة خيا وأفراد عائلتها في سياق الهجمات المغربية التي تستهدف المدافعين الصحراويين عن حقوق الإنسان.
وأشارت المنظمة الفرنسية المختصة في مناهضة التعذيب، إلى أن الناشطة سلطانة خيا وعدد من المناضلين من أجل تقرير المصير لشعب الصحراوي وحقوقه الأساسية، صاروا هدفا للهجمات المتكررة من طرف أجهزة النظام المغربي، والاعتداءات الجنسية والحقن بمواد مجهولة تعرض حياتهم للخطر.
وفي هذا الصدد، دعت (أكات) الممثل السامي للاتحاد الأوروبي للسياسة الخارجية والأمن، جوزيب بوريل، لمطالبة سلطات الإحلال المغربية إلى وضع حد لجميع أشكال العنف، ضد المدافعين عن حقوق الإنسان، بمن فيهم سلطانة خيا ورفع الإقامة الجبرية والحصار العسكري على منزل عائلتها.
كما طالبت المنظمة من بوريل، حث الرباط على احترام التزاماتها الدولية بشأن حماية حقوق الإنسان وخاصة مناهضة التعذيب وسوء المعاملة، وفتح تحقيق مستقل في أعمال التعذيب والانتهاكات الأخرى التي عانت من سلطانة خيا وشقيقتها.
الصحراء الغربية: أكثر من 300 منظمة دولية توجه رسالة للنظام المغربي
ويوم 27 جانفي 2022، جهت أكثر من 300 منظمة حقوقية عضو في مجموعة جنيف للدعم من أجل حماية وترقية حقوق الإنسان في الصحراء الغربية، رسالة للنظام المغربي دعته فيها إلى التخلي عن سياساته الاستعمارية وتطبيق القانون الدولي.
ودعت المنظمات غير الحكومية وعددها 306 في بيان لها “حاملي اللائحة الخاصة بالصحراء الغربية في مجلس الأمن الدولي إلى إدراج أبعاد حقوق الإنسان وسيادة القانون في مهمة البعثة الأممية لتنظيم استفتاء في الصحراء الغربية (مينورسو).
كما طالبت بتمكين المبعوث الشخصي للأمين العام للأمم المتحدة إلى الصحراء الغربية (ستافان دي ميستورا) من الوسائل لتجسيد عهدته وإتاحة الفرصة لشعب الصحراء الغربية للتعبير بحرية عن حقه في تقرير المصير و “الاستقلال”.
وحثت المجموعة التي تابعت “باهتمام كبير” الجولة الأولى في المنطقة لستافان دي مستورا المغرب على “التخلي عن طموحاته وسياساته الاستعمارية واحترام القانون الدولي وتطبيقه لصالح الشعب الصحراوي وسكان منطقتي المغرب العربي والساحل”.
كما أعرب أعضاء المجموعة عن أسفهم “العميق” لعدم زيارة دي ميستورا الإقليم غير المستقل الذي يحتله المغربي و”المغلق تمامًا أمام أي تحقيق مستقل منذ عام 2015 بما في ذلك من قبل المفوضية السامية لحقوق الإنسان”.
كما أشار أعضاء المجموعة إلى أن جميع لوائح الأمم المتحدة “تؤكد من جديد على الحق غير القابل للتصرف لجميع الشعوب في تقرير المصير والاستقلال”.
ونددت المنظمات غير الحكومية الـ306 بالموقف المغربي المستمر الذي يزعم أن الحل الوحيد الممكن للنزاع هو “إدماج الإقليم غير المستقل بالمغرب”.
كما أكد المصدر أن “هذا الموقف يتعارض بشكل أساسي مع أهداف ومبادئ ميثاق الأمم المتحدة، فضلاً عن أحكام لوائح مجلس الأمني الذي ما فتئ أعضاؤه يدعون الطرفين إلى استئناف المفاوضات دون شروط مسبقة وبحسن نية”.
ويؤكد النص أيضا أن “الاحتلال العسكري غير المشروع الذي طال أمده لإقليم الصحراء الغربية غير المستقل بدعم من فرنسا والولايات المتحدة والكيان الصهيوني قد تسبب وما زال يتسبب في حدوث انتهاكات جسيمة لحقوق الإنساني فضلاً عن انتهاك معايير القانون الإنساني الدولي بما في ذلك النهب غير القانوني للموارد الطبيعية الصحراوية.
الصحراء الغربية: الرباط توجه تهمة غريبة لهيومن رايتس!
ويوم 25 جانفي 2022، اتهمت الحكومة المغربية في خرجة غريبة، منظمة “هيومن رايتس ووتش” الحقوقية الدولية، بمعاداة الوحدة الترابية، بعد تقرير لها قدم أدلة دامغة حول تصاعد الانتهاكات ضد الناشطين الصحراويين.
واتهمت “هيومن رايتس ووتش” في تقريرها السنوي المتعلق باتجاهات حقوق الإنسان حول العالم لعام 2021، المغرب بمضايقة وملاحقة ناشطين صحراويين وعرقلة “عمل بعض المنظمات الحقوقية المحلية غير الحكومية”.
وقال تقرير المنظمة الحقوقية إن قوات الأمن المغربية أبقت، في نوفمبر 2020، “على تواجد كثيف شبه دائم خارج منزل ناشطة الاستقلال سلطانة خيا في بوجدور في الصحراء الغربية”.
وأضاف التقرير أن السلطات المغربية “لم تقدم أي مبرر لذلك ومنعت العديد من الأشخاص بمن فيهم أفراد الأسرة من الزيارة”، ونقلت عن خيا قلوها إن “قوات الشرطة داهمت منزلها عدة مرات وضربتها وقريبتها ولطخت المنزل بسائل كريه الرائحة”.
كما اتهم التقرير السلطات المغربية بمنع “التجمعات المساندة لحق الصحراويين في تقرير المصير، وعرقلت عمل بعض المنظمات الحقوقية المحلية غير الحكومية، بما في ذلك عن طريق منعها من التسجيل القانوني، وفي بعض الأحيان ضرب النشطاء والصحفيين أثناء احتجازهم وفي الشوارع، أو مداهمة منازلهم وتدمير أو مصادرة متعلقاتهم”.
وأضافت “هيومن رايتس ووتش” أنه في 2021، “ظل 19 رجلا صحراويا في السجن بعد إدانتهم في محاكمتين جائرتين عامي 2013 و2017 بقتل 11 عنصرا من قوات الأمن، خلال اشتباكات اندلعت بعد أن فككت السلطات بالقوة مخيما احتجاجيا كبيرا في أكديم إزيك، الصحراء الغربية، في 2010”.
ووفق التقرير، “اعتمدت كلتا المحكمتين بشكل شبه كامل على اعترافاتهم للشرطة لإدانتهم، دون التحقيق بجدية في مزاعم أن المتهمين وقّعوا على اعترافاتهم تحت التعذيب. ,أيّدت محكمة النقض، أعلى هيئة قضائية في المغرب، حكم الاستئناف في 25 نوفمبر 2020″.
وبدل تقديم ردود مقنعة حول التقرير الحقوقي راحت المندوبية الوزارية، المكلفة بحقوق الإنسان في المغرب، تلوك اسطوانة الوحدة الترابية مجددا.
وأكدت إن الفقرات الواردة في تقرير المنظمة لسنة 2021 تعد أكبر حجة على انخراطها في حملة سياسية ممنهجة مضادة لبلدنا.. وأكبر دليل على عدم انسجامها مع منهجها، بخصوص التعامل مع الحقائق” رغم أن التقرير يتحدث عن اقليم مستقل عن المغرب وفق قرارات ألامم المتحدة والقانون الدولي.
الأمن المغربي يحقن سلطانة خيا بحقنة ثانية مجهولة!
ومطلع ديسمبر 2021، كشفت الناشطة الصحراوية، سلطانة خيا، أن الأمن المغربي قام بحقنها بحقنة ثانية مجهولة بعدما هاجم منزلها واعتدى على جميع أفراد عائلتها.
وقالت الناشطة في تغريدة، عبر حسابها على تويتر: “تم فجر اليوم الأحد 05/12/2121 هجوم بربري على منزلى من طرف عناصر تابعين للأجهزة المغربية والإعتداء على جميع أفراد الأسرة بما فيهم أمي أمتوا وتم حقنى بحقنة ثانية مجهولة”.
عـــــــــــاجل 
🔴تم فجر اليوم الأحد 05/12/2121  هجوم بربري على منزلى من طرف عناصر تابعين للأجهزة المغربية والإعتداء على جميع أفراد الأسرة بما فيهم أمي أمتوا وتم حقنى بحقنة ثانية مجهولة
— الحساب الرسمي سلطانة سيد إبراهيم خيا Sultana Khaya (@Sultanakhayya1) December 5, 2021
ونشر مناضل صحراوي مدافع عن القضية الوطنية ضد الاحتلال المغربي، فيديو يتحدث عن تفاصيل الاعتداء على خيا وعائلتها عبر حسابه على تويتر، مؤكدا من خلالها إنها في خطر.
⭕حصار ظالم  وجرائم مستمرة…
تم الهجوم فجر هذا اليوم الأحد 05/12/2021 على الساعة الرابعة فجرا على منزل عـــــــــــائلة المدافعة عن حقوق الإنسان #سلطانة_خيا  من طرف عناصر تابعين للأجهزة القمعية المغربية المحاصرة للمنزل منذ  19 نوفمبر 2020#عائلة_أهل_خيا_في_خطر pic.twitter.com/s5NUng7s7L
— chayaj said (@chayaj_said) December 5, 2021
قضية سلطانة خيا: العفو الدولية تفضح روايات النظام المغربي (وثيقة)
دعت منظمة العفو الدولية النظام المغربي بوضع حد فوري، لما أسمتها اعتداءات وحشية ضد الناشطة الصحراوية، سلطانة خيا وعائلتها، والمتواصلة منذ ما يزيد على السنة.
وفي رسالة إلى رئيس الحكومة المغربية عزيز أخنوش، طالبت المنظمة الدولية بإجراء تحقيق سريع وحيادي بخصوص الأعمال التعسفية التي تمارسها قوات الأمن والاعتداءات على سلطانة خيا وأسرتها، بما في ذلك الاعتداءات الجنسية وضمان تقديم المشتبه فيهم إلى العدالة.
وحثت المنظمة النظام المغربي على ضمان حصول سلطانة خيا وعائلتها على العدالة وسبل الانصاف الفعالة، بما في ذلك التعويض المناسب، وضمان عدم تكرار إنتهاكات حقوق الإنسان التي تعرضوا لها.
https://www.amnestyalgerie.org/2021/12/01/une-militante-sahraouie-violee-par-les-forces-marocaines/?fbclid=IwAR0sxyIsyUeihWDpGmD91Qymprvy2wVOcHVNw3E4K8rLgfCFOPlvgAp21sY
وفيما يخص حصار منزل عائلة خيا في مدينة بوجدور، فقد جددت منظمة العفو الدولية نداءها الداعي لإنهاء الإقامة الجبرية التعسفية بحق سلطانة خيا وعائلتها وإحترام حقوقهم في حرية التنقل والتعبير وتكوين الجمعيات.
وتطرق بيان للمنظمة الصادر إلى سلسلة الأعمال العدوانية التي تعرضت لها سلطانة خيا وعائلتها، سيما الهجوم على منزل العائلة فجر 15 نوفمبر، والإعتداء على أفراد العائلة بما في ذلك والدتها المُسنة ومنعهم من التنقل إلى المستشفى لتلقي العلاج الضروري.
منظمة أمريكية تدعو المفوض الأممي للتحرك
وفي 18 نوفمبر 2021، دعت منظمة روبرت كيندي لحقوق الانسان، مفوض الأمم المتحدة السامي لحقوق الإنسان لزيارة الصحراء الغربية، للتحقيق في اتهامات موجهة للأمن المغربي بالاعتداء واغتصاب الناشطة سلطانة خيا.
وجاء في بيان للمنظمة إنها: يساورها قلق عميق إزاء التقارير الأخيرة عن الهجمات وانتهاكات حقوق الإنسان التي ارتكبتها السلطات المغربية ضد المدافعة الصحراوية عن حقوق الإنسان سلطانة خيا، وكذلك الانتقام من أميناتو حيدر الناشطة الصحراوية والحائزة على جائزة روبرت ف. كينيدي لحقوق الإنسان لعام 2008.
وحسب المنظمة، فإنه في 15 نوفمبر، استنكرت المنظمة الصحراوية لمناهضة الاحتلال المغربي قيام الشرطة المغربية اقتحام منزل خيا في الساعة 5 صباحا، والتحرش اللفظي بها وعائلتها، واغتصابها هي وشقيقتها أثناء وجود والدتها، ويأتي ذلك بعد أنباء عن قيام قوات الأمن المغربية بالاعتداء على خيا وحقنها بمادة مجهولة في 8 نوفمبر، مما أدى إلى مرضها جسديًا.
وأشار البيان إنه ليست المرة الأولى التي تتعرض فيها خيا لهجمات من قوات الأمن المغربية وتم حبس خيا بشكل تعسفي وغير قانوني رهن الإقامة الجبرية بحكم الأمر الواقع منذ نوفمبر 2020 ، حيث حافظت قوات الأمن المغربية على ” وجود مكثف شبه دائم خارج منزلها دون أمر رسمي أو اتهامات بعد دعوتها إلى تقرير المصير الصحراويين، وهي رئيسة رابطة الدفاع عن حقوق الإنسان وضد نهب الموارد الطبيعية في بوجدور.
ودعت المنظمة الحكومة المغربية على إنهاء الإقامة الجبرية الفعلية على خيا ، وضمان امتثال السلطات لمعايير الحقوق الدولية المتعلقة بحرية التنقل وتكوين الجمعيات والتعبير.
ودعت مفوض الأمم المتحدة السامي لحقوق الإنسان أن يقوم بزيارة إلى الصحراء الغربية للتحقيق في انتهاكات حقوق الإنسان في أقرب وقت ممكن ، بما في ذلك الاعتداء الجنسي الإجرامي على سلطانة خايا وشقيقتها. كما ندعو مجلس الأمن الدولي إلى إصلاح الغياب الطويل لآلية حقوق الإنسان في بعثة الأمم المتحدة للاستفتاء في الصحراء الغربية لتعزيز حماية حقوق الإنسان في الإقليم.
وأمام تزايد الضغوط الدولية على النظام المغربي بشأن القضية أعاد سفيره لدى الأمم المتحدة عمر هلال ترويج رواية حمل سلطانة خيا الكلاشينكوف وتصويرها بالزي العسكري.
وأكد هلال في رسالة إلى مجلس الأمن: “في ما يتعلق بالمدعوة سلطانة خيا، على وجه الخصوص، يجدر التساؤل منذ متى كان نشطاء حقوق الإنسان يرتدون زيا عسكريا ويحملون بندقية كلاشينكوف؟”.
وكانت هذه الرواية المغربية هي نفسها التي قدمت سابقا، بعد ضغوط منظمات حقوقية حول انتهاكات حقوق الانسان بحق الصحراويين، ورد ناشطون صحراويون بأن خيا لو كانت تملك تدريبا عسكريا وسلاحا لما تمكن الأمن المغربي من فرض إقامة جبرية والاعتداء عليها وعلى عائلتها طيلة أشهر.
لجنة حقوقية: الاعتداء على المناضلة سلطانة خيا من قبل الأمن المغربي
قالت اللجنة الوطنية الصحراوية لحقوق الإنسان، الاثنين 15 نوفمبر 2021، إن الناشطة سلطانة خيا تعرضت لاعتداءات ومحاولات اغتصاب على يد رجال أمن مغاربة بمدينة بوجدور المحتلة بعد اقتحام منزل العائلة.
وأكدت اللجنة في بيان لها أنه في تحد صارخ لجميع المعايير والمعاهدات الدولية لحقوق الإنسان واتفاقيات جنيف المتعلقة بحماية المدنيين تحت الاحتلال، تمارس السلطات الملكية القمعية أسوأ أشكال القمع الممنهج ضد المدافعة الصحراوية عن حقوق الإنسان سلطانة سيد إبراهيم خيا وعائلتها.
عاجل
تم فجر اليوم إقتحام منزلة عائلة أهل المناضلة والناشطة الحقوقية سلطانة خيا وتم ضرب النساء والوالدة متو البالغةمن العمر 84 وإغتصاب سلطانة خيا وتخريب المنزل وسرقة الأثاث من طرف قوات الإحتلال المغربي في مدينة بوجدور المحتلة #الصحراءالغربية 🇪🇭 pic.twitter.com/XO9gcUELqW
— Said Mohamed erradi (@Saiderradi8) November 15, 2021
I have been effectively held under house arrest by Moroccan authorities in Boujdour, Western Sahara 🇪🇭 In this video I am explaining the fifth raids on my house today 15/11/2021.my message to occupation that we will continue our struggling. pic.twitter.com/Yy9OzreRfD
— الحساب الرسمي سلطانة سيد إبراهيم خيا Sultana Khaya (@Sultanakhayya1) November 15, 2021
https://twitter.com/Sultanakhayya1/status/1460231685224738817
وأوضحت إنه في وقت مبكر وعلى الساعة الخامسة وأربعين دقيقة من يوم 15 نوفمبر 2021، هجم عشرات من رجال الأمن المغاربة الملثمين تحت إشراف مباشر من رئيس دائرة الأمن الثالثة بمدينة بوجدور المحتلة المدعو محمد المدفعي، على منزل عائلة سيد إبراهيم خيا المحاصر منذ 19 نوفمبر 2020.
صرخات #سلطانة، #الواعرة هي ايضاً صرخات خيبة امل من كل من خذلها، وما اكثرهم.
ليست خيبة امل من المجتمع الدولي لانه كان دائماً رذيلاً نائماً عن آلام الضعفاء وإنما خيبةً وقهراً لكثرة الصحراويين وعدم قدرتهم على ازرها وحمايتها.
كأن كل إرادة الشعب الصحراوي هاجرت وإجتمعت في الاختين #خيا https://t.co/4kJoCCTjm6
— 🇪🇭في المَنْفَى🇪🇭 (@3rabiaFilmahgr) November 15, 2021
وقام ثلاثة رجال أمن بشل حركة سلطانة التي كانت تصرخ من التعذيب وتحاول الهروب من أيديهم حيث تعرضت للاغتصاب والاعتداء الوحشي وكذلك الأمر لشقيقتيها الواعرة وأميلمنين.
وأضاف البيان أن هذا الاعتداء الجبان بالكامل وقع أمام والدتهم الطاعنة في السن السيدة مينتو أمبيريك 84 عامًا، التي كانت ترتجف من الخوف والعجز وهي تتوسل لمن أساءوا إليها أن يوقفوا جريمتهم الشنيعة.
وأكدت اللجنة أن هذا الاعتداء الجبان على المناضلة الحقوقية الصحراوية سلطانة خيا وصمة عار على جبين الهيئات الدولية المعنية باحترام حقوق الإنسان والشعوب.
يستمر حصار منزلي ببوجدور المحتل #الصحراء_الغربية لأكثر من 360 يوم من طرف قوة الإحتلال المغربي المحاصرة للمنزل منذ 19 نوفمبر 2020
12/11/2021@amnesty @ICRC @hrw pic.twitter.com/Raw7xGjzaS
— الحساب الرسمي سلطانة سيد إبراهيم خيا Sultana Khaya (@Sultanakhayya1) November 12, 2021
منع وفد نسائي إسباني من زيارة سلطانة خيا
وفي 4 أكتوبر 2021، كشفت وزارة شؤون الأرض المحتلة والجاليات الصحراوية، أنّ الاحتلال المغربي أقدم على طرد وفد نسائي من الأراضي الصحراوية بعد منعهن من زيارة المناضلة الحقوقية سلطانة خيا.
وبحسب الوزارة فقد تم استفزاز أعضاء الوفد النسائي ومنعهن من زيارة المناضلة الحقوقية سلطانة خيا وعائلتها من قبل قوات الاحتلال التي مارست الكثير من المضايقات ضدّ الناشطات الإسبانيات، قبل أن تطردهن بالقوة.
وأبرزت الوزارة في بيان نقلته وكالة الأنباء الصحراوية تضامنها المطلق مع أعضاء الوفد اللائي مُنعن بالقوة من زيارة عائلة خيا، وندّدت بما تعرضن له على أيدي سلطات الاحتلال من إجراءات قمعية وترحيلهن قسرًا.
وناشدت اللجنة الدولية للصليب الأحمر بالتدخل العاجل وتحمّل مسؤولياتها كاملة إزاء ما ترتكبه دولة الاحتلال المغربية من جرائم ضد الإنسانية في حق أبناء الشعب الصحراوي العُزّل.
كما دعت للعمل على إطلاق سراح الأسرى الصحراويين وفتح الجزء المحتل من الصحراء الغربية أمام الهيئات الحقوقية والصحافة والمراقبين الدوليين.
وجاء في البيان ذاته: “قوات الاحتلال لم تكتف فقط بمنع الوفد، بل عزلته عن بقية المسافرين وحاصرته بأكثر من 20 عنصرًا من عناصر شرطتها ومخابراتها، واحتجزت جوازاته وحقائب سفره وسط جو من الاستفزازات والمضايقات والمنع من الاتصال بالعالم الخارجي قبل أن تقوم بترحيله إلى إسبانيا بالقوة”.
واعتبرت الوزارة ما أقدمت عليه قوات الاحتلال القمعية المغربية بمطار مدينة العيون المحتلة، السبت، ومنع وفد قادم من إسبانيا، استمرارًا لانتهاكاتها الصارخة لحقوق الإنسان وإجراءاتها الإجرامية واللا قانونية.
وطالبت مجلس الأمن الدولي ومنظمة الأمم المتحدة بالتعجيل في تصفية الاستعمار من الجزء المحتل من تراب الجمهورية العربية الصحراوية الديمقراطية وتمتيع الشعب الصحراوي بحقه غير القابل للتصرف في الحرية والاستقلال وإلزام دولة الاحتلال المغربية باحترام الشرعية الدولية.
يُشار إلى أنّ الوفد الاسباني تكوّن من المحاميتين الإسبانيتين “إيناس ميرندا” و”فلورا راموس”، إضافة إلى الدكتورة الرعبوب محمد لمين.
وتمّ منع الثلاثة من قبل سلطات الاحتلال من التوجه الى مدينة بوجدور المحتلة لمؤازرة الناشطة الحقوقية والبطلة الصحراوية سلطانة سيد إبراهيم خيا وأختها المناضلة الجسورة الواعرة وعائلتها، والاطمئنان على وضعيتهم الصحية المتدهورة.
يذكر أن الناشطة خيا وعائلتها يعيشون ظروفا صعبة للغاية نتيجة الحصار المستمر من طرف سلطات الاحتلال التي تواصل اعتداءاتها اليومية في حقهم منذ حوالي عشرة أشهر انتقامًا من مواقفهم السياسية المطالبة بالحرية والاستقلال وإنهاء الاحتلال.
ويواصل الاحتلال المغربي حصاره المضروب على الناشطة سلطانة خيا وعائلتها منذ أزيد من 310 أيام، متجاهلاً الدعوات الدولية المطالبة بوقف هذه الممارسات الخطيرة.
وتعرضت سلطانة خيا، إلى الضرب الأربعاء الماضي على يد عناصر تابعة للأمن المغربي، كما تمّ الاعتداء على مجموعة من المناضلين الصحراويين قدموا لمنزل عائلتها للتضامن معها، ما خلّف إصابات عديدة في صفوفهم.",success,20221117,,AUTHORITIES,,,190,4,-10.0,-6.07269503546099,26.1147,-14.3892,4,https://www.echoroukonline.com/%D8%B7%D8%A7%D9%84%D8%A8%D8%AA%D8%A7%D9%86-%D9%86%D8%B1%D9%88%D9%8A%D8%AC%D9%8A%D8%AA%D8%A7%D9%86-%D8%AA%D8%B1%D9%88%D9%8A%D8%A7%D9%86-%D8%AD%D8%A7%D8%AF%D8%AB%D8%A9-%D8%B7%D8%B1%D8%AF%D9%87%D9%85,www.echoroukonline.com,True,True,2022-11-17,464209.0,MOR-2022-1-721-4,2022.0,False,Clear,1.0,331.0,331.0,Morocco: Sahrawi Arab Democratic Republic (Western Sahara),721.0,721.0,Government of Morocco - POLISARIO,108.0,108.0,Government of Morocco,563.0,563.0,POLISARIO,1.0,"""AllAfrica,2023-02-02,Western Sahara's 'Frozen Conflict' Heats Up, but World's Attention Elsewhere
CR 	The New Humanitarian""",AllAfrica,2023-02-02,"Western Sahara's 'Frozen Conflict' Heats Up, but World's Attention Elsewhere
CR 	The New Humanitarian",The New Humanitarian,2.0,Al Mahbas village,"Drone strikes are concentrated along the wall ""the Berm""",Guelmim-Oued Noun region,Assa-Zag province,27.41434,-9.04785,POINT (-9.04785 27.41434),168822.0,Morocco,600.0,Africa,1.0,1.0,2022-11-15,2022-11-15 00:00:00.000,0.0,4.0,0.0,0.0,4.0,4.0,4.0,600.0,
1072420243,"جبهة البوليساريو تدين منع طالبتين نرويجيتين من زيارة العيون المحتلة
أدانت جبهة البوليساريو “بشدّة” منع الاحتلال المغربي الطالبتين النرويجيتين، هيلين لورنتزن ومارتي هيتيرفيك، من التوجّه إلى العيون المحتلة، في إطار دراستهما الأنثروبولوجية للوقوف على أسلوب حياة المجتمع الصحراوي.
وقال أبي بشرايا البشير عضو الأمانة الوطنية لجبهة البوليساريو، المكلّف بأوروبا والاتحاد الأوروبي في بيان، إنّ:
هذه الإجراءات، يتبعها الاحتلال المغربي، عندما يتعلق الأمر بالأجانب الذين يريدون الاطلاع على الجزء المحتل من الصحراء الغربية، لمراقبة أوضاع حقوق الإنسان في المنطقة. في مسعى منه لتحويل الإقليم إلى منطقة محظورة، مغلقة أمام أي محاولة خارجية لنقل الشهادات الحيّة، والمحايدة، والموضوعية حول الوضع السائد في الأراضي الصحراوية المحتلة.
وذكرت البوليساريو في ذات البيان أنه:
يتمّ بشكل منهجي، منع ممثلي المنظمات غير الحكومية المعنية بحقوق الإنسان أو الصحفيين أو المراسلين أو الباحثين أو البرلمانيين و السياسيين، أو حتى المواطنين البسطاء، من الذهاب إلى الأراضي الصحراوية المحتلة. ويتم طردهم باستخدام العنف، كما كان الشأن في حالة الطالبتين النرويجيتين.
واستدلت البوليساريو في هذا الشأن بما وقع لستافان دي ميستورا، المبعوث الشخصي للأمين العام للأمم المتحدة، الذي منع من زيارة الأراضي المحتلة ومقابلة الصحراويين الذين يعيشون هناك.
وتابع البيان:
منذ عام 2015، تهدف السياسة التي يتبعها الاحتلال المغربي إلى عزل الإقليم عن العالم الخارجي. إضافة إلى اضطهاد المدنيين لمنعهم من سرد الوقائع.
وهذا بالإضافة إلى سياسة إفراغ المنطقة من سكانها الأصليين، حتى يتسنى للمحتل الاستمرار في استعماره، وسيطرته على الأراضي الصحراوية، ونهب ثروات الإقليم، مع الإفلات التام من العقاب.
طالبتان نرويجيتان ترويان حادثة طردهما من العيون الصحراوية
وفي 17 نوفمبر 2022، قامت سلطات النظام المغربي، قبل أيام بطرد طالبتين نرويجيتين من مدينة العيون الصحراوية المحتلة، بعد زيارة لهما في إطار بحث أكاديمي، بشأن التركيبة المحلية للسكان.
وحسب ما نقلت وسائل إعلام نرويجية، عن الطالبتين بيورغ هيلين لورنتزن ومارتي هيتيرفيك، فإن السلطات المغربية اعتقلت الطالبين النرويجيين بيورغ هيلين لورنتزن ومارتي هيتيرفيك وقامت بترحيلهما من الصحراء الغربية المحتلة.
بحسب موقع https://t.co/3Q7oDpLrK2، قامت سلطات الاحتلال المغربية بطرد الطالبتين النرويجيتين بيورغ هيلين ومارتي هيتيرفيك من الأراضي الصحراوية المحتلة، لأنها تخاف أن يطلع العالم على العواقب الرهيبة لاستمرار احتلالها غير الشرعي لأجزاء من #الصحراء_الغربية.https://t.co/Msi7miTKWI
— Amb. Sidi Omar (@SidiOmarNY) November 15, 2022
وحسب رواية الطالبتين، فإنهما كانتا في فندق بالعيون، عندما طلب منهما رجال أمن بزي مدني ركوب سيارة أجرة ومغادرة المدينة نحو أغادير، قبل ترحيلهما عبر المطار.
Bjørg (23) og Marte (23) ble i går deportert fra okkuperte #VestSahara 
“Vi fikk ikke se noen identifikasjon av dem. Vi måtte stole på at de var fra myndighetene. Det var en mann i dress og to andre i vanlige klær, forteller Marte Hettervik til NRK” https://t.co/5yxdGNQCkG
— Vest-Sahara (@vestsahara) November 15, 2022
وحسب نفس المصدر، فإن الطالبتين تدرسان الأنثروبولوجيا الاجتماعية في جامعة بيرغن، وسافرتا إلى الصحراء الغربية، لجمع معلومات حول طبيعة المنطقة وطريقة عيش سكانها وتركبيتها الديموغرافية.
Två norska medborgare utvisades från ockuperade Västsahara idag.
Marte Hettervik. 23 år.
Bjørg Helene Lorentzen, 23 år. Båda studerar socialantropologi på universitetet i Bergen.@NorwayUN, @NorwayMFA, @TobiasBillstrom, @SweMFA, @JanKEliasson pic.twitter.com/VTqhYFIrcB
— Västsaharakommittén (@SweWScommittee) November 14, 2022
وسبق للنظام المغربي الذي يروج لطرح مفاده أن سكان الأراضي الصحراوية المحتلة، يعيشون الرفاهية ويرفضون الاستقلال، أن رحل عدة ناشطين أجانب من المنطقة لمنع نقل الحقائق، كما رفض حتى زيارة المبعوث الأممي ستافان دي ميستورا الذي برمج لقاءات مع المجتمع المدني الصحراوي.
النظام المغربي يواجه 4 اتهامات بتعذيب ناشطين صحراويين أمام الأمم المتحدة
ويواجه النظام المغربي أربع شكاوى أمام لجنة مناهضة التعذيب التابعة للأمم المتحدة، تتّهم الرباط بـ”تعذيب” ناشطين صحراويين.
وحسب وسائل إعلام دولية، فقد رفعت الشكاوى من طرف المؤسسة الدولية لحقوق الإنسان، ورابطة حماية السجناء الصحراويين بالسجون المغربية، ومنظمات أخرى.
وذكرت المنظمات في بيان مشترك، أن الصحراويين الأربعة الذين تقدموا بالشكاوى، وهم محمد لمين هدي، وحسن الداه، وعبد المولى الحافظي، ومحمد باني، “معتقلون منذ 6 إلى 12 سنة، بناء على اعترافات انتُزعت منهم تحت التعذيب”.
واعتبرت المنظمات أن هذه الشكاوى التي قدّمت أمام لجنة مناهضة التعذيب التابعة للأمم المتحدة، “تجسّد الأمل بالإقرار بالتعذيب الذي تعرّض له هؤلاء في انتهاك للالتزامات الدولية للمغرب”.
وتؤكد المنظمات أن “مقدّمي الشكاوى أجبروا على توقيع اعترافات انتُزعت منهم تحت التعذيب، عبر العنف الجسدي والنفسي وأيضا الجنسي، من طرف قوات الأمن المغربية”.
“ولا يزال مقدّمو الشكاوى يتعرّضون يوميا للتعذيب وللمعاملة غير الإنسانية. إذ يقبع البعض منهم في الحبس الانفرادي منذ سنوات على غرار محمد لمين هدي”، يضيف البيان.
وصلت إسبانيا.. سلطانة خيا تنتصر على آلة قمع النظام المغربي (فيديو)
وفي 5 جوان 2022، طالبت جبهة تحرير الساقية الحمراء ووادي الذهب (بوليساريو) المجتمع الدولي بتوفير العلاج والحماية اللازمة للناشطة الحقوقية الصحراوية، سلطانة خيا، التي وصلت إلى إسبانيا لتلقي الرعاية الطبية.
ووصلت خيا جوا إلى مدينة اليكانتي الساحلية، مساء الجمعة، قادمة من جزر الكناري التي كانت قد وصلتها في الأول من جوان بعدما سُمح لها أخيرا بمغادرة منزلها في العيون، كبرى مدن الصحراء الغربية.
وبعد 16 شهرا من الإقامة الجبرية في الصحراء الغربية، ستخضع الناشطة في مجال حقوق الإنسان للعلاج.
#سلطانة_خيا اسم على مسمى بالفعل هي سلطانة #الصحراء_الغربية 🇪🇭
بمجابهتها العدو 🇲🇦وكسرها حصاره وأنفه  باالنضال والتضحية منا ومن كل الشعوب الحرة ألف تحية ✌️✌️@Sultanakhayya1#SaharaLibre#SaharaOccidental#westernsahara pic.twitter.com/2RA0GIaMBy
— Leila lahsen 🇪🇭 ليلى 🇩🇿🇨🇺🇿🇦🇻🇪 (@layla_lahsen) June 4, 2022
وقالت جبهة البوليساريو في بيان نشرته وكالة الأنباء الصحراوية إن ما تعرضت له الناشطة “جريمة ضد الإنسانية”، وأنها ظلت “تطالب المجتمع الدولي توفير الحماية لها و للمدنيين الصحراويين، و تطالب أيضا بضرورة العلاج و فتح تحقيق دولي”.
وقال ممثل جبهة بوليساريو في إسبانيا، عبدالله العرابي، لوكالة فرانس برس إن خيا وصلت إلى أليكانتي “حيث ستخضع لفحوص طبية”. ولم يكشف عن مدة بقائها في إسبانيا.
وأظهرت مشاهد نشرت على منصات التواصل الاجتماعي وصولها إلى المطار حيث كان في انتظارها حشد يحتفل برفع الأعلام وإطلاق الهتافات والزغاريد.
کان هذا الیوم استقبال اللبٶة سلطانة خیا وما ادرك ما سلطانة خیا تحية نضالیة لي هذه المراءة الحدیدة pic.twitter.com/PqrDSTmkEt
— سيدي محمد مولاي أحمد (@P3bHnz5sEx2hEIX) June 3, 2022
وقال فريقها القانوني في بيان إن خيا تعرضت “لعدد لا يحصى من انتهاكات حقوق الإنسان” خلال خضوعها للإقامة الجبرية وتتواجد في إسبانيا سعيا لتلقي العلاج من جروحها.
كانت وزارة الخارجية الأميركية استنكرت محنتها وكذلك العديد من مجموعات حقوق الإنسان الدولية مثل مفوضية الأمم المتحدة السامية لحقوق الإنسان و”هيومن رايتس ووتش” و”فرونت لاين ديفندرز” (المدافعون في الخطوط الأمامية) وغيرها.
إستقبال الجالية الصحراوية للمناضلة سلطانة خيا عصر اليوم بمطار Alicante الإسبانية#الصحراء_الغربية المحتلة pic.twitter.com/JMNAMnG7x7
— 🇪🇭R.A.S.D🇩🇿🇵🇸♥️ (@tDcNsV4VVrHqGgD) June 3, 2022
وقالت منظمة العفو الدولية العام الماضي إن قوات الأمن المغربية عرّضت سلطانة خيا “مراراً للتعذيب أو غيره من ضروب سوء المعاملة، بما في ذلك الاعتداء الجنسي والاغتصاب”.
وتترأس خيا “رابطة الدفاع عن حقوق الإنسان ومكافحة نهب الموارد الطبيعية”، كما تنتمي إلى “الهيئة الصحراوية لمناهضة الاحتلال المغربي” (إيساكوم) المؤيدة لحق تقرير المصير من دون عنف للصحراويين.
“صوت نساء خيا هو صوت نساء العالم” عنوان ندوة رقمية بلمسة دولية تضامنا مع حصار منزل عائلة أهل خيا، يوم السبت 28 مايو 2022 على منصة زووم بحضور نساء حول العالم يمثلن منظمات دولية و ستبث حصريا على صفحة الحملة “together to end the siege of the khaya family “ #إرادتي_ليست_جدار pic.twitter.com/U4JNFSHiS3
— الحساب الرسمي سلطانة سيد إبراهيم خيا Sultana Khaya (@Sultanakhayya1) May 26, 2022
الصحراء الغربية: شاحنة ترتطم بمنزل سلطانة خيا
ويوم 16 ماي 2022، تعرضت الناشطة الصحراوية سلطانة خيا، إلى اعتداء من قبل النظام المغربي بعد استهداف منزلها بشاحنة تابعة للشرطة المغربية ارتطمت به ليلا.
ودعت الجمهورية العربية الصحراوية المجتمع الدولي والمنظمات الدولية إلى العمل من أجل كشف ملابسات محاولة الاغتيال التي تعرضت لها سلطانة خيا وعائلتها ببوجدور المحتلة ومتابعة منفذيها و الأجهزة الأمنية لنظام المخزن الذي يقف وراءها.
🔴خطوة خطيرة و حادثة تورط الإحتلال المغربي في نفي عائلة أهل خيا 
في محاولة جبانة وفاشلة للإحتلال المغربي. بمدينة بوجدور المحتلة الصحراء الغربية و بعد منتصف الليل،  الإثنين 16/05/2022
قوات الاحتلال المغربي تقوم بتهديم جزئي لمنزل عائلة المدافعة عن حقوق الإنسان سلطانة خيا pic.twitter.com/WlXwkTQy8H
— mahyuba (@mahyuba2) May 16, 2022
وعبرت وزارة شؤون الأرض المحتلة والجاليات في بيان, عن شديد الإدانة لهذه الأعمال العدائية الجبانة,معتبرة إياها “محاولة اغتيال لا لبس فيها”,حيث استهدفت شاحنة تابعة للشرطة المغربية منزل خيا “بالدهس والارتطام” .
وأضافت إنه اعتداء على الصحراويات, سلطانة وأختها الواعرة, و في نفس الوقت تخويف للناشطين الأجانب المتضامنين مع النشطاء الصحراويين, موضحة أن الاعتداء المغربي على الناشطات الصحراويات يعد محاولة قطع الطريق أمام مؤيديهم الأجانب لمنعهم من الانضمام إليهم.
في منزل عائلة المناضلة الكبيرة سلطانة خيا توجد الناشطة الأمريكية روث ماكدونو المضربة عن الطعام منذ ١١ يوماومواطنها الامريكي المضرب عن الطعام منذ 4 ايام مناصرين للشعب الصحراوي ومحاولة الإحتلال المغربي هدم المنزل على رؤسهم تعتبر جريمة مكشوفة الأبعاد pic.twitter.com/morkESOlTC
— #حسان_بوليساريو_تنتصر@ (@hassanmuilidali) May 16, 2022
وأوضح البيان أن عملية دهس منزل العائلة بشاحنة ثقيلة تمثل “استهداف ممنهج وعن سبق إصرار,يهدف بشكل مباشر إلى تخويف و تهديد عائلة سلطانة خيا و من معها من الناشطين الأجانب”, منهم الحقوقية الأمريكية ,روث ماكدونو,التي تدهورت حالتها الصحية بعد دخولها في إضراب تضامنا مع الناشطين الصحراويين.
حاول الاحتلال المغربي ليلة البارحة تنفيذ جريمة اغتيال جماعية ضد سلطانة و الواعرة خيا و أفراد عائلتهم بالإضافة إلى المواطنين الأمركيين المقيمين بالمنزل منذ قرابة الشهرين و المضربين عن الطعام احتجاجا على مواصل المغرب جرائمه ضد هذه العائلة.
1/4 (يتبع) pic.twitter.com/Yipuslxuoo
— Anna Habibi🇪🇭 (@AnnaSahrauia) May 16, 2022
قضية سلطانة خيا: ناشطة أمريكية تخوض إضرابا عن الطعام ببوجدور
ومنذ 9 ماي 2022، تواصل المتضامنة الأمريكية روث ماكدونو إضرابها عن الطعام لليوم السادس على التوالي ببوجدور الصحراوية دعما للناشطة الصحراوية سلطانة خيا القابعة وعائلتها رهن الإقامة الجبرية منذ أكثر من سنة.
وقالت الهيئة الصحراوية لمناهضة الاحتلال المغربي (إيساكوم) في بيان “المخاوف من تدهور الوضعية الصحية للمتضامنة الأمريكية جراء مضاعفات الإضراب عن الطعام الذي تخوضه محملة سلطات الاحتلال المغربي المسؤولية عن حياتها (المتضامنة الأمريكية)”.
Sahrawi activist enlists Americans to stop police beatings and sexual assault https://t.co/dJiJHsQTNE #politics #feedly
— Leicester Worker (@LeicesterWorker) May 5, 2022
Los activistas de #USA que acompañan a #SultanaJaya, #RuthMcDonough y su compañero entran en #huelga de hambre en #solidaridad con activistas saharauis de #DerechosHumanos y el pueblo saharaui a fin de llamar la atención hacia el sufrimiento que padece bajo #ocupación marroqui pic.twitter.com/F5hHSU1Jen
— Jadiyetu El Mohtar (@Jadiyetumohtar) May 5, 2022
كما جددت الهيئة بالمناسبة استنكارها الشديد “للانتهاكات المغربية الجسيمة التي ترتكبها بحق المناضلة سلطانة خيا وعائلتها، ولاسيما استمرار الحصار البوليسي وحرمان المواطنين من زيارتهم والاعتداء عليهم بالضرب، وجملة الإجراءات التي تنتهك حقوق الإنسان”.
Desde ayer sabemos que Ruth McDonough y Tim Pluta han comenzado una huelga de hambre por la situación de la activista saharaui Sultana Khaya y nos piden ayuda y difusión. Todo mi apoyo y respeto, compañero. pic.twitter.com/XVwjGNx30f
— C (@carmenbellas) May 5, 2022
⭕️المتضامنة الأمريكية🇺🇸 ” روث ماكدونو” مع عائلة #أهل_خيا🇪🇭 ببوجدور المحتل تخوض إضراباً عن الطعام https://t.co/K1FOug8m9C pic.twitter.com/btjAXp6bOA
— RASD🇪🇭TODAY (@RasdToday) May 4, 2022
وكانت روث ماكدونو قد شرعت في الرابع ماي الجاري بمدينة بوجدور المحتلة في إضراب عن الطعام من أجل مؤازرة ودعم خيا وعائلتها وجميع أفراد الشعب الصحراوي وللفت الانتباه إلى ما يرتكبه المغرب بالأراضي الصحراوية المحتلة من انتهاكات وجرائم بحق الصحراويين.
Saultana Sidbrahim Khayya 
Ruth McDonough
Tim Pluta MD, PhD#SaharaOccidental#Boujdour pic.twitter.com/miYkYZAiDp
— Anna Habibi🇪🇭 (@AnnaSahrauia) May 4, 2022
وكان وفد أمريكي قد تمكن في الـ 16 مارس الماضي، من كسر الحصار الأمني الذي فرضته قوات الاحتلال المغربية على المنزل العائلي للناشطة الحقوقية الصحراوية سلطانة خيا، بمدينة بوجدور المحتلة منذ أكثر من عام.
وفي هذا الإطار، أشارت الهيئة الصحراوية إلى أن “المتضامنين الأمريكيين تحدوا الصعوبات والعراقيل ووصلوا إلى منزل خيا، من أجل دعمها والمطالبة برفع الحصار عنها وتمتيعها بحقوقها”.
وبعد تجاهل السلطات المغربية وصمت المجتمع الدولي وتواطئ بعض الدول التي تدعي الدفاع عن حقوق الإنسان – يضيف بيان الهيئة – “شرعت المتطوعة الأمريكية روث ماكدونو في خوض إضراب عن الطعام احتجاجا على استمرار حصار منزل المناضلة سلطانة وعائلتها دون سند أو مسوغ قانوني”.
أمنيستي تطلق حمة الـ 10 آلاف توقيع لإنهاء “كابوس سلطانة خيا”
ويوم 12 أفريل 2022، أعلنت منظمة العفو الدولية عن إطلاق حملة لجمع التوقيعات، من أجل توجيه رسالة إلى الحكومة المغربية بشأن الانتهاكات التي تتعرّض لها المناضلة الصحراوية سلطانة خيا.
وقالت المنظمة في بيان، إنّها ستوجّه رسالة إلى رئيس الحكومة المغربية عزيز أخنوش تطالبه بالتحقيق في الإقامة الجبرية غير القانونية التي تخضع لها سلطانة خيا.
وتهدف المنظمة إلى جمع 10 آلاف توقيع عبر موقعها الإلكتروني، من أجل أن “لا يمرّ الكابوس الذي عاشته سلطانة”، وهي رئيسة رابطة الدفاع عن حقوق الإنسان ومكافحة نهب الموارد الطبيعية في الصحراء الغربية، “من دون عقاب”.
وذكرت منظمة العفو الدولية أن سلطانة، تعرّضت إلى الاغتصاب والاعتداء الجسدي في منزلها رفقة عدد من أفراد عائلتها.
#StandUp4HumanRights
A Sultana Khaya la violaron por ser activista saharaui.
¡Pedimos justicia! @UN @ICRC @mbachelet @PMaurerICRC @amnesty @UNHumanRights @UN_HRC  https://t.co/dJwU0eMka4 vía @amnistiaespana
— Ahmed Batah (@AhmedBAbdeslam) April 12, 2022
أمريكيون يكسرون حصار النظام المغربي على المناضلة سلطانة خيا
وفي 17 مارس 2022، تمكن وفد أمريكي من كسر الحصار الأمني الجائر الذي فرضته قوات الاحتلال المغربي على المنزل العائلي للناشطة الحقوقية الصحراوية سلطانة خيا بمدينة بوجدور المحتلة منذ أكثر من عام.
وأفاد مركز عمل حقوق الإنسان الأمريكي في بيان له إن متطوعين من الولايات المتحدة، على غرار روث ماكدونو وأدريان كين، قد وصلوا إلى المنزل العائلي لسلطانة خيا، وهم حاليا ضيوف عندها، “لحماية العائلة من انتهاكات حقوق الإنسان وكسر الحصار على المنزل”، الذي استمر قرابة 500 يوما من طرف قوات القمع المغربية.
وأبرز مركز عمل حقوق الإنسان أنه “لأول مرة، و بعد مرور أزيد من سنة على الحصار المفروض على عائلة المناضلة الصحراوية سلطانة خيا، تمكن أربعة ممثلين لمنظمات الدفاع عن حقوق الإنسان من الولايات المتحدة الأمريكية من الاطلاع على واقع الحصار غير القانوني على عائلة أهل خيا ودخلوا المنزل”.
https://twitter.com/nadisou6965/status/1504247119128977408?fbclid=IwAR3Ok6_hSjTjj-E6A3D37KNfjv_ZZS59Uz311r_2yz4t26I1_MqW679sd7Q
وقالت الناشطة الحقوقية الصحراوية سلطانة خيا في اتصال مع وكالة الأنباء الجزائرية، إن “الوفد الحقوقي الذي كسر الحصار اليوم عن منزلها، يتكون من رجلين وامرأتين بينهم طبيب، جاؤوا للتضامن معها ضد ما تتعرض له من قمع على يد القوات المغربية، في انتهاك للقانون الدولي”.
ويطالب مركز عمل حقوق الإنسان بوضع حد لعمليات الاغتصاب ومحاسبة المتورطين وضمان حرية الحركة لعائلة خيا وجميع الزوار، كما يدعم المركز الحقوقي الأمريكي، مطالب سلطانة خيا وعائلتها، بما في ذلك إزالة القوات والحواجز حول منزلهم و حيهم، ومعالجة خزان المياه الملوثة.
https://twitter.com/___sssSsss____/status/1504234200966172675?fbclid=IwAR2ryOdZO-yEAsbphnMeG4740dujJGe6qSsruyuvKX5J_McdJ9YjcJ5K9TM
وكانت قوات القمع المخزنية قد فرضت الإقامة الجبرية على المنزل العائلي للمدافعة عن حقوق الانسان سلطانة خيا منذ شهر نوفمبر 2020، حيث تعرضت الأسرة لانتهاكات جسيمة لحقوق الانسان، بما في ذلك اقتحام المنزل و الاعتداء الجنسي على سلطانة خيا وشقيقتها، والحقن بمواد مجهولة المصدر.
قمع مظاهرة للتضامن مع سلطانة خيا بالعيون
ويوم 10 فيفري 2022، أدانت الهيئة الصحراوية لمناهضة الاحتلال المغربي بشدة قمع مظاهرة سلمية للتضامن مع السلطانة خيا وعائلتها.
وأفاد المكتب التنفيذي للهيئة، في بيان له الأربعاء: “بحسب المعلومات الميدانية التي تم رصدها، فقد تدخلت قوات الاحتلال المغربية ممثلة في ما أطلق عليهم القوات المساعدة بزيهم الرسمي ودون سابق إنذار، باستعمال أبشع أنواع التعنيف في حق المناضلات اللاتي تجمهرن بالشارع العام للتضامن مع المدافعة عن حقوق الإنسان سلطانة خيا وعائلتها المحاصرين من طرف قوات القمع المغربية ببوجدور المحتلة منذ اأثر من 15 شهرا، مرددين الشعارات المطالبة بالحرية والاستقلال”.
وقد أدى التدخل الهمجي -بحسب ذات البيان- إلى إصابة كل من مينة اباعلي و غلي عجنة و ليلى الليلي، و هن عضوات بالهيئة الصحراوية لمناهضة الاحتلال المغربي، بالإضافة الى اصابة الصالحة بوتنكيزة، و هي اعلامية مراسلة التلفزة الصحراوية، كما تم منع عضو الهيئة، مريم دمبر، من الوصول إلى مكان المظاهرة، بعد ان تمت محاصرة منزل عائلتها من طرف سيارات تابعة لشرطة الاحتلال واجبارها على المكوث في المنزل.
وأعادت الهيئة “التأكيد على الحقوق المشروعة غير القابلة للتصرف للشعب الصحراوي”، مجددة مطالبتها المجتمع الدولي ب”التدخل العاجل لحماية المدنيين في الأراضي المحتلة من الصحراء الغربية، والعمل على إنهاء الحصار الامني والعسكري والإعلامي”.
كما طالبت الهيئة بتجسيد على ارض الواقع “مبدأ المحاسبة الذي شكل غيابه تشجيعا لقوات الاحتلال على الإعتداءات ضد المدنيين الصحراويين، والتحلل من القيود والالتزامات التي يفرضها القانون الدولي على سلطات الاحتلال، بل ان -تضيف الهيئة- غياب سياسة الافلات من العقاب، شجع تلك القوات على المضي قدما في انتهاكاتها الجسيمة لقواعد القانون الدولي الإنساني والقانون الدولي لحقوق الإنسان”.
التضييق على سلطانة خيا.. حملة الكترونية أوروبية للضغط على المغرب
أطلقت منظمة ”أكات” الفرنسية حملة إلكترونية، أواخر جانفي 2022 من أجل رفع الحصار والتضييق الذي تتعرض له الناشطة الصحراوية سلطانة خيا وعائلتها من قبل قوات الاحتلال المغربي.
ودعت المنظمة الفرنسية المختصة في مناهضة التعذيب، الممثل السامي للاتحاد الأوروبي للسياسة الخارجية والأمن إلى التدخل العاجل لوضع حد للاعتداءات المتكررة في حق الناشطة الصحراوية سلطانة خيا وأفراد عائلتها في سياق الهجمات المغربية التي تستهدف المدافعين الصحراويين عن حقوق الإنسان.
وأشارت المنظمة الفرنسية المختصة في مناهضة التعذيب، إلى أن الناشطة سلطانة خيا وعدد من المناضلين من أجل تقرير المصير لشعب الصحراوي وحقوقه الأساسية، صاروا هدفا للهجمات المتكررة من طرف أجهزة النظام المغربي، والاعتداءات الجنسية والحقن بمواد مجهولة تعرض حياتهم للخطر.
وفي هذا الصدد، دعت (أكات) الممثل السامي للاتحاد الأوروبي للسياسة الخارجية والأمن، جوزيب بوريل، لمطالبة سلطات الإحلال المغربية إلى وضع حد لجميع أشكال العنف، ضد المدافعين عن حقوق الإنسان، بمن فيهم سلطانة خيا ورفع الإقامة الجبرية والحصار العسكري على منزل عائلتها.
كما طالبت المنظمة من بوريل، حث الرباط على احترام التزاماتها الدولية بشأن حماية حقوق الإنسان وخاصة مناهضة التعذيب وسوء المعاملة، وفتح تحقيق مستقل في أعمال التعذيب والانتهاكات الأخرى التي عانت من سلطانة خيا وشقيقتها.
الصحراء الغربية: أكثر من 300 منظمة دولية توجه رسالة للنظام المغربي
ويوم 27 جانفي 2022، جهت أكثر من 300 منظمة حقوقية عضو في مجموعة جنيف للدعم من أجل حماية وترقية حقوق الإنسان في الصحراء الغربية، رسالة للنظام المغربي دعته فيها إلى التخلي عن سياساته الاستعمارية وتطبيق القانون الدولي.
ودعت المنظمات غير الحكومية وعددها 306 في بيان لها “حاملي اللائحة الخاصة بالصحراء الغربية في مجلس الأمن الدولي إلى إدراج أبعاد حقوق الإنسان وسيادة القانون في مهمة البعثة الأممية لتنظيم استفتاء في الصحراء الغربية (مينورسو).
كما طالبت بتمكين المبعوث الشخصي للأمين العام للأمم المتحدة إلى الصحراء الغربية (ستافان دي ميستورا) من الوسائل لتجسيد عهدته وإتاحة الفرصة لشعب الصحراء الغربية للتعبير بحرية عن حقه في تقرير المصير و “الاستقلال”.
وحثت المجموعة التي تابعت “باهتمام كبير” الجولة الأولى في المنطقة لستافان دي مستورا المغرب على “التخلي عن طموحاته وسياساته الاستعمارية واحترام القانون الدولي وتطبيقه لصالح الشعب الصحراوي وسكان منطقتي المغرب العربي والساحل”.
كما أعرب أعضاء المجموعة عن أسفهم “العميق” لعدم زيارة دي ميستورا الإقليم غير المستقل الذي يحتله المغربي و”المغلق تمامًا أمام أي تحقيق مستقل منذ عام 2015 بما في ذلك من قبل المفوضية السامية لحقوق الإنسان”.
كما أشار أعضاء المجموعة إلى أن جميع لوائح الأمم المتحدة “تؤكد من جديد على الحق غير القابل للتصرف لجميع الشعوب في تقرير المصير والاستقلال”.
ونددت المنظمات غير الحكومية الـ306 بالموقف المغربي المستمر الذي يزعم أن الحل الوحيد الممكن للنزاع هو “إدماج الإقليم غير المستقل بالمغرب”.
كما أكد المصدر أن “هذا الموقف يتعارض بشكل أساسي مع أهداف ومبادئ ميثاق الأمم المتحدة، فضلاً عن أحكام لوائح مجلس الأمني الذي ما فتئ أعضاؤه يدعون الطرفين إلى استئناف المفاوضات دون شروط مسبقة وبحسن نية”.
ويؤكد النص أيضا أن “الاحتلال العسكري غير المشروع الذي طال أمده لإقليم الصحراء الغربية غير المستقل بدعم من فرنسا والولايات المتحدة والكيان الصهيوني قد تسبب وما زال يتسبب في حدوث انتهاكات جسيمة لحقوق الإنساني فضلاً عن انتهاك معايير القانون الإنساني الدولي بما في ذلك النهب غير القانوني للموارد الطبيعية الصحراوية.
الصحراء الغربية: الرباط توجه تهمة غريبة لهيومن رايتس!
ويوم 25 جانفي 2022، اتهمت الحكومة المغربية في خرجة غريبة، منظمة “هيومن رايتس ووتش” الحقوقية الدولية، بمعاداة الوحدة الترابية، بعد تقرير لها قدم أدلة دامغة حول تصاعد الانتهاكات ضد الناشطين الصحراويين.
واتهمت “هيومن رايتس ووتش” في تقريرها السنوي المتعلق باتجاهات حقوق الإنسان حول العالم لعام 2021، المغرب بمضايقة وملاحقة ناشطين صحراويين وعرقلة “عمل بعض المنظمات الحقوقية المحلية غير الحكومية”.
وقال تقرير المنظمة الحقوقية إن قوات الأمن المغربية أبقت، في نوفمبر 2020، “على تواجد كثيف شبه دائم خارج منزل ناشطة الاستقلال سلطانة خيا في بوجدور في الصحراء الغربية”.
وأضاف التقرير أن السلطات المغربية “لم تقدم أي مبرر لذلك ومنعت العديد من الأشخاص بمن فيهم أفراد الأسرة من الزيارة”، ونقلت عن خيا قلوها إن “قوات الشرطة داهمت منزلها عدة مرات وضربتها وقريبتها ولطخت المنزل بسائل كريه الرائحة”.
كما اتهم التقرير السلطات المغربية بمنع “التجمعات المساندة لحق الصحراويين في تقرير المصير، وعرقلت عمل بعض المنظمات الحقوقية المحلية غير الحكومية، بما في ذلك عن طريق منعها من التسجيل القانوني، وفي بعض الأحيان ضرب النشطاء والصحفيين أثناء احتجازهم وفي الشوارع، أو مداهمة منازلهم وتدمير أو مصادرة متعلقاتهم”.
وأضافت “هيومن رايتس ووتش” أنه في 2021، “ظل 19 رجلا صحراويا في السجن بعد إدانتهم في محاكمتين جائرتين عامي 2013 و2017 بقتل 11 عنصرا من قوات الأمن، خلال اشتباكات اندلعت بعد أن فككت السلطات بالقوة مخيما احتجاجيا كبيرا في أكديم إزيك، الصحراء الغربية، في 2010”.
ووفق التقرير، “اعتمدت كلتا المحكمتين بشكل شبه كامل على اعترافاتهم للشرطة لإدانتهم، دون التحقيق بجدية في مزاعم أن المتهمين وقّعوا على اعترافاتهم تحت التعذيب. ,أيّدت محكمة النقض، أعلى هيئة قضائية في المغرب، حكم الاستئناف في 25 نوفمبر 2020″.
وبدل تقديم ردود مقنعة حول التقرير الحقوقي راحت المندوبية الوزارية، المكلفة بحقوق الإنسان في المغرب، تلوك اسطوانة الوحدة الترابية مجددا.
وأكدت إن الفقرات الواردة في تقرير المنظمة لسنة 2021 تعد أكبر حجة على انخراطها في حملة سياسية ممنهجة مضادة لبلدنا.. وأكبر دليل على عدم انسجامها مع منهجها، بخصوص التعامل مع الحقائق” رغم أن التقرير يتحدث عن اقليم مستقل عن المغرب وفق قرارات ألامم المتحدة والقانون الدولي.
الأمن المغربي يحقن سلطانة خيا بحقنة ثانية مجهولة!
ومطلع ديسمبر 2021، كشفت الناشطة الصحراوية، سلطانة خيا، أن الأمن المغربي قام بحقنها بحقنة ثانية مجهولة بعدما هاجم منزلها واعتدى على جميع أفراد عائلتها.
وقالت الناشطة في تغريدة، عبر حسابها على تويتر: “تم فجر اليوم الأحد 05/12/2121 هجوم بربري على منزلى من طرف عناصر تابعين للأجهزة المغربية والإعتداء على جميع أفراد الأسرة بما فيهم أمي أمتوا وتم حقنى بحقنة ثانية مجهولة”.
عـــــــــــاجل 
🔴تم فجر اليوم الأحد 05/12/2121  هجوم بربري على منزلى من طرف عناصر تابعين للأجهزة المغربية والإعتداء على جميع أفراد الأسرة بما فيهم أمي أمتوا وتم حقنى بحقنة ثانية مجهولة
— الحساب الرسمي سلطانة سيد إبراهيم خيا Sultana Khaya (@Sultanakhayya1) December 5, 2021
ونشر مناضل صحراوي مدافع عن القضية الوطنية ضد الاحتلال المغربي، فيديو يتحدث عن تفاصيل الاعتداء على خيا وعائلتها عبر حسابه على تويتر، مؤكدا من خلالها إنها في خطر.
⭕حصار ظالم  وجرائم مستمرة…
تم الهجوم فجر هذا اليوم الأحد 05/12/2021 على الساعة الرابعة فجرا على منزل عـــــــــــائلة المدافعة عن حقوق الإنسان #سلطانة_خيا  من طرف عناصر تابعين للأجهزة القمعية المغربية المحاصرة للمنزل منذ  19 نوفمبر 2020#عائلة_أهل_خيا_في_خطر pic.twitter.com/s5NUng7s7L
— chayaj said (@chayaj_said) December 5, 2021
قضية سلطانة خيا: العفو الدولية تفضح روايات النظام المغربي (وثيقة)
دعت منظمة العفو الدولية النظام المغربي بوضع حد فوري، لما أسمتها اعتداءات وحشية ضد الناشطة الصحراوية، سلطانة خيا وعائلتها، والمتواصلة منذ ما يزيد على السنة.
وفي رسالة إلى رئيس الحكومة المغربية عزيز أخنوش، طالبت المنظمة الدولية بإجراء تحقيق سريع وحيادي بخصوص الأعمال التعسفية التي تمارسها قوات الأمن والاعتداءات على سلطانة خيا وأسرتها، بما في ذلك الاعتداءات الجنسية وضمان تقديم المشتبه فيهم إلى العدالة.
وحثت المنظمة النظام المغربي على ضمان حصول سلطانة خيا وعائلتها على العدالة وسبل الانصاف الفعالة، بما في ذلك التعويض المناسب، وضمان عدم تكرار إنتهاكات حقوق الإنسان التي تعرضوا لها.
https://www.amnestyalgerie.org/2021/12/01/une-militante-sahraouie-violee-par-les-forces-marocaines/?fbclid=IwAR0sxyIsyUeihWDpGmD91Qymprvy2wVOcHVNw3E4K8rLgfCFOPlvgAp21sY
وفيما يخص حصار منزل عائلة خيا في مدينة بوجدور، فقد جددت منظمة العفو الدولية نداءها الداعي لإنهاء الإقامة الجبرية التعسفية بحق سلطانة خيا وعائلتها وإحترام حقوقهم في حرية التنقل والتعبير وتكوين الجمعيات.
وتطرق بيان للمنظمة الصادر إلى سلسلة الأعمال العدوانية التي تعرضت لها سلطانة خيا وعائلتها، سيما الهجوم على منزل العائلة فجر 15 نوفمبر، والإعتداء على أفراد العائلة بما في ذلك والدتها المُسنة ومنعهم من التنقل إلى المستشفى لتلقي العلاج الضروري.
منظمة أمريكية تدعو المفوض الأممي للتحرك
وفي 18 نوفمبر 2021، دعت منظمة روبرت كيندي لحقوق الانسان، مفوض الأمم المتحدة السامي لحقوق الإنسان لزيارة الصحراء الغربية، للتحقيق في اتهامات موجهة للأمن المغربي بالاعتداء واغتصاب الناشطة سلطانة خيا.
وجاء في بيان للمنظمة إنها: يساورها قلق عميق إزاء التقارير الأخيرة عن الهجمات وانتهاكات حقوق الإنسان التي ارتكبتها السلطات المغربية ضد المدافعة الصحراوية عن حقوق الإنسان سلطانة خيا، وكذلك الانتقام من أميناتو حيدر الناشطة الصحراوية والحائزة على جائزة روبرت ف. كينيدي لحقوق الإنسان لعام 2008.
وحسب المنظمة، فإنه في 15 نوفمبر، استنكرت المنظمة الصحراوية لمناهضة الاحتلال المغربي قيام الشرطة المغربية اقتحام منزل خيا في الساعة 5 صباحا، والتحرش اللفظي بها وعائلتها، واغتصابها هي وشقيقتها أثناء وجود والدتها، ويأتي ذلك بعد أنباء عن قيام قوات الأمن المغربية بالاعتداء على خيا وحقنها بمادة مجهولة في 8 نوفمبر، مما أدى إلى مرضها جسديًا.
وأشار البيان إنه ليست المرة الأولى التي تتعرض فيها خيا لهجمات من قوات الأمن المغربية وتم حبس خيا بشكل تعسفي وغير قانوني رهن الإقامة الجبرية بحكم الأمر الواقع منذ نوفمبر 2020 ، حيث حافظت قوات الأمن المغربية على ” وجود مكثف شبه دائم خارج منزلها دون أمر رسمي أو اتهامات بعد دعوتها إلى تقرير المصير الصحراويين، وهي رئيسة رابطة الدفاع عن حقوق الإنسان وضد نهب الموارد الطبيعية في بوجدور.
ودعت المنظمة الحكومة المغربية على إنهاء الإقامة الجبرية الفعلية على خيا ، وضمان امتثال السلطات لمعايير الحقوق الدولية المتعلقة بحرية التنقل وتكوين الجمعيات والتعبير.
ودعت مفوض الأمم المتحدة السامي لحقوق الإنسان أن يقوم بزيارة إلى الصحراء الغربية للتحقيق في انتهاكات حقوق الإنسان في أقرب وقت ممكن ، بما في ذلك الاعتداء الجنسي الإجرامي على سلطانة خايا وشقيقتها. كما ندعو مجلس الأمن الدولي إلى إصلاح الغياب الطويل لآلية حقوق الإنسان في بعثة الأمم المتحدة للاستفتاء في الصحراء الغربية لتعزيز حماية حقوق الإنسان في الإقليم.
وأمام تزايد الضغوط الدولية على النظام المغربي بشأن القضية أعاد سفيره لدى الأمم المتحدة عمر هلال ترويج رواية حمل سلطانة خيا الكلاشينكوف وتصويرها بالزي العسكري.
وأكد هلال في رسالة إلى مجلس الأمن: “في ما يتعلق بالمدعوة سلطانة خيا، على وجه الخصوص، يجدر التساؤل منذ متى كان نشطاء حقوق الإنسان يرتدون زيا عسكريا ويحملون بندقية كلاشينكوف؟”.
وكانت هذه الرواية المغربية هي نفسها التي قدمت سابقا، بعد ضغوط منظمات حقوقية حول انتهاكات حقوق الانسان بحق الصحراويين، ورد ناشطون صحراويون بأن خيا لو كانت تملك تدريبا عسكريا وسلاحا لما تمكن الأمن المغربي من فرض إقامة جبرية والاعتداء عليها وعلى عائلتها طيلة أشهر.
لجنة حقوقية: الاعتداء على المناضلة سلطانة خيا من قبل الأمن المغربي
قالت اللجنة الوطنية الصحراوية لحقوق الإنسان، الاثنين 15 نوفمبر 2021، إن الناشطة سلطانة خيا تعرضت لاعتداءات ومحاولات اغتصاب على يد رجال أمن مغاربة بمدينة بوجدور المحتلة بعد اقتحام منزل العائلة.
وأكدت اللجنة في بيان لها أنه في تحد صارخ لجميع المعايير والمعاهدات الدولية لحقوق الإنسان واتفاقيات جنيف المتعلقة بحماية المدنيين تحت الاحتلال، تمارس السلطات الملكية القمعية أسوأ أشكال القمع الممنهج ضد المدافعة الصحراوية عن حقوق الإنسان سلطانة سيد إبراهيم خيا وعائلتها.
عاجل
تم فجر اليوم إقتحام منزلة عائلة أهل المناضلة والناشطة الحقوقية سلطانة خيا وتم ضرب النساء والوالدة متو البالغةمن العمر 84 وإغتصاب سلطانة خيا وتخريب المنزل وسرقة الأثاث من طرف قوات الإحتلال المغربي في مدينة بوجدور المحتلة #الصحراءالغربية 🇪🇭 pic.twitter.com/XO9gcUELqW
— Said Mohamed erradi (@Saiderradi8) November 15, 2021
I have been effectively held under house arrest by Moroccan authorities in Boujdour, Western Sahara 🇪🇭 In this video I am explaining the fifth raids on my house today 15/11/2021.my message to occupation that we will continue our struggling. pic.twitter.com/Yy9OzreRfD
— الحساب الرسمي سلطانة سيد إبراهيم خيا Sultana Khaya (@Sultanakhayya1) November 15, 2021
https://twitter.com/Sultanakhayya1/status/1460231685224738817
وأوضحت إنه في وقت مبكر وعلى الساعة الخامسة وأربعين دقيقة من يوم 15 نوفمبر 2021، هجم عشرات من رجال الأمن المغاربة الملثمين تحت إشراف مباشر من رئيس دائرة الأمن الثالثة بمدينة بوجدور المحتلة المدعو محمد المدفعي، على منزل عائلة سيد إبراهيم خيا المحاصر منذ 19 نوفمبر 2020.
صرخات #سلطانة، #الواعرة هي ايضاً صرخات خيبة امل من كل من خذلها، وما اكثرهم.
ليست خيبة امل من المجتمع الدولي لانه كان دائماً رذيلاً نائماً عن آلام الضعفاء وإنما خيبةً وقهراً لكثرة الصحراويين وعدم قدرتهم على ازرها وحمايتها.
كأن كل إرادة الشعب الصحراوي هاجرت وإجتمعت في الاختين #خيا https://t.co/4kJoCCTjm6
— 🇪🇭في المَنْفَى🇪🇭 (@3rabiaFilmahgr) November 15, 2021
وقام ثلاثة رجال أمن بشل حركة سلطانة التي كانت تصرخ من التعذيب وتحاول الهروب من أيديهم حيث تعرضت للاغتصاب والاعتداء الوحشي وكذلك الأمر لشقيقتيها الواعرة وأميلمنين.
وأضاف البيان أن هذا الاعتداء الجبان بالكامل وقع أمام والدتهم الطاعنة في السن السيدة مينتو أمبيريك 84 عامًا، التي كانت ترتجف من الخوف والعجز وهي تتوسل لمن أساءوا إليها أن يوقفوا جريمتهم الشنيعة.
وأكدت اللجنة أن هذا الاعتداء الجبان على المناضلة الحقوقية الصحراوية سلطانة خيا وصمة عار على جبين الهيئات الدولية المعنية باحترام حقوق الإنسان والشعوب.
يستمر حصار منزلي ببوجدور المحتل #الصحراء_الغربية لأكثر من 360 يوم من طرف قوة الإحتلال المغربي المحاصرة للمنزل منذ 19 نوفمبر 2020
12/11/2021@amnesty @ICRC @hrw pic.twitter.com/Raw7xGjzaS
— الحساب الرسمي سلطانة سيد إبراهيم خيا Sultana Khaya (@Sultanakhayya1) November 12, 2021
منع وفد نسائي إسباني من زيارة سلطانة خيا
وفي 4 أكتوبر 2021، كشفت وزارة شؤون الأرض المحتلة والجاليات الصحراوية، أنّ الاحتلال المغربي أقدم على طرد وفد نسائي من الأراضي الصحراوية بعد منعهن من زيارة المناضلة الحقوقية سلطانة خيا.
وبحسب الوزارة فقد تم استفزاز أعضاء الوفد النسائي ومنعهن من زيارة المناضلة الحقوقية سلطانة خيا وعائلتها من قبل قوات الاحتلال التي مارست الكثير من المضايقات ضدّ الناشطات الإسبانيات، قبل أن تطردهن بالقوة.
وأبرزت الوزارة في بيان نقلته وكالة الأنباء الصحراوية تضامنها المطلق مع أعضاء الوفد اللائي مُنعن بالقوة من زيارة عائلة خيا، وندّدت بما تعرضن له على أيدي سلطات الاحتلال من إجراءات قمعية وترحيلهن قسرًا.
وناشدت اللجنة الدولية للصليب الأحمر بالتدخل العاجل وتحمّل مسؤولياتها كاملة إزاء ما ترتكبه دولة الاحتلال المغربية من جرائم ضد الإنسانية في حق أبناء الشعب الصحراوي العُزّل.
كما دعت للعمل على إطلاق سراح الأسرى الصحراويين وفتح الجزء المحتل من الصحراء الغربية أمام الهيئات الحقوقية والصحافة والمراقبين الدوليين.
وجاء في البيان ذاته: “قوات الاحتلال لم تكتف فقط بمنع الوفد، بل عزلته عن بقية المسافرين وحاصرته بأكثر من 20 عنصرًا من عناصر شرطتها ومخابراتها، واحتجزت جوازاته وحقائب سفره وسط جو من الاستفزازات والمضايقات والمنع من الاتصال بالعالم الخارجي قبل أن تقوم بترحيله إلى إسبانيا بالقوة”.
واعتبرت الوزارة ما أقدمت عليه قوات الاحتلال القمعية المغربية بمطار مدينة العيون المحتلة، السبت، ومنع وفد قادم من إسبانيا، استمرارًا لانتهاكاتها الصارخة لحقوق الإنسان وإجراءاتها الإجرامية واللا قانونية.
وطالبت مجلس الأمن الدولي ومنظمة الأمم المتحدة بالتعجيل في تصفية الاستعمار من الجزء المحتل من تراب الجمهورية العربية الصحراوية الديمقراطية وتمتيع الشعب الصحراوي بحقه غير القابل للتصرف في الحرية والاستقلال وإلزام دولة الاحتلال المغربية باحترام الشرعية الدولية.
يُشار إلى أنّ الوفد الاسباني تكوّن من المحاميتين الإسبانيتين “إيناس ميرندا” و”فلورا راموس”، إضافة إلى الدكتورة الرعبوب محمد لمين.
وتمّ منع الثلاثة من قبل سلطات الاحتلال من التوجه الى مدينة بوجدور المحتلة لمؤازرة الناشطة الحقوقية والبطلة الصحراوية سلطانة سيد إبراهيم خيا وأختها المناضلة الجسورة الواعرة وعائلتها، والاطمئنان على وضعيتهم الصحية المتدهورة.
يذكر أن الناشطة خيا وعائلتها يعيشون ظروفا صعبة للغاية نتيجة الحصار المستمر من طرف سلطات الاحتلال التي تواصل اعتداءاتها اليومية في حقهم منذ حوالي عشرة أشهر انتقامًا من مواقفهم السياسية المطالبة بالحرية والاستقلال وإنهاء الاحتلال.
ويواصل الاحتلال المغربي حصاره المضروب على الناشطة سلطانة خيا وعائلتها منذ أزيد من 310 أيام، متجاهلاً الدعوات الدولية المطالبة بوقف هذه الممارسات الخطيرة.
وتعرضت سلطانة خيا، إلى الضرب الأربعاء الماضي على يد عناصر تابعة للأمن المغربي، كما تمّ الاعتداء على مجموعة من المناضلين الصحراويين قدموا لمنزل عائلتها للتضامن معها، ما خلّف إصابات عديدة في صفوفهم.",success,20221117,WESTERN SAHARA,AUTHORITIES,MAR,,190,4,-10.0,-6.07269503546099,26.1147,-14.3892,4,https://www.echoroukonline.com/%D8%B7%D8%A7%D9%84%D8%A8%D8%AA%D8%A7%D9%86-%D9%86%D8%B1%D9%88%D9%8A%D8%AC%D9%8A%D8%AA%D8%A7%D9%86-%D8%AA%D8%B1%D9%88%D9%8A%D8%A7%D9%86-%D8%AD%D8%A7%D8%AF%D8%AB%D8%A9-%D8%B7%D8%B1%D8%AF%D9%87%D9%85,www.echoroukonline.com,True,True,2022-11-17,464209.0,MOR-2022-1-721-4,2022.0,False,Clear,1.0,331.0,331.0,Morocco: Sahrawi Arab Democratic Republic (Western Sahara),721.0,721.0,Government of Morocco - POLISARIO,108.0,108.0,Government of Morocco,563.0,563.0,POLISARIO,1.0,"""AllAfrica,2023-02-02,Western Sahara's 'Frozen Conflict' Heats Up, but World's Attention Elsewhere
CR 	The New Humanitarian""",AllAfrica,2023-02-02,"Western Sahara's 'Frozen Conflict' Heats Up, but World's Attention Elsewhere
CR 	The New Humanitarian",The New Humanitarian,2.0,Al Mahbas village,"Drone strikes are concentrated along the wall ""the Berm""",Guelmim-Oued Noun region,Assa-Zag province,27.41434,-9.04785,POINT (-9.04785 27.41434),168822.0,Morocco,600.0,Africa,1.0,1.0,2022-11-15,2022-11-15 00:00:00.000,0.0,4.0,0.0,0.0,4.0,4.0,4.0,600.0,
1072420066,"جبهة البوليساريو تدين منع طالبتين نرويجيتين من زيارة العيون المحتلة
أدانت جبهة البوليساريو “بشدّة” منع الاحتلال المغربي الطالبتين النرويجيتين، هيلين لورنتزن ومارتي هيتيرفيك، من التوجّه إلى العيون المحتلة، في إطار دراستهما الأنثروبولوجية للوقوف على أسلوب حياة المجتمع الصحراوي.
وقال أبي بشرايا البشير عضو الأمانة الوطنية لجبهة البوليساريو، المكلّف بأوروبا والاتحاد الأوروبي في بيان، إنّ:
هذه الإجراءات، يتبعها الاحتلال المغربي، عندما يتعلق الأمر بالأجانب الذين يريدون الاطلاع على الجزء المحتل من الصحراء الغربية، لمراقبة أوضاع حقوق الإنسان في المنطقة. في مسعى منه لتحويل الإقليم إلى منطقة محظورة، مغلقة أمام أي محاولة خارجية لنقل الشهادات الحيّة، والمحايدة، والموضوعية حول الوضع السائد في الأراضي الصحراوية المحتلة.
وذكرت البوليساريو في ذات البيان أنه:
يتمّ بشكل منهجي، منع ممثلي المنظمات غير الحكومية المعنية بحقوق الإنسان أو الصحفيين أو المراسلين أو الباحثين أو البرلمانيين و السياسيين، أو حتى المواطنين البسطاء، من الذهاب إلى الأراضي الصحراوية المحتلة. ويتم طردهم باستخدام العنف، كما كان الشأن في حالة الطالبتين النرويجيتين.
واستدلت البوليساريو في هذا الشأن بما وقع لستافان دي ميستورا، المبعوث الشخصي للأمين العام للأمم المتحدة، الذي منع من زيارة الأراضي المحتلة ومقابلة الصحراويين الذين يعيشون هناك.
وتابع البيان:
منذ عام 2015، تهدف السياسة التي يتبعها الاحتلال المغربي إلى عزل الإقليم عن العالم الخارجي. إضافة إلى اضطهاد المدنيين لمنعهم من سرد الوقائع.
وهذا بالإضافة إلى سياسة إفراغ المنطقة من سكانها الأصليين، حتى يتسنى للمحتل الاستمرار في استعماره، وسيطرته على الأراضي الصحراوية، ونهب ثروات الإقليم، مع الإفلات التام من العقاب.
طالبتان نرويجيتان ترويان حادثة طردهما من العيون الصحراوية
وفي 17 نوفمبر 2022، قامت سلطات النظام المغربي، قبل أيام بطرد طالبتين نرويجيتين من مدينة العيون الصحراوية المحتلة، بعد زيارة لهما في إطار بحث أكاديمي، بشأن التركيبة المحلية للسكان.
وحسب ما نقلت وسائل إعلام نرويجية، عن الطالبتين بيورغ هيلين لورنتزن ومارتي هيتيرفيك، فإن السلطات المغربية اعتقلت الطالبين النرويجيين بيورغ هيلين لورنتزن ومارتي هيتيرفيك وقامت بترحيلهما من الصحراء الغربية المحتلة.
بحسب موقع https://t.co/3Q7oDpLrK2، قامت سلطات الاحتلال المغربية بطرد الطالبتين النرويجيتين بيورغ هيلين ومارتي هيتيرفيك من الأراضي الصحراوية المحتلة، لأنها تخاف أن يطلع العالم على العواقب الرهيبة لاستمرار احتلالها غير الشرعي لأجزاء من #الصحراء_الغربية.https://t.co/Msi7miTKWI
— Amb. Sidi Omar (@SidiOmarNY) November 15, 2022
وحسب رواية الطالبتين، فإنهما كانتا في فندق بالعيون، عندما طلب منهما رجال أمن بزي مدني ركوب سيارة أجرة ومغادرة المدينة نحو أغادير، قبل ترحيلهما عبر المطار.
Bjørg (23) og Marte (23) ble i går deportert fra okkuperte #VestSahara 
“Vi fikk ikke se noen identifikasjon av dem. Vi måtte stole på at de var fra myndighetene. Det var en mann i dress og to andre i vanlige klær, forteller Marte Hettervik til NRK” https://t.co/5yxdGNQCkG
— Vest-Sahara (@vestsahara) November 15, 2022
وحسب نفس المصدر، فإن الطالبتين تدرسان الأنثروبولوجيا الاجتماعية في جامعة بيرغن، وسافرتا إلى الصحراء الغربية، لجمع معلومات حول طبيعة المنطقة وطريقة عيش سكانها وتركبيتها الديموغرافية.
Två norska medborgare utvisades från ockuperade Västsahara idag.
Marte Hettervik. 23 år.
Bjørg Helene Lorentzen, 23 år. Båda studerar socialantropologi på universitetet i Bergen.@NorwayUN, @NorwayMFA, @TobiasBillstrom, @SweMFA, @JanKEliasson pic.twitter.com/VTqhYFIrcB
— Västsaharakommittén (@SweWScommittee) November 14, 2022
وسبق للنظام المغربي الذي يروج لطرح مفاده أن سكان الأراضي الصحراوية المحتلة، يعيشون الرفاهية ويرفضون الاستقلال، أن رحل عدة ناشطين أجانب من المنطقة لمنع نقل الحقائق، كما رفض حتى زيارة المبعوث الأممي ستافان دي ميستورا الذي برمج لقاءات مع المجتمع المدني الصحراوي.
النظام المغربي يواجه 4 اتهامات بتعذيب ناشطين صحراويين أمام الأمم المتحدة
ويواجه النظام المغربي أربع شكاوى أمام لجنة مناهضة التعذيب التابعة للأمم المتحدة، تتّهم الرباط بـ”تعذيب” ناشطين صحراويين.
وحسب وسائل إعلام دولية، فقد رفعت الشكاوى من طرف المؤسسة الدولية لحقوق الإنسان، ورابطة حماية السجناء الصحراويين بالسجون المغربية، ومنظمات أخرى.
وذكرت المنظمات في بيان مشترك، أن الصحراويين الأربعة الذين تقدموا بالشكاوى، وهم محمد لمين هدي، وحسن الداه، وعبد المولى الحافظي، ومحمد باني، “معتقلون منذ 6 إلى 12 سنة، بناء على اعترافات انتُزعت منهم تحت التعذيب”.
واعتبرت المنظمات أن هذه الشكاوى التي قدّمت أمام لجنة مناهضة التعذيب التابعة للأمم المتحدة، “تجسّد الأمل بالإقرار بالتعذيب الذي تعرّض له هؤلاء في انتهاك للالتزامات الدولية للمغرب”.
وتؤكد المنظمات أن “مقدّمي الشكاوى أجبروا على توقيع اعترافات انتُزعت منهم تحت التعذيب، عبر العنف الجسدي والنفسي وأيضا الجنسي، من طرف قوات الأمن المغربية”.
“ولا يزال مقدّمو الشكاوى يتعرّضون يوميا للتعذيب وللمعاملة غير الإنسانية. إذ يقبع البعض منهم في الحبس الانفرادي منذ سنوات على غرار محمد لمين هدي”، يضيف البيان.
وصلت إسبانيا.. سلطانة خيا تنتصر على آلة قمع النظام المغربي (فيديو)
وفي 5 جوان 2022، طالبت جبهة تحرير الساقية الحمراء ووادي الذهب (بوليساريو) المجتمع الدولي بتوفير العلاج والحماية اللازمة للناشطة الحقوقية الصحراوية، سلطانة خيا، التي وصلت إلى إسبانيا لتلقي الرعاية الطبية.
ووصلت خيا جوا إلى مدينة اليكانتي الساحلية، مساء الجمعة، قادمة من جزر الكناري التي كانت قد وصلتها في الأول من جوان بعدما سُمح لها أخيرا بمغادرة منزلها في العيون، كبرى مدن الصحراء الغربية.
وبعد 16 شهرا من الإقامة الجبرية في الصحراء الغربية، ستخضع الناشطة في مجال حقوق الإنسان للعلاج.
#سلطانة_خيا اسم على مسمى بالفعل هي سلطانة #الصحراء_الغربية 🇪🇭
بمجابهتها العدو 🇲🇦وكسرها حصاره وأنفه  باالنضال والتضحية منا ومن كل الشعوب الحرة ألف تحية ✌️✌️@Sultanakhayya1#SaharaLibre#SaharaOccidental#westernsahara pic.twitter.com/2RA0GIaMBy
— Leila lahsen 🇪🇭 ليلى 🇩🇿🇨🇺🇿🇦🇻🇪 (@layla_lahsen) June 4, 2022
وقالت جبهة البوليساريو في بيان نشرته وكالة الأنباء الصحراوية إن ما تعرضت له الناشطة “جريمة ضد الإنسانية”، وأنها ظلت “تطالب المجتمع الدولي توفير الحماية لها و للمدنيين الصحراويين، و تطالب أيضا بضرورة العلاج و فتح تحقيق دولي”.
وقال ممثل جبهة بوليساريو في إسبانيا، عبدالله العرابي، لوكالة فرانس برس إن خيا وصلت إلى أليكانتي “حيث ستخضع لفحوص طبية”. ولم يكشف عن مدة بقائها في إسبانيا.
وأظهرت مشاهد نشرت على منصات التواصل الاجتماعي وصولها إلى المطار حيث كان في انتظارها حشد يحتفل برفع الأعلام وإطلاق الهتافات والزغاريد.
کان هذا الیوم استقبال اللبٶة سلطانة خیا وما ادرك ما سلطانة خیا تحية نضالیة لي هذه المراءة الحدیدة pic.twitter.com/PqrDSTmkEt
— سيدي محمد مولاي أحمد (@P3bHnz5sEx2hEIX) June 3, 2022
وقال فريقها القانوني في بيان إن خيا تعرضت “لعدد لا يحصى من انتهاكات حقوق الإنسان” خلال خضوعها للإقامة الجبرية وتتواجد في إسبانيا سعيا لتلقي العلاج من جروحها.
كانت وزارة الخارجية الأميركية استنكرت محنتها وكذلك العديد من مجموعات حقوق الإنسان الدولية مثل مفوضية الأمم المتحدة السامية لحقوق الإنسان و”هيومن رايتس ووتش” و”فرونت لاين ديفندرز” (المدافعون في الخطوط الأمامية) وغيرها.
إستقبال الجالية الصحراوية للمناضلة سلطانة خيا عصر اليوم بمطار Alicante الإسبانية#الصحراء_الغربية المحتلة pic.twitter.com/JMNAMnG7x7
— 🇪🇭R.A.S.D🇩🇿🇵🇸♥️ (@tDcNsV4VVrHqGgD) June 3, 2022
وقالت منظمة العفو الدولية العام الماضي إن قوات الأمن المغربية عرّضت سلطانة خيا “مراراً للتعذيب أو غيره من ضروب سوء المعاملة، بما في ذلك الاعتداء الجنسي والاغتصاب”.
وتترأس خيا “رابطة الدفاع عن حقوق الإنسان ومكافحة نهب الموارد الطبيعية”، كما تنتمي إلى “الهيئة الصحراوية لمناهضة الاحتلال المغربي” (إيساكوم) المؤيدة لحق تقرير المصير من دون عنف للصحراويين.
“صوت نساء خيا هو صوت نساء العالم” عنوان ندوة رقمية بلمسة دولية تضامنا مع حصار منزل عائلة أهل خيا، يوم السبت 28 مايو 2022 على منصة زووم بحضور نساء حول العالم يمثلن منظمات دولية و ستبث حصريا على صفحة الحملة “together to end the siege of the khaya family “ #إرادتي_ليست_جدار pic.twitter.com/U4JNFSHiS3
— الحساب الرسمي سلطانة سيد إبراهيم خيا Sultana Khaya (@Sultanakhayya1) May 26, 2022
الصحراء الغربية: شاحنة ترتطم بمنزل سلطانة خيا
ويوم 16 ماي 2022، تعرضت الناشطة الصحراوية سلطانة خيا، إلى اعتداء من قبل النظام المغربي بعد استهداف منزلها بشاحنة تابعة للشرطة المغربية ارتطمت به ليلا.
ودعت الجمهورية العربية الصحراوية المجتمع الدولي والمنظمات الدولية إلى العمل من أجل كشف ملابسات محاولة الاغتيال التي تعرضت لها سلطانة خيا وعائلتها ببوجدور المحتلة ومتابعة منفذيها و الأجهزة الأمنية لنظام المخزن الذي يقف وراءها.
🔴خطوة خطيرة و حادثة تورط الإحتلال المغربي في نفي عائلة أهل خيا 
في محاولة جبانة وفاشلة للإحتلال المغربي. بمدينة بوجدور المحتلة الصحراء الغربية و بعد منتصف الليل،  الإثنين 16/05/2022
قوات الاحتلال المغربي تقوم بتهديم جزئي لمنزل عائلة المدافعة عن حقوق الإنسان سلطانة خيا pic.twitter.com/WlXwkTQy8H
— mahyuba (@mahyuba2) May 16, 2022
وعبرت وزارة شؤون الأرض المحتلة والجاليات في بيان, عن شديد الإدانة لهذه الأعمال العدائية الجبانة,معتبرة إياها “محاولة اغتيال لا لبس فيها”,حيث استهدفت شاحنة تابعة للشرطة المغربية منزل خيا “بالدهس والارتطام” .
وأضافت إنه اعتداء على الصحراويات, سلطانة وأختها الواعرة, و في نفس الوقت تخويف للناشطين الأجانب المتضامنين مع النشطاء الصحراويين, موضحة أن الاعتداء المغربي على الناشطات الصحراويات يعد محاولة قطع الطريق أمام مؤيديهم الأجانب لمنعهم من الانضمام إليهم.
في منزل عائلة المناضلة الكبيرة سلطانة خيا توجد الناشطة الأمريكية روث ماكدونو المضربة عن الطعام منذ ١١ يوماومواطنها الامريكي المضرب عن الطعام منذ 4 ايام مناصرين للشعب الصحراوي ومحاولة الإحتلال المغربي هدم المنزل على رؤسهم تعتبر جريمة مكشوفة الأبعاد pic.twitter.com/morkESOlTC
— #حسان_بوليساريو_تنتصر@ (@hassanmuilidali) May 16, 2022
وأوضح البيان أن عملية دهس منزل العائلة بشاحنة ثقيلة تمثل “استهداف ممنهج وعن سبق إصرار,يهدف بشكل مباشر إلى تخويف و تهديد عائلة سلطانة خيا و من معها من الناشطين الأجانب”, منهم الحقوقية الأمريكية ,روث ماكدونو,التي تدهورت حالتها الصحية بعد دخولها في إضراب تضامنا مع الناشطين الصحراويين.
حاول الاحتلال المغربي ليلة البارحة تنفيذ جريمة اغتيال جماعية ضد سلطانة و الواعرة خيا و أفراد عائلتهم بالإضافة إلى المواطنين الأمركيين المقيمين بالمنزل منذ قرابة الشهرين و المضربين عن الطعام احتجاجا على مواصل المغرب جرائمه ضد هذه العائلة.
1/4 (يتبع) pic.twitter.com/Yipuslxuoo
— Anna Habibi🇪🇭 (@AnnaSahrauia) May 16, 2022
قضية سلطانة خيا: ناشطة أمريكية تخوض إضرابا عن الطعام ببوجدور
ومنذ 9 ماي 2022، تواصل المتضامنة الأمريكية روث ماكدونو إضرابها عن الطعام لليوم السادس على التوالي ببوجدور الصحراوية دعما للناشطة الصحراوية سلطانة خيا القابعة وعائلتها رهن الإقامة الجبرية منذ أكثر من سنة.
وقالت الهيئة الصحراوية لمناهضة الاحتلال المغربي (إيساكوم) في بيان “المخاوف من تدهور الوضعية الصحية للمتضامنة الأمريكية جراء مضاعفات الإضراب عن الطعام الذي تخوضه محملة سلطات الاحتلال المغربي المسؤولية عن حياتها (المتضامنة الأمريكية)”.
Sahrawi activist enlists Americans to stop police beatings and sexual assault https://t.co/dJiJHsQTNE #politics #feedly
— Leicester Worker (@LeicesterWorker) May 5, 2022
Los activistas de #USA que acompañan a #SultanaJaya, #RuthMcDonough y su compañero entran en #huelga de hambre en #solidaridad con activistas saharauis de #DerechosHumanos y el pueblo saharaui a fin de llamar la atención hacia el sufrimiento que padece bajo #ocupación marroqui pic.twitter.com/F5hHSU1Jen
— Jadiyetu El Mohtar (@Jadiyetumohtar) May 5, 2022
كما جددت الهيئة بالمناسبة استنكارها الشديد “للانتهاكات المغربية الجسيمة التي ترتكبها بحق المناضلة سلطانة خيا وعائلتها، ولاسيما استمرار الحصار البوليسي وحرمان المواطنين من زيارتهم والاعتداء عليهم بالضرب، وجملة الإجراءات التي تنتهك حقوق الإنسان”.
Desde ayer sabemos que Ruth McDonough y Tim Pluta han comenzado una huelga de hambre por la situación de la activista saharaui Sultana Khaya y nos piden ayuda y difusión. Todo mi apoyo y respeto, compañero. pic.twitter.com/XVwjGNx30f
— C (@carmenbellas) May 5, 2022
⭕️المتضامنة الأمريكية🇺🇸 ” روث ماكدونو” مع عائلة #أهل_خيا🇪🇭 ببوجدور المحتل تخوض إضراباً عن الطعام https://t.co/K1FOug8m9C pic.twitter.com/btjAXp6bOA
— RASD🇪🇭TODAY (@RasdToday) May 4, 2022
وكانت روث ماكدونو قد شرعت في الرابع ماي الجاري بمدينة بوجدور المحتلة في إضراب عن الطعام من أجل مؤازرة ودعم خيا وعائلتها وجميع أفراد الشعب الصحراوي وللفت الانتباه إلى ما يرتكبه المغرب بالأراضي الصحراوية المحتلة من انتهاكات وجرائم بحق الصحراويين.
Saultana Sidbrahim Khayya 
Ruth McDonough
Tim Pluta MD, PhD#SaharaOccidental#Boujdour pic.twitter.com/miYkYZAiDp
— Anna Habibi🇪🇭 (@AnnaSahrauia) May 4, 2022
وكان وفد أمريكي قد تمكن في الـ 16 مارس الماضي، من كسر الحصار الأمني الذي فرضته قوات الاحتلال المغربية على المنزل العائلي للناشطة الحقوقية الصحراوية سلطانة خيا، بمدينة بوجدور المحتلة منذ أكثر من عام.
وفي هذا الإطار، أشارت الهيئة الصحراوية إلى أن “المتضامنين الأمريكيين تحدوا الصعوبات والعراقيل ووصلوا إلى منزل خيا، من أجل دعمها والمطالبة برفع الحصار عنها وتمتيعها بحقوقها”.
وبعد تجاهل السلطات المغربية وصمت المجتمع الدولي وتواطئ بعض الدول التي تدعي الدفاع عن حقوق الإنسان – يضيف بيان الهيئة – “شرعت المتطوعة الأمريكية روث ماكدونو في خوض إضراب عن الطعام احتجاجا على استمرار حصار منزل المناضلة سلطانة وعائلتها دون سند أو مسوغ قانوني”.
أمنيستي تطلق حمة الـ 10 آلاف توقيع لإنهاء “كابوس سلطانة خيا”
ويوم 12 أفريل 2022، أعلنت منظمة العفو الدولية عن إطلاق حملة لجمع التوقيعات، من أجل توجيه رسالة إلى الحكومة المغربية بشأن الانتهاكات التي تتعرّض لها المناضلة الصحراوية سلطانة خيا.
وقالت المنظمة في بيان، إنّها ستوجّه رسالة إلى رئيس الحكومة المغربية عزيز أخنوش تطالبه بالتحقيق في الإقامة الجبرية غير القانونية التي تخضع لها سلطانة خيا.
وتهدف المنظمة إلى جمع 10 آلاف توقيع عبر موقعها الإلكتروني، من أجل أن “لا يمرّ الكابوس الذي عاشته سلطانة”، وهي رئيسة رابطة الدفاع عن حقوق الإنسان ومكافحة نهب الموارد الطبيعية في الصحراء الغربية، “من دون عقاب”.
وذكرت منظمة العفو الدولية أن سلطانة، تعرّضت إلى الاغتصاب والاعتداء الجسدي في منزلها رفقة عدد من أفراد عائلتها.
#StandUp4HumanRights
A Sultana Khaya la violaron por ser activista saharaui.
¡Pedimos justicia! @UN @ICRC @mbachelet @PMaurerICRC @amnesty @UNHumanRights @UN_HRC  https://t.co/dJwU0eMka4 vía @amnistiaespana
— Ahmed Batah (@AhmedBAbdeslam) April 12, 2022
أمريكيون يكسرون حصار النظام المغربي على المناضلة سلطانة خيا
وفي 17 مارس 2022، تمكن وفد أمريكي من كسر الحصار الأمني الجائر الذي فرضته قوات الاحتلال المغربي على المنزل العائلي للناشطة الحقوقية الصحراوية سلطانة خيا بمدينة بوجدور المحتلة منذ أكثر من عام.
وأفاد مركز عمل حقوق الإنسان الأمريكي في بيان له إن متطوعين من الولايات المتحدة، على غرار روث ماكدونو وأدريان كين، قد وصلوا إلى المنزل العائلي لسلطانة خيا، وهم حاليا ضيوف عندها، “لحماية العائلة من انتهاكات حقوق الإنسان وكسر الحصار على المنزل”، الذي استمر قرابة 500 يوما من طرف قوات القمع المغربية.
وأبرز مركز عمل حقوق الإنسان أنه “لأول مرة، و بعد مرور أزيد من سنة على الحصار المفروض على عائلة المناضلة الصحراوية سلطانة خيا، تمكن أربعة ممثلين لمنظمات الدفاع عن حقوق الإنسان من الولايات المتحدة الأمريكية من الاطلاع على واقع الحصار غير القانوني على عائلة أهل خيا ودخلوا المنزل”.
https://twitter.com/nadisou6965/status/1504247119128977408?fbclid=IwAR3Ok6_hSjTjj-E6A3D37KNfjv_ZZS59Uz311r_2yz4t26I1_MqW679sd7Q
وقالت الناشطة الحقوقية الصحراوية سلطانة خيا في اتصال مع وكالة الأنباء الجزائرية، إن “الوفد الحقوقي الذي كسر الحصار اليوم عن منزلها، يتكون من رجلين وامرأتين بينهم طبيب، جاؤوا للتضامن معها ضد ما تتعرض له من قمع على يد القوات المغربية، في انتهاك للقانون الدولي”.
ويطالب مركز عمل حقوق الإنسان بوضع حد لعمليات الاغتصاب ومحاسبة المتورطين وضمان حرية الحركة لعائلة خيا وجميع الزوار، كما يدعم المركز الحقوقي الأمريكي، مطالب سلطانة خيا وعائلتها، بما في ذلك إزالة القوات والحواجز حول منزلهم و حيهم، ومعالجة خزان المياه الملوثة.
https://twitter.com/___sssSsss____/status/1504234200966172675?fbclid=IwAR2ryOdZO-yEAsbphnMeG4740dujJGe6qSsruyuvKX5J_McdJ9YjcJ5K9TM
وكانت قوات القمع المخزنية قد فرضت الإقامة الجبرية على المنزل العائلي للمدافعة عن حقوق الانسان سلطانة خيا منذ شهر نوفمبر 2020، حيث تعرضت الأسرة لانتهاكات جسيمة لحقوق الانسان، بما في ذلك اقتحام المنزل و الاعتداء الجنسي على سلطانة خيا وشقيقتها، والحقن بمواد مجهولة المصدر.
قمع مظاهرة للتضامن مع سلطانة خيا بالعيون
ويوم 10 فيفري 2022، أدانت الهيئة الصحراوية لمناهضة الاحتلال المغربي بشدة قمع مظاهرة سلمية للتضامن مع السلطانة خيا وعائلتها.
وأفاد المكتب التنفيذي للهيئة، في بيان له الأربعاء: “بحسب المعلومات الميدانية التي تم رصدها، فقد تدخلت قوات الاحتلال المغربية ممثلة في ما أطلق عليهم القوات المساعدة بزيهم الرسمي ودون سابق إنذار، باستعمال أبشع أنواع التعنيف في حق المناضلات اللاتي تجمهرن بالشارع العام للتضامن مع المدافعة عن حقوق الإنسان سلطانة خيا وعائلتها المحاصرين من طرف قوات القمع المغربية ببوجدور المحتلة منذ اأثر من 15 شهرا، مرددين الشعارات المطالبة بالحرية والاستقلال”.
وقد أدى التدخل الهمجي -بحسب ذات البيان- إلى إصابة كل من مينة اباعلي و غلي عجنة و ليلى الليلي، و هن عضوات بالهيئة الصحراوية لمناهضة الاحتلال المغربي، بالإضافة الى اصابة الصالحة بوتنكيزة، و هي اعلامية مراسلة التلفزة الصحراوية، كما تم منع عضو الهيئة، مريم دمبر، من الوصول إلى مكان المظاهرة، بعد ان تمت محاصرة منزل عائلتها من طرف سيارات تابعة لشرطة الاحتلال واجبارها على المكوث في المنزل.
وأعادت الهيئة “التأكيد على الحقوق المشروعة غير القابلة للتصرف للشعب الصحراوي”، مجددة مطالبتها المجتمع الدولي ب”التدخل العاجل لحماية المدنيين في الأراضي المحتلة من الصحراء الغربية، والعمل على إنهاء الحصار الامني والعسكري والإعلامي”.
كما طالبت الهيئة بتجسيد على ارض الواقع “مبدأ المحاسبة الذي شكل غيابه تشجيعا لقوات الاحتلال على الإعتداءات ضد المدنيين الصحراويين، والتحلل من القيود والالتزامات التي يفرضها القانون الدولي على سلطات الاحتلال، بل ان -تضيف الهيئة- غياب سياسة الافلات من العقاب، شجع تلك القوات على المضي قدما في انتهاكاتها الجسيمة لقواعد القانون الدولي الإنساني والقانون الدولي لحقوق الإنسان”.
التضييق على سلطانة خيا.. حملة الكترونية أوروبية للضغط على المغرب
أطلقت منظمة ”أكات” الفرنسية حملة إلكترونية، أواخر جانفي 2022 من أجل رفع الحصار والتضييق الذي تتعرض له الناشطة الصحراوية سلطانة خيا وعائلتها من قبل قوات الاحتلال المغربي.
ودعت المنظمة الفرنسية المختصة في مناهضة التعذيب، الممثل السامي للاتحاد الأوروبي للسياسة الخارجية والأمن إلى التدخل العاجل لوضع حد للاعتداءات المتكررة في حق الناشطة الصحراوية سلطانة خيا وأفراد عائلتها في سياق الهجمات المغربية التي تستهدف المدافعين الصحراويين عن حقوق الإنسان.
وأشارت المنظمة الفرنسية المختصة في مناهضة التعذيب، إلى أن الناشطة سلطانة خيا وعدد من المناضلين من أجل تقرير المصير لشعب الصحراوي وحقوقه الأساسية، صاروا هدفا للهجمات المتكررة من طرف أجهزة النظام المغربي، والاعتداءات الجنسية والحقن بمواد مجهولة تعرض حياتهم للخطر.
وفي هذا الصدد، دعت (أكات) الممثل السامي للاتحاد الأوروبي للسياسة الخارجية والأمن، جوزيب بوريل، لمطالبة سلطات الإحلال المغربية إلى وضع حد لجميع أشكال العنف، ضد المدافعين عن حقوق الإنسان، بمن فيهم سلطانة خيا ورفع الإقامة الجبرية والحصار العسكري على منزل عائلتها.
كما طالبت المنظمة من بوريل، حث الرباط على احترام التزاماتها الدولية بشأن حماية حقوق الإنسان وخاصة مناهضة التعذيب وسوء المعاملة، وفتح تحقيق مستقل في أعمال التعذيب والانتهاكات الأخرى التي عانت من سلطانة خيا وشقيقتها.
الصحراء الغربية: أكثر من 300 منظمة دولية توجه رسالة للنظام المغربي
ويوم 27 جانفي 2022، جهت أكثر من 300 منظمة حقوقية عضو في مجموعة جنيف للدعم من أجل حماية وترقية حقوق الإنسان في الصحراء الغربية، رسالة للنظام المغربي دعته فيها إلى التخلي عن سياساته الاستعمارية وتطبيق القانون الدولي.
ودعت المنظمات غير الحكومية وعددها 306 في بيان لها “حاملي اللائحة الخاصة بالصحراء الغربية في مجلس الأمن الدولي إلى إدراج أبعاد حقوق الإنسان وسيادة القانون في مهمة البعثة الأممية لتنظيم استفتاء في الصحراء الغربية (مينورسو).
كما طالبت بتمكين المبعوث الشخصي للأمين العام للأمم المتحدة إلى الصحراء الغربية (ستافان دي ميستورا) من الوسائل لتجسيد عهدته وإتاحة الفرصة لشعب الصحراء الغربية للتعبير بحرية عن حقه في تقرير المصير و “الاستقلال”.
وحثت المجموعة التي تابعت “باهتمام كبير” الجولة الأولى في المنطقة لستافان دي مستورا المغرب على “التخلي عن طموحاته وسياساته الاستعمارية واحترام القانون الدولي وتطبيقه لصالح الشعب الصحراوي وسكان منطقتي المغرب العربي والساحل”.
كما أعرب أعضاء المجموعة عن أسفهم “العميق” لعدم زيارة دي ميستورا الإقليم غير المستقل الذي يحتله المغربي و”المغلق تمامًا أمام أي تحقيق مستقل منذ عام 2015 بما في ذلك من قبل المفوضية السامية لحقوق الإنسان”.
كما أشار أعضاء المجموعة إلى أن جميع لوائح الأمم المتحدة “تؤكد من جديد على الحق غير القابل للتصرف لجميع الشعوب في تقرير المصير والاستقلال”.
ونددت المنظمات غير الحكومية الـ306 بالموقف المغربي المستمر الذي يزعم أن الحل الوحيد الممكن للنزاع هو “إدماج الإقليم غير المستقل بالمغرب”.
كما أكد المصدر أن “هذا الموقف يتعارض بشكل أساسي مع أهداف ومبادئ ميثاق الأمم المتحدة، فضلاً عن أحكام لوائح مجلس الأمني الذي ما فتئ أعضاؤه يدعون الطرفين إلى استئناف المفاوضات دون شروط مسبقة وبحسن نية”.
ويؤكد النص أيضا أن “الاحتلال العسكري غير المشروع الذي طال أمده لإقليم الصحراء الغربية غير المستقل بدعم من فرنسا والولايات المتحدة والكيان الصهيوني قد تسبب وما زال يتسبب في حدوث انتهاكات جسيمة لحقوق الإنساني فضلاً عن انتهاك معايير القانون الإنساني الدولي بما في ذلك النهب غير القانوني للموارد الطبيعية الصحراوية.
الصحراء الغربية: الرباط توجه تهمة غريبة لهيومن رايتس!
ويوم 25 جانفي 2022، اتهمت الحكومة المغربية في خرجة غريبة، منظمة “هيومن رايتس ووتش” الحقوقية الدولية، بمعاداة الوحدة الترابية، بعد تقرير لها قدم أدلة دامغة حول تصاعد الانتهاكات ضد الناشطين الصحراويين.
واتهمت “هيومن رايتس ووتش” في تقريرها السنوي المتعلق باتجاهات حقوق الإنسان حول العالم لعام 2021، المغرب بمضايقة وملاحقة ناشطين صحراويين وعرقلة “عمل بعض المنظمات الحقوقية المحلية غير الحكومية”.
وقال تقرير المنظمة الحقوقية إن قوات الأمن المغربية أبقت، في نوفمبر 2020، “على تواجد كثيف شبه دائم خارج منزل ناشطة الاستقلال سلطانة خيا في بوجدور في الصحراء الغربية”.
وأضاف التقرير أن السلطات المغربية “لم تقدم أي مبرر لذلك ومنعت العديد من الأشخاص بمن فيهم أفراد الأسرة من الزيارة”، ونقلت عن خيا قلوها إن “قوات الشرطة داهمت منزلها عدة مرات وضربتها وقريبتها ولطخت المنزل بسائل كريه الرائحة”.
كما اتهم التقرير السلطات المغربية بمنع “التجمعات المساندة لحق الصحراويين في تقرير المصير، وعرقلت عمل بعض المنظمات الحقوقية المحلية غير الحكومية، بما في ذلك عن طريق منعها من التسجيل القانوني، وفي بعض الأحيان ضرب النشطاء والصحفيين أثناء احتجازهم وفي الشوارع، أو مداهمة منازلهم وتدمير أو مصادرة متعلقاتهم”.
وأضافت “هيومن رايتس ووتش” أنه في 2021، “ظل 19 رجلا صحراويا في السجن بعد إدانتهم في محاكمتين جائرتين عامي 2013 و2017 بقتل 11 عنصرا من قوات الأمن، خلال اشتباكات اندلعت بعد أن فككت السلطات بالقوة مخيما احتجاجيا كبيرا في أكديم إزيك، الصحراء الغربية، في 2010”.
ووفق التقرير، “اعتمدت كلتا المحكمتين بشكل شبه كامل على اعترافاتهم للشرطة لإدانتهم، دون التحقيق بجدية في مزاعم أن المتهمين وقّعوا على اعترافاتهم تحت التعذيب. ,أيّدت محكمة النقض، أعلى هيئة قضائية في المغرب، حكم الاستئناف في 25 نوفمبر 2020″.
وبدل تقديم ردود مقنعة حول التقرير الحقوقي راحت المندوبية الوزارية، المكلفة بحقوق الإنسان في المغرب، تلوك اسطوانة الوحدة الترابية مجددا.
وأكدت إن الفقرات الواردة في تقرير المنظمة لسنة 2021 تعد أكبر حجة على انخراطها في حملة سياسية ممنهجة مضادة لبلدنا.. وأكبر دليل على عدم انسجامها مع منهجها، بخصوص التعامل مع الحقائق” رغم أن التقرير يتحدث عن اقليم مستقل عن المغرب وفق قرارات ألامم المتحدة والقانون الدولي.
الأمن المغربي يحقن سلطانة خيا بحقنة ثانية مجهولة!
ومطلع ديسمبر 2021، كشفت الناشطة الصحراوية، سلطانة خيا، أن الأمن المغربي قام بحقنها بحقنة ثانية مجهولة بعدما هاجم منزلها واعتدى على جميع أفراد عائلتها.
وقالت الناشطة في تغريدة، عبر حسابها على تويتر: “تم فجر اليوم الأحد 05/12/2121 هجوم بربري على منزلى من طرف عناصر تابعين للأجهزة المغربية والإعتداء على جميع أفراد الأسرة بما فيهم أمي أمتوا وتم حقنى بحقنة ثانية مجهولة”.
عـــــــــــاجل 
🔴تم فجر اليوم الأحد 05/12/2121  هجوم بربري على منزلى من طرف عناصر تابعين للأجهزة المغربية والإعتداء على جميع أفراد الأسرة بما فيهم أمي أمتوا وتم حقنى بحقنة ثانية مجهولة
— الحساب الرسمي سلطانة سيد إبراهيم خيا Sultana Khaya (@Sultanakhayya1) December 5, 2021
ونشر مناضل صحراوي مدافع عن القضية الوطنية ضد الاحتلال المغربي، فيديو يتحدث عن تفاصيل الاعتداء على خيا وعائلتها عبر حسابه على تويتر، مؤكدا من خلالها إنها في خطر.
⭕حصار ظالم  وجرائم مستمرة…
تم الهجوم فجر هذا اليوم الأحد 05/12/2021 على الساعة الرابعة فجرا على منزل عـــــــــــائلة المدافعة عن حقوق الإنسان #سلطانة_خيا  من طرف عناصر تابعين للأجهزة القمعية المغربية المحاصرة للمنزل منذ  19 نوفمبر 2020#عائلة_أهل_خيا_في_خطر pic.twitter.com/s5NUng7s7L
— chayaj said (@chayaj_said) December 5, 2021
قضية سلطانة خيا: العفو الدولية تفضح روايات النظام المغربي (وثيقة)
دعت منظمة العفو الدولية النظام المغربي بوضع حد فوري، لما أسمتها اعتداءات وحشية ضد الناشطة الصحراوية، سلطانة خيا وعائلتها، والمتواصلة منذ ما يزيد على السنة.
وفي رسالة إلى رئيس الحكومة المغربية عزيز أخنوش، طالبت المنظمة الدولية بإجراء تحقيق سريع وحيادي بخصوص الأعمال التعسفية التي تمارسها قوات الأمن والاعتداءات على سلطانة خيا وأسرتها، بما في ذلك الاعتداءات الجنسية وضمان تقديم المشتبه فيهم إلى العدالة.
وحثت المنظمة النظام المغربي على ضمان حصول سلطانة خيا وعائلتها على العدالة وسبل الانصاف الفعالة، بما في ذلك التعويض المناسب، وضمان عدم تكرار إنتهاكات حقوق الإنسان التي تعرضوا لها.
https://www.amnestyalgerie.org/2021/12/01/une-militante-sahraouie-violee-par-les-forces-marocaines/?fbclid=IwAR0sxyIsyUeihWDpGmD91Qymprvy2wVOcHVNw3E4K8rLgfCFOPlvgAp21sY
وفيما يخص حصار منزل عائلة خيا في مدينة بوجدور، فقد جددت منظمة العفو الدولية نداءها الداعي لإنهاء الإقامة الجبرية التعسفية بحق سلطانة خيا وعائلتها وإحترام حقوقهم في حرية التنقل والتعبير وتكوين الجمعيات.
وتطرق بيان للمنظمة الصادر إلى سلسلة الأعمال العدوانية التي تعرضت لها سلطانة خيا وعائلتها، سيما الهجوم على منزل العائلة فجر 15 نوفمبر، والإعتداء على أفراد العائلة بما في ذلك والدتها المُسنة ومنعهم من التنقل إلى المستشفى لتلقي العلاج الضروري.
منظمة أمريكية تدعو المفوض الأممي للتحرك
وفي 18 نوفمبر 2021، دعت منظمة روبرت كيندي لحقوق الانسان، مفوض الأمم المتحدة السامي لحقوق الإنسان لزيارة الصحراء الغربية، للتحقيق في اتهامات موجهة للأمن المغربي بالاعتداء واغتصاب الناشطة سلطانة خيا.
وجاء في بيان للمنظمة إنها: يساورها قلق عميق إزاء التقارير الأخيرة عن الهجمات وانتهاكات حقوق الإنسان التي ارتكبتها السلطات المغربية ضد المدافعة الصحراوية عن حقوق الإنسان سلطانة خيا، وكذلك الانتقام من أميناتو حيدر الناشطة الصحراوية والحائزة على جائزة روبرت ف. كينيدي لحقوق الإنسان لعام 2008.
وحسب المنظمة، فإنه في 15 نوفمبر، استنكرت المنظمة الصحراوية لمناهضة الاحتلال المغربي قيام الشرطة المغربية اقتحام منزل خيا في الساعة 5 صباحا، والتحرش اللفظي بها وعائلتها، واغتصابها هي وشقيقتها أثناء وجود والدتها، ويأتي ذلك بعد أنباء عن قيام قوات الأمن المغربية بالاعتداء على خيا وحقنها بمادة مجهولة في 8 نوفمبر، مما أدى إلى مرضها جسديًا.
وأشار البيان إنه ليست المرة الأولى التي تتعرض فيها خيا لهجمات من قوات الأمن المغربية وتم حبس خيا بشكل تعسفي وغير قانوني رهن الإقامة الجبرية بحكم الأمر الواقع منذ نوفمبر 2020 ، حيث حافظت قوات الأمن المغربية على ” وجود مكثف شبه دائم خارج منزلها دون أمر رسمي أو اتهامات بعد دعوتها إلى تقرير المصير الصحراويين، وهي رئيسة رابطة الدفاع عن حقوق الإنسان وضد نهب الموارد الطبيعية في بوجدور.
ودعت المنظمة الحكومة المغربية على إنهاء الإقامة الجبرية الفعلية على خيا ، وضمان امتثال السلطات لمعايير الحقوق الدولية المتعلقة بحرية التنقل وتكوين الجمعيات والتعبير.
ودعت مفوض الأمم المتحدة السامي لحقوق الإنسان أن يقوم بزيارة إلى الصحراء الغربية للتحقيق في انتهاكات حقوق الإنسان في أقرب وقت ممكن ، بما في ذلك الاعتداء الجنسي الإجرامي على سلطانة خايا وشقيقتها. كما ندعو مجلس الأمن الدولي إلى إصلاح الغياب الطويل لآلية حقوق الإنسان في بعثة الأمم المتحدة للاستفتاء في الصحراء الغربية لتعزيز حماية حقوق الإنسان في الإقليم.
وأمام تزايد الضغوط الدولية على النظام المغربي بشأن القضية أعاد سفيره لدى الأمم المتحدة عمر هلال ترويج رواية حمل سلطانة خيا الكلاشينكوف وتصويرها بالزي العسكري.
وأكد هلال في رسالة إلى مجلس الأمن: “في ما يتعلق بالمدعوة سلطانة خيا، على وجه الخصوص، يجدر التساؤل منذ متى كان نشطاء حقوق الإنسان يرتدون زيا عسكريا ويحملون بندقية كلاشينكوف؟”.
وكانت هذه الرواية المغربية هي نفسها التي قدمت سابقا، بعد ضغوط منظمات حقوقية حول انتهاكات حقوق الانسان بحق الصحراويين، ورد ناشطون صحراويون بأن خيا لو كانت تملك تدريبا عسكريا وسلاحا لما تمكن الأمن المغربي من فرض إقامة جبرية والاعتداء عليها وعلى عائلتها طيلة أشهر.
لجنة حقوقية: الاعتداء على المناضلة سلطانة خيا من قبل الأمن المغربي
قالت اللجنة الوطنية الصحراوية لحقوق الإنسان، الاثنين 15 نوفمبر 2021، إن الناشطة سلطانة خيا تعرضت لاعتداءات ومحاولات اغتصاب على يد رجال أمن مغاربة بمدينة بوجدور المحتلة بعد اقتحام منزل العائلة.
وأكدت اللجنة في بيان لها أنه في تحد صارخ لجميع المعايير والمعاهدات الدولية لحقوق الإنسان واتفاقيات جنيف المتعلقة بحماية المدنيين تحت الاحتلال، تمارس السلطات الملكية القمعية أسوأ أشكال القمع الممنهج ضد المدافعة الصحراوية عن حقوق الإنسان سلطانة سيد إبراهيم خيا وعائلتها.
عاجل
تم فجر اليوم إقتحام منزلة عائلة أهل المناضلة والناشطة الحقوقية سلطانة خيا وتم ضرب النساء والوالدة متو البالغةمن العمر 84 وإغتصاب سلطانة خيا وتخريب المنزل وسرقة الأثاث من طرف قوات الإحتلال المغربي في مدينة بوجدور المحتلة #الصحراءالغربية 🇪🇭 pic.twitter.com/XO9gcUELqW
— Said Mohamed erradi (@Saiderradi8) November 15, 2021
I have been effectively held under house arrest by Moroccan authorities in Boujdour, Western Sahara 🇪🇭 In this video I am explaining the fifth raids on my house today 15/11/2021.my message to occupation that we will continue our struggling. pic.twitter.com/Yy9OzreRfD
— الحساب الرسمي سلطانة سيد إبراهيم خيا Sultana Khaya (@Sultanakhayya1) November 15, 2021
https://twitter.com/Sultanakhayya1/status/1460231685224738817
وأوضحت إنه في وقت مبكر وعلى الساعة الخامسة وأربعين دقيقة من يوم 15 نوفمبر 2021، هجم عشرات من رجال الأمن المغاربة الملثمين تحت إشراف مباشر من رئيس دائرة الأمن الثالثة بمدينة بوجدور المحتلة المدعو محمد المدفعي، على منزل عائلة سيد إبراهيم خيا المحاصر منذ 19 نوفمبر 2020.
صرخات #سلطانة، #الواعرة هي ايضاً صرخات خيبة امل من كل من خذلها، وما اكثرهم.
ليست خيبة امل من المجتمع الدولي لانه كان دائماً رذيلاً نائماً عن آلام الضعفاء وإنما خيبةً وقهراً لكثرة الصحراويين وعدم قدرتهم على ازرها وحمايتها.
كأن كل إرادة الشعب الصحراوي هاجرت وإجتمعت في الاختين #خيا https://t.co/4kJoCCTjm6
— 🇪🇭في المَنْفَى🇪🇭 (@3rabiaFilmahgr) November 15, 2021
وقام ثلاثة رجال أمن بشل حركة سلطانة التي كانت تصرخ من التعذيب وتحاول الهروب من أيديهم حيث تعرضت للاغتصاب والاعتداء الوحشي وكذلك الأمر لشقيقتيها الواعرة وأميلمنين.
وأضاف البيان أن هذا الاعتداء الجبان بالكامل وقع أمام والدتهم الطاعنة في السن السيدة مينتو أمبيريك 84 عامًا، التي كانت ترتجف من الخوف والعجز وهي تتوسل لمن أساءوا إليها أن يوقفوا جريمتهم الشنيعة.
وأكدت اللجنة أن هذا الاعتداء الجبان على المناضلة الحقوقية الصحراوية سلطانة خيا وصمة عار على جبين الهيئات الدولية المعنية باحترام حقوق الإنسان والشعوب.
يستمر حصار منزلي ببوجدور المحتل #الصحراء_الغربية لأكثر من 360 يوم من طرف قوة الإحتلال المغربي المحاصرة للمنزل منذ 19 نوفمبر 2020
12/11/2021@amnesty @ICRC @hrw pic.twitter.com/Raw7xGjzaS
— الحساب الرسمي سلطانة سيد إبراهيم خيا Sultana Khaya (@Sultanakhayya1) November 12, 2021
منع وفد نسائي إسباني من زيارة سلطانة خيا
وفي 4 أكتوبر 2021، كشفت وزارة شؤون الأرض المحتلة والجاليات الصحراوية، أنّ الاحتلال المغربي أقدم على طرد وفد نسائي من الأراضي الصحراوية بعد منعهن من زيارة المناضلة الحقوقية سلطانة خيا.
وبحسب الوزارة فقد تم استفزاز أعضاء الوفد النسائي ومنعهن من زيارة المناضلة الحقوقية سلطانة خيا وعائلتها من قبل قوات الاحتلال التي مارست الكثير من المضايقات ضدّ الناشطات الإسبانيات، قبل أن تطردهن بالقوة.
وأبرزت الوزارة في بيان نقلته وكالة الأنباء الصحراوية تضامنها المطلق مع أعضاء الوفد اللائي مُنعن بالقوة من زيارة عائلة خيا، وندّدت بما تعرضن له على أيدي سلطات الاحتلال من إجراءات قمعية وترحيلهن قسرًا.
وناشدت اللجنة الدولية للصليب الأحمر بالتدخل العاجل وتحمّل مسؤولياتها كاملة إزاء ما ترتكبه دولة الاحتلال المغربية من جرائم ضد الإنسانية في حق أبناء الشعب الصحراوي العُزّل.
كما دعت للعمل على إطلاق سراح الأسرى الصحراويين وفتح الجزء المحتل من الصحراء الغربية أمام الهيئات الحقوقية والصحافة والمراقبين الدوليين.
وجاء في البيان ذاته: “قوات الاحتلال لم تكتف فقط بمنع الوفد، بل عزلته عن بقية المسافرين وحاصرته بأكثر من 20 عنصرًا من عناصر شرطتها ومخابراتها، واحتجزت جوازاته وحقائب سفره وسط جو من الاستفزازات والمضايقات والمنع من الاتصال بالعالم الخارجي قبل أن تقوم بترحيله إلى إسبانيا بالقوة”.
واعتبرت الوزارة ما أقدمت عليه قوات الاحتلال القمعية المغربية بمطار مدينة العيون المحتلة، السبت، ومنع وفد قادم من إسبانيا، استمرارًا لانتهاكاتها الصارخة لحقوق الإنسان وإجراءاتها الإجرامية واللا قانونية.
وطالبت مجلس الأمن الدولي ومنظمة الأمم المتحدة بالتعجيل في تصفية الاستعمار من الجزء المحتل من تراب الجمهورية العربية الصحراوية الديمقراطية وتمتيع الشعب الصحراوي بحقه غير القابل للتصرف في الحرية والاستقلال وإلزام دولة الاحتلال المغربية باحترام الشرعية الدولية.
يُشار إلى أنّ الوفد الاسباني تكوّن من المحاميتين الإسبانيتين “إيناس ميرندا” و”فلورا راموس”، إضافة إلى الدكتورة الرعبوب محمد لمين.
وتمّ منع الثلاثة من قبل سلطات الاحتلال من التوجه الى مدينة بوجدور المحتلة لمؤازرة الناشطة الحقوقية والبطلة الصحراوية سلطانة سيد إبراهيم خيا وأختها المناضلة الجسورة الواعرة وعائلتها، والاطمئنان على وضعيتهم الصحية المتدهورة.
يذكر أن الناشطة خيا وعائلتها يعيشون ظروفا صعبة للغاية نتيجة الحصار المستمر من طرف سلطات الاحتلال التي تواصل اعتداءاتها اليومية في حقهم منذ حوالي عشرة أشهر انتقامًا من مواقفهم السياسية المطالبة بالحرية والاستقلال وإنهاء الاحتلال.
ويواصل الاحتلال المغربي حصاره المضروب على الناشطة سلطانة خيا وعائلتها منذ أزيد من 310 أيام، متجاهلاً الدعوات الدولية المطالبة بوقف هذه الممارسات الخطيرة.
وتعرضت سلطانة خيا، إلى الضرب الأربعاء الماضي على يد عناصر تابعة للأمن المغربي، كما تمّ الاعتداء على مجموعة من المناضلين الصحراويين قدموا لمنزل عائلتها للتضامن معها، ما خلّف إصابات عديدة في صفوفهم.",success,20221117,AUTHORITIES,WESTERN SAHARA,,MAR,190,4,-10.0,-6.07269503546099,26.1147,-14.3892,4,https://www.echoroukonline.com/%D8%B7%D8%A7%D9%84%D8%A8%D8%AA%D8%A7%D9%86-%D9%86%D8%B1%D9%88%D9%8A%D8%AC%D9%8A%D8%AA%D8%A7%D9%86-%D8%AA%D8%B1%D9%88%D9%8A%D8%A7%D9%86-%D8%AD%D8%A7%D8%AF%D8%AB%D8%A9-%D8%B7%D8%B1%D8%AF%D9%87%D9%85,www.echoroukonline.com,True,True,2022-11-17,464209.0,MOR-2022-1-721-4,2022.0,False,Clear,1.0,331.0,331.0,Morocco: Sahrawi Arab Democratic Republic (Western Sahara),721.0,721.0,Government of Morocco - POLISARIO,108.0,108.0,Government of Morocco,563.0,563.0,POLISARIO,1.0,"""AllAfrica,2023-02-02,Western Sahara's 'Frozen Conflict' Heats Up, but World's Attention Elsewhere
CR 	The New Humanitarian""",AllAfrica,2023-02-02,"Western Sahara's 'Frozen Conflict' Heats Up, but World's Attention Elsewhere
CR 	The New Humanitarian",The New Humanitarian,2.0,Al Mahbas village,"Drone strikes are concentrated along the wall ""the Berm""",Guelmim-Oued Noun region,Assa-Zag province,27.41434,-9.04785,POINT (-9.04785 27.41434),168822.0,Morocco,600.0,Africa,1.0,1.0,2022-11-15,2022-11-15 00:00:00.000,0.0,4.0,0.0,0.0,4.0,4.0,4.0,600.0,
1072420034,"جبهة البوليساريو تدين منع طالبتين نرويجيتين من زيارة العيون المحتلة
أدانت جبهة البوليساريو “بشدّة” منع الاحتلال المغربي الطالبتين النرويجيتين، هيلين لورنتزن ومارتي هيتيرفيك، من التوجّه إلى العيون المحتلة، في إطار دراستهما الأنثروبولوجية للوقوف على أسلوب حياة المجتمع الصحراوي.
وقال أبي بشرايا البشير عضو الأمانة الوطنية لجبهة البوليساريو، المكلّف بأوروبا والاتحاد الأوروبي في بيان، إنّ:
هذه الإجراءات، يتبعها الاحتلال المغربي، عندما يتعلق الأمر بالأجانب الذين يريدون الاطلاع على الجزء المحتل من الصحراء الغربية، لمراقبة أوضاع حقوق الإنسان في المنطقة. في مسعى منه لتحويل الإقليم إلى منطقة محظورة، مغلقة أمام أي محاولة خارجية لنقل الشهادات الحيّة، والمحايدة، والموضوعية حول الوضع السائد في الأراضي الصحراوية المحتلة.
وذكرت البوليساريو في ذات البيان أنه:
يتمّ بشكل منهجي، منع ممثلي المنظمات غير الحكومية المعنية بحقوق الإنسان أو الصحفيين أو المراسلين أو الباحثين أو البرلمانيين و السياسيين، أو حتى المواطنين البسطاء، من الذهاب إلى الأراضي الصحراوية المحتلة. ويتم طردهم باستخدام العنف، كما كان الشأن في حالة الطالبتين النرويجيتين.
واستدلت البوليساريو في هذا الشأن بما وقع لستافان دي ميستورا، المبعوث الشخصي للأمين العام للأمم المتحدة، الذي منع من زيارة الأراضي المحتلة ومقابلة الصحراويين الذين يعيشون هناك.
وتابع البيان:
منذ عام 2015، تهدف السياسة التي يتبعها الاحتلال المغربي إلى عزل الإقليم عن العالم الخارجي. إضافة إلى اضطهاد المدنيين لمنعهم من سرد الوقائع.
وهذا بالإضافة إلى سياسة إفراغ المنطقة من سكانها الأصليين، حتى يتسنى للمحتل الاستمرار في استعماره، وسيطرته على الأراضي الصحراوية، ونهب ثروات الإقليم، مع الإفلات التام من العقاب.
طالبتان نرويجيتان ترويان حادثة طردهما من العيون الصحراوية
وفي 17 نوفمبر 2022، قامت سلطات النظام المغربي، قبل أيام بطرد طالبتين نرويجيتين من مدينة العيون الصحراوية المحتلة، بعد زيارة لهما في إطار بحث أكاديمي، بشأن التركيبة المحلية للسكان.
وحسب ما نقلت وسائل إعلام نرويجية، عن الطالبتين بيورغ هيلين لورنتزن ومارتي هيتيرفيك، فإن السلطات المغربية اعتقلت الطالبين النرويجيين بيورغ هيلين لورنتزن ومارتي هيتيرفيك وقامت بترحيلهما من الصحراء الغربية المحتلة.
بحسب موقع https://t.co/3Q7oDpLrK2، قامت سلطات الاحتلال المغربية بطرد الطالبتين النرويجيتين بيورغ هيلين ومارتي هيتيرفيك من الأراضي الصحراوية المحتلة، لأنها تخاف أن يطلع العالم على العواقب الرهيبة لاستمرار احتلالها غير الشرعي لأجزاء من #الصحراء_الغربية.https://t.co/Msi7miTKWI
— Amb. Sidi Omar (@SidiOmarNY) November 15, 2022
وحسب رواية الطالبتين، فإنهما كانتا في فندق بالعيون، عندما طلب منهما رجال أمن بزي مدني ركوب سيارة أجرة ومغادرة المدينة نحو أغادير، قبل ترحيلهما عبر المطار.
Bjørg (23) og Marte (23) ble i går deportert fra okkuperte #VestSahara 
“Vi fikk ikke se noen identifikasjon av dem. Vi måtte stole på at de var fra myndighetene. Det var en mann i dress og to andre i vanlige klær, forteller Marte Hettervik til NRK” https://t.co/5yxdGNQCkG
— Vest-Sahara (@vestsahara) November 15, 2022
وحسب نفس المصدر، فإن الطالبتين تدرسان الأنثروبولوجيا الاجتماعية في جامعة بيرغن، وسافرتا إلى الصحراء الغربية، لجمع معلومات حول طبيعة المنطقة وطريقة عيش سكانها وتركبيتها الديموغرافية.
Två norska medborgare utvisades från ockuperade Västsahara idag.
Marte Hettervik. 23 år.
Bjørg Helene Lorentzen, 23 år. Båda studerar socialantropologi på universitetet i Bergen.@NorwayUN, @NorwayMFA, @TobiasBillstrom, @SweMFA, @JanKEliasson pic.twitter.com/VTqhYFIrcB
— Västsaharakommittén (@SweWScommittee) November 14, 2022
وسبق للنظام المغربي الذي يروج لطرح مفاده أن سكان الأراضي الصحراوية المحتلة، يعيشون الرفاهية ويرفضون الاستقلال، أن رحل عدة ناشطين أجانب من المنطقة لمنع نقل الحقائق، كما رفض حتى زيارة المبعوث الأممي ستافان دي ميستورا الذي برمج لقاءات مع المجتمع المدني الصحراوي.
النظام المغربي يواجه 4 اتهامات بتعذيب ناشطين صحراويين أمام الأمم المتحدة
ويواجه النظام المغربي أربع شكاوى أمام لجنة مناهضة التعذيب التابعة للأمم المتحدة، تتّهم الرباط بـ”تعذيب” ناشطين صحراويين.
وحسب وسائل إعلام دولية، فقد رفعت الشكاوى من طرف المؤسسة الدولية لحقوق الإنسان، ورابطة حماية السجناء الصحراويين بالسجون المغربية، ومنظمات أخرى.
وذكرت المنظمات في بيان مشترك، أن الصحراويين الأربعة الذين تقدموا بالشكاوى، وهم محمد لمين هدي، وحسن الداه، وعبد المولى الحافظي، ومحمد باني، “معتقلون منذ 6 إلى 12 سنة، بناء على اعترافات انتُزعت منهم تحت التعذيب”.
واعتبرت المنظمات أن هذه الشكاوى التي قدّمت أمام لجنة مناهضة التعذيب التابعة للأمم المتحدة، “تجسّد الأمل بالإقرار بالتعذيب الذي تعرّض له هؤلاء في انتهاك للالتزامات الدولية للمغرب”.
وتؤكد المنظمات أن “مقدّمي الشكاوى أجبروا على توقيع اعترافات انتُزعت منهم تحت التعذيب، عبر العنف الجسدي والنفسي وأيضا الجنسي، من طرف قوات الأمن المغربية”.
“ولا يزال مقدّمو الشكاوى يتعرّضون يوميا للتعذيب وللمعاملة غير الإنسانية. إذ يقبع البعض منهم في الحبس الانفرادي منذ سنوات على غرار محمد لمين هدي”، يضيف البيان.
وصلت إسبانيا.. سلطانة خيا تنتصر على آلة قمع النظام المغربي (فيديو)
وفي 5 جوان 2022، طالبت جبهة تحرير الساقية الحمراء ووادي الذهب (بوليساريو) المجتمع الدولي بتوفير العلاج والحماية اللازمة للناشطة الحقوقية الصحراوية، سلطانة خيا، التي وصلت إلى إسبانيا لتلقي الرعاية الطبية.
ووصلت خيا جوا إلى مدينة اليكانتي الساحلية، مساء الجمعة، قادمة من جزر الكناري التي كانت قد وصلتها في الأول من جوان بعدما سُمح لها أخيرا بمغادرة منزلها في العيون، كبرى مدن الصحراء الغربية.
وبعد 16 شهرا من الإقامة الجبرية في الصحراء الغربية، ستخضع الناشطة في مجال حقوق الإنسان للعلاج.
#سلطانة_خيا اسم على مسمى بالفعل هي سلطانة #الصحراء_الغربية 🇪🇭
بمجابهتها العدو 🇲🇦وكسرها حصاره وأنفه  باالنضال والتضحية منا ومن كل الشعوب الحرة ألف تحية ✌️✌️@Sultanakhayya1#SaharaLibre#SaharaOccidental#westernsahara pic.twitter.com/2RA0GIaMBy
— Leila lahsen 🇪🇭 ليلى 🇩🇿🇨🇺🇿🇦🇻🇪 (@layla_lahsen) June 4, 2022
وقالت جبهة البوليساريو في بيان نشرته وكالة الأنباء الصحراوية إن ما تعرضت له الناشطة “جريمة ضد الإنسانية”، وأنها ظلت “تطالب المجتمع الدولي توفير الحماية لها و للمدنيين الصحراويين، و تطالب أيضا بضرورة العلاج و فتح تحقيق دولي”.
وقال ممثل جبهة بوليساريو في إسبانيا، عبدالله العرابي، لوكالة فرانس برس إن خيا وصلت إلى أليكانتي “حيث ستخضع لفحوص طبية”. ولم يكشف عن مدة بقائها في إسبانيا.
وأظهرت مشاهد نشرت على منصات التواصل الاجتماعي وصولها إلى المطار حيث كان في انتظارها حشد يحتفل برفع الأعلام وإطلاق الهتافات والزغاريد.
کان هذا الیوم استقبال اللبٶة سلطانة خیا وما ادرك ما سلطانة خیا تحية نضالیة لي هذه المراءة الحدیدة pic.twitter.com/PqrDSTmkEt
— سيدي محمد مولاي أحمد (@P3bHnz5sEx2hEIX) June 3, 2022
وقال فريقها القانوني في بيان إن خيا تعرضت “لعدد لا يحصى من انتهاكات حقوق الإنسان” خلال خضوعها للإقامة الجبرية وتتواجد في إسبانيا سعيا لتلقي العلاج من جروحها.
كانت وزارة الخارجية الأميركية استنكرت محنتها وكذلك العديد من مجموعات حقوق الإنسان الدولية مثل مفوضية الأمم المتحدة السامية لحقوق الإنسان و”هيومن رايتس ووتش” و”فرونت لاين ديفندرز” (المدافعون في الخطوط الأمامية) وغيرها.
إستقبال الجالية الصحراوية للمناضلة سلطانة خيا عصر اليوم بمطار Alicante الإسبانية#الصحراء_الغربية المحتلة pic.twitter.com/JMNAMnG7x7
— 🇪🇭R.A.S.D🇩🇿🇵🇸♥️ (@tDcNsV4VVrHqGgD) June 3, 2022
وقالت منظمة العفو الدولية العام الماضي إن قوات الأمن المغربية عرّضت سلطانة خيا “مراراً للتعذيب أو غيره من ضروب سوء المعاملة، بما في ذلك الاعتداء الجنسي والاغتصاب”.
وتترأس خيا “رابطة الدفاع عن حقوق الإنسان ومكافحة نهب الموارد الطبيعية”، كما تنتمي إلى “الهيئة الصحراوية لمناهضة الاحتلال المغربي” (إيساكوم) المؤيدة لحق تقرير المصير من دون عنف للصحراويين.
“صوت نساء خيا هو صوت نساء العالم” عنوان ندوة رقمية بلمسة دولية تضامنا مع حصار منزل عائلة أهل خيا، يوم السبت 28 مايو 2022 على منصة زووم بحضور نساء حول العالم يمثلن منظمات دولية و ستبث حصريا على صفحة الحملة “together to end the siege of the khaya family “ #إرادتي_ليست_جدار pic.twitter.com/U4JNFSHiS3
— الحساب الرسمي سلطانة سيد إبراهيم خيا Sultana Khaya (@Sultanakhayya1) May 26, 2022
الصحراء الغربية: شاحنة ترتطم بمنزل سلطانة خيا
ويوم 16 ماي 2022، تعرضت الناشطة الصحراوية سلطانة خيا، إلى اعتداء من قبل النظام المغربي بعد استهداف منزلها بشاحنة تابعة للشرطة المغربية ارتطمت به ليلا.
ودعت الجمهورية العربية الصحراوية المجتمع الدولي والمنظمات الدولية إلى العمل من أجل كشف ملابسات محاولة الاغتيال التي تعرضت لها سلطانة خيا وعائلتها ببوجدور المحتلة ومتابعة منفذيها و الأجهزة الأمنية لنظام المخزن الذي يقف وراءها.
🔴خطوة خطيرة و حادثة تورط الإحتلال المغربي في نفي عائلة أهل خيا 
في محاولة جبانة وفاشلة للإحتلال المغربي. بمدينة بوجدور المحتلة الصحراء الغربية و بعد منتصف الليل،  الإثنين 16/05/2022
قوات الاحتلال المغربي تقوم بتهديم جزئي لمنزل عائلة المدافعة عن حقوق الإنسان سلطانة خيا pic.twitter.com/WlXwkTQy8H
— mahyuba (@mahyuba2) May 16, 2022
وعبرت وزارة شؤون الأرض المحتلة والجاليات في بيان, عن شديد الإدانة لهذه الأعمال العدائية الجبانة,معتبرة إياها “محاولة اغتيال لا لبس فيها”,حيث استهدفت شاحنة تابعة للشرطة المغربية منزل خيا “بالدهس والارتطام” .
وأضافت إنه اعتداء على الصحراويات, سلطانة وأختها الواعرة, و في نفس الوقت تخويف للناشطين الأجانب المتضامنين مع النشطاء الصحراويين, موضحة أن الاعتداء المغربي على الناشطات الصحراويات يعد محاولة قطع الطريق أمام مؤيديهم الأجانب لمنعهم من الانضمام إليهم.
في منزل عائلة المناضلة الكبيرة سلطانة خيا توجد الناشطة الأمريكية روث ماكدونو المضربة عن الطعام منذ ١١ يوماومواطنها الامريكي المضرب عن الطعام منذ 4 ايام مناصرين للشعب الصحراوي ومحاولة الإحتلال المغربي هدم المنزل على رؤسهم تعتبر جريمة مكشوفة الأبعاد pic.twitter.com/morkESOlTC
— #حسان_بوليساريو_تنتصر@ (@hassanmuilidali) May 16, 2022
وأوضح البيان أن عملية دهس منزل العائلة بشاحنة ثقيلة تمثل “استهداف ممنهج وعن سبق إصرار,يهدف بشكل مباشر إلى تخويف و تهديد عائلة سلطانة خيا و من معها من الناشطين الأجانب”, منهم الحقوقية الأمريكية ,روث ماكدونو,التي تدهورت حالتها الصحية بعد دخولها في إضراب تضامنا مع الناشطين الصحراويين.
حاول الاحتلال المغربي ليلة البارحة تنفيذ جريمة اغتيال جماعية ضد سلطانة و الواعرة خيا و أفراد عائلتهم بالإضافة إلى المواطنين الأمركيين المقيمين بالمنزل منذ قرابة الشهرين و المضربين عن الطعام احتجاجا على مواصل المغرب جرائمه ضد هذه العائلة.
1/4 (يتبع) pic.twitter.com/Yipuslxuoo
— Anna Habibi🇪🇭 (@AnnaSahrauia) May 16, 2022
قضية سلطانة خيا: ناشطة أمريكية تخوض إضرابا عن الطعام ببوجدور
ومنذ 9 ماي 2022، تواصل المتضامنة الأمريكية روث ماكدونو إضرابها عن الطعام لليوم السادس على التوالي ببوجدور الصحراوية دعما للناشطة الصحراوية سلطانة خيا القابعة وعائلتها رهن الإقامة الجبرية منذ أكثر من سنة.
وقالت الهيئة الصحراوية لمناهضة الاحتلال المغربي (إيساكوم) في بيان “المخاوف من تدهور الوضعية الصحية للمتضامنة الأمريكية جراء مضاعفات الإضراب عن الطعام الذي تخوضه محملة سلطات الاحتلال المغربي المسؤولية عن حياتها (المتضامنة الأمريكية)”.
Sahrawi activist enlists Americans to stop police beatings and sexual assault https://t.co/dJiJHsQTNE #politics #feedly
— Leicester Worker (@LeicesterWorker) May 5, 2022
Los activistas de #USA que acompañan a #SultanaJaya, #RuthMcDonough y su compañero entran en #huelga de hambre en #solidaridad con activistas saharauis de #DerechosHumanos y el pueblo saharaui a fin de llamar la atención hacia el sufrimiento que padece bajo #ocupación marroqui pic.twitter.com/F5hHSU1Jen
— Jadiyetu El Mohtar (@Jadiyetumohtar) May 5, 2022
كما جددت الهيئة بالمناسبة استنكارها الشديد “للانتهاكات المغربية الجسيمة التي ترتكبها بحق المناضلة سلطانة خيا وعائلتها، ولاسيما استمرار الحصار البوليسي وحرمان المواطنين من زيارتهم والاعتداء عليهم بالضرب، وجملة الإجراءات التي تنتهك حقوق الإنسان”.
Desde ayer sabemos que Ruth McDonough y Tim Pluta han comenzado una huelga de hambre por la situación de la activista saharaui Sultana Khaya y nos piden ayuda y difusión. Todo mi apoyo y respeto, compañero. pic.twitter.com/XVwjGNx30f
— C (@carmenbellas) May 5, 2022
⭕️المتضامنة الأمريكية🇺🇸 ” روث ماكدونو” مع عائلة #أهل_خيا🇪🇭 ببوجدور المحتل تخوض إضراباً عن الطعام https://t.co/K1FOug8m9C pic.twitter.com/btjAXp6bOA
— RASD🇪🇭TODAY (@RasdToday) May 4, 2022
وكانت روث ماكدونو قد شرعت في الرابع ماي الجاري بمدينة بوجدور المحتلة في إضراب عن الطعام من أجل مؤازرة ودعم خيا وعائلتها وجميع أفراد الشعب الصحراوي وللفت الانتباه إلى ما يرتكبه المغرب بالأراضي الصحراوية المحتلة من انتهاكات وجرائم بحق الصحراويين.
Saultana Sidbrahim Khayya 
Ruth McDonough
Tim Pluta MD, PhD#SaharaOccidental#Boujdour pic.twitter.com/miYkYZAiDp
— Anna Habibi🇪🇭 (@AnnaSahrauia) May 4, 2022
وكان وفد أمريكي قد تمكن في الـ 16 مارس الماضي، من كسر الحصار الأمني الذي فرضته قوات الاحتلال المغربية على المنزل العائلي للناشطة الحقوقية الصحراوية سلطانة خيا، بمدينة بوجدور المحتلة منذ أكثر من عام.
وفي هذا الإطار، أشارت الهيئة الصحراوية إلى أن “المتضامنين الأمريكيين تحدوا الصعوبات والعراقيل ووصلوا إلى منزل خيا، من أجل دعمها والمطالبة برفع الحصار عنها وتمتيعها بحقوقها”.
وبعد تجاهل السلطات المغربية وصمت المجتمع الدولي وتواطئ بعض الدول التي تدعي الدفاع عن حقوق الإنسان – يضيف بيان الهيئة – “شرعت المتطوعة الأمريكية روث ماكدونو في خوض إضراب عن الطعام احتجاجا على استمرار حصار منزل المناضلة سلطانة وعائلتها دون سند أو مسوغ قانوني”.
أمنيستي تطلق حمة الـ 10 آلاف توقيع لإنهاء “كابوس سلطانة خيا”
ويوم 12 أفريل 2022، أعلنت منظمة العفو الدولية عن إطلاق حملة لجمع التوقيعات، من أجل توجيه رسالة إلى الحكومة المغربية بشأن الانتهاكات التي تتعرّض لها المناضلة الصحراوية سلطانة خيا.
وقالت المنظمة في بيان، إنّها ستوجّه رسالة إلى رئيس الحكومة المغربية عزيز أخنوش تطالبه بالتحقيق في الإقامة الجبرية غير القانونية التي تخضع لها سلطانة خيا.
وتهدف المنظمة إلى جمع 10 آلاف توقيع عبر موقعها الإلكتروني، من أجل أن “لا يمرّ الكابوس الذي عاشته سلطانة”، وهي رئيسة رابطة الدفاع عن حقوق الإنسان ومكافحة نهب الموارد الطبيعية في الصحراء الغربية، “من دون عقاب”.
وذكرت منظمة العفو الدولية أن سلطانة، تعرّضت إلى الاغتصاب والاعتداء الجسدي في منزلها رفقة عدد من أفراد عائلتها.
#StandUp4HumanRights
A Sultana Khaya la violaron por ser activista saharaui.
¡Pedimos justicia! @UN @ICRC @mbachelet @PMaurerICRC @amnesty @UNHumanRights @UN_HRC  https://t.co/dJwU0eMka4 vía @amnistiaespana
— Ahmed Batah (@AhmedBAbdeslam) April 12, 2022
أمريكيون يكسرون حصار النظام المغربي على المناضلة سلطانة خيا
وفي 17 مارس 2022، تمكن وفد أمريكي من كسر الحصار الأمني الجائر الذي فرضته قوات الاحتلال المغربي على المنزل العائلي للناشطة الحقوقية الصحراوية سلطانة خيا بمدينة بوجدور المحتلة منذ أكثر من عام.
وأفاد مركز عمل حقوق الإنسان الأمريكي في بيان له إن متطوعين من الولايات المتحدة، على غرار روث ماكدونو وأدريان كين، قد وصلوا إلى المنزل العائلي لسلطانة خيا، وهم حاليا ضيوف عندها، “لحماية العائلة من انتهاكات حقوق الإنسان وكسر الحصار على المنزل”، الذي استمر قرابة 500 يوما من طرف قوات القمع المغربية.
وأبرز مركز عمل حقوق الإنسان أنه “لأول مرة، و بعد مرور أزيد من سنة على الحصار المفروض على عائلة المناضلة الصحراوية سلطانة خيا، تمكن أربعة ممثلين لمنظمات الدفاع عن حقوق الإنسان من الولايات المتحدة الأمريكية من الاطلاع على واقع الحصار غير القانوني على عائلة أهل خيا ودخلوا المنزل”.
https://twitter.com/nadisou6965/status/1504247119128977408?fbclid=IwAR3Ok6_hSjTjj-E6A3D37KNfjv_ZZS59Uz311r_2yz4t26I1_MqW679sd7Q
وقالت الناشطة الحقوقية الصحراوية سلطانة خيا في اتصال مع وكالة الأنباء الجزائرية، إن “الوفد الحقوقي الذي كسر الحصار اليوم عن منزلها، يتكون من رجلين وامرأتين بينهم طبيب، جاؤوا للتضامن معها ضد ما تتعرض له من قمع على يد القوات المغربية، في انتهاك للقانون الدولي”.
ويطالب مركز عمل حقوق الإنسان بوضع حد لعمليات الاغتصاب ومحاسبة المتورطين وضمان حرية الحركة لعائلة خيا وجميع الزوار، كما يدعم المركز الحقوقي الأمريكي، مطالب سلطانة خيا وعائلتها، بما في ذلك إزالة القوات والحواجز حول منزلهم و حيهم، ومعالجة خزان المياه الملوثة.
https://twitter.com/___sssSsss____/status/1504234200966172675?fbclid=IwAR2ryOdZO-yEAsbphnMeG4740dujJGe6qSsruyuvKX5J_McdJ9YjcJ5K9TM
وكانت قوات القمع المخزنية قد فرضت الإقامة الجبرية على المنزل العائلي للمدافعة عن حقوق الانسان سلطانة خيا منذ شهر نوفمبر 2020، حيث تعرضت الأسرة لانتهاكات جسيمة لحقوق الانسان، بما في ذلك اقتحام المنزل و الاعتداء الجنسي على سلطانة خيا وشقيقتها، والحقن بمواد مجهولة المصدر.
قمع مظاهرة للتضامن مع سلطانة خيا بالعيون
ويوم 10 فيفري 2022، أدانت الهيئة الصحراوية لمناهضة الاحتلال المغربي بشدة قمع مظاهرة سلمية للتضامن مع السلطانة خيا وعائلتها.
وأفاد المكتب التنفيذي للهيئة، في بيان له الأربعاء: “بحسب المعلومات الميدانية التي تم رصدها، فقد تدخلت قوات الاحتلال المغربية ممثلة في ما أطلق عليهم القوات المساعدة بزيهم الرسمي ودون سابق إنذار، باستعمال أبشع أنواع التعنيف في حق المناضلات اللاتي تجمهرن بالشارع العام للتضامن مع المدافعة عن حقوق الإنسان سلطانة خيا وعائلتها المحاصرين من طرف قوات القمع المغربية ببوجدور المحتلة منذ اأثر من 15 شهرا، مرددين الشعارات المطالبة بالحرية والاستقلال”.
وقد أدى التدخل الهمجي -بحسب ذات البيان- إلى إصابة كل من مينة اباعلي و غلي عجنة و ليلى الليلي، و هن عضوات بالهيئة الصحراوية لمناهضة الاحتلال المغربي، بالإضافة الى اصابة الصالحة بوتنكيزة، و هي اعلامية مراسلة التلفزة الصحراوية، كما تم منع عضو الهيئة، مريم دمبر، من الوصول إلى مكان المظاهرة، بعد ان تمت محاصرة منزل عائلتها من طرف سيارات تابعة لشرطة الاحتلال واجبارها على المكوث في المنزل.
وأعادت الهيئة “التأكيد على الحقوق المشروعة غير القابلة للتصرف للشعب الصحراوي”، مجددة مطالبتها المجتمع الدولي ب”التدخل العاجل لحماية المدنيين في الأراضي المحتلة من الصحراء الغربية، والعمل على إنهاء الحصار الامني والعسكري والإعلامي”.
كما طالبت الهيئة بتجسيد على ارض الواقع “مبدأ المحاسبة الذي شكل غيابه تشجيعا لقوات الاحتلال على الإعتداءات ضد المدنيين الصحراويين، والتحلل من القيود والالتزامات التي يفرضها القانون الدولي على سلطات الاحتلال، بل ان -تضيف الهيئة- غياب سياسة الافلات من العقاب، شجع تلك القوات على المضي قدما في انتهاكاتها الجسيمة لقواعد القانون الدولي الإنساني والقانون الدولي لحقوق الإنسان”.
التضييق على سلطانة خيا.. حملة الكترونية أوروبية للضغط على المغرب
أطلقت منظمة ”أكات” الفرنسية حملة إلكترونية، أواخر جانفي 2022 من أجل رفع الحصار والتضييق الذي تتعرض له الناشطة الصحراوية سلطانة خيا وعائلتها من قبل قوات الاحتلال المغربي.
ودعت المنظمة الفرنسية المختصة في مناهضة التعذيب، الممثل السامي للاتحاد الأوروبي للسياسة الخارجية والأمن إلى التدخل العاجل لوضع حد للاعتداءات المتكررة في حق الناشطة الصحراوية سلطانة خيا وأفراد عائلتها في سياق الهجمات المغربية التي تستهدف المدافعين الصحراويين عن حقوق الإنسان.
وأشارت المنظمة الفرنسية المختصة في مناهضة التعذيب، إلى أن الناشطة سلطانة خيا وعدد من المناضلين من أجل تقرير المصير لشعب الصحراوي وحقوقه الأساسية، صاروا هدفا للهجمات المتكررة من طرف أجهزة النظام المغربي، والاعتداءات الجنسية والحقن بمواد مجهولة تعرض حياتهم للخطر.
وفي هذا الصدد، دعت (أكات) الممثل السامي للاتحاد الأوروبي للسياسة الخارجية والأمن، جوزيب بوريل، لمطالبة سلطات الإحلال المغربية إلى وضع حد لجميع أشكال العنف، ضد المدافعين عن حقوق الإنسان، بمن فيهم سلطانة خيا ورفع الإقامة الجبرية والحصار العسكري على منزل عائلتها.
كما طالبت المنظمة من بوريل، حث الرباط على احترام التزاماتها الدولية بشأن حماية حقوق الإنسان وخاصة مناهضة التعذيب وسوء المعاملة، وفتح تحقيق مستقل في أعمال التعذيب والانتهاكات الأخرى التي عانت من سلطانة خيا وشقيقتها.
الصحراء الغربية: أكثر من 300 منظمة دولية توجه رسالة للنظام المغربي
ويوم 27 جانفي 2022، جهت أكثر من 300 منظمة حقوقية عضو في مجموعة جنيف للدعم من أجل حماية وترقية حقوق الإنسان في الصحراء الغربية، رسالة للنظام المغربي دعته فيها إلى التخلي عن سياساته الاستعمارية وتطبيق القانون الدولي.
ودعت المنظمات غير الحكومية وعددها 306 في بيان لها “حاملي اللائحة الخاصة بالصحراء الغربية في مجلس الأمن الدولي إلى إدراج أبعاد حقوق الإنسان وسيادة القانون في مهمة البعثة الأممية لتنظيم استفتاء في الصحراء الغربية (مينورسو).
كما طالبت بتمكين المبعوث الشخصي للأمين العام للأمم المتحدة إلى الصحراء الغربية (ستافان دي ميستورا) من الوسائل لتجسيد عهدته وإتاحة الفرصة لشعب الصحراء الغربية للتعبير بحرية عن حقه في تقرير المصير و “الاستقلال”.
وحثت المجموعة التي تابعت “باهتمام كبير” الجولة الأولى في المنطقة لستافان دي مستورا المغرب على “التخلي عن طموحاته وسياساته الاستعمارية واحترام القانون الدولي وتطبيقه لصالح الشعب الصحراوي وسكان منطقتي المغرب العربي والساحل”.
كما أعرب أعضاء المجموعة عن أسفهم “العميق” لعدم زيارة دي ميستورا الإقليم غير المستقل الذي يحتله المغربي و”المغلق تمامًا أمام أي تحقيق مستقل منذ عام 2015 بما في ذلك من قبل المفوضية السامية لحقوق الإنسان”.
كما أشار أعضاء المجموعة إلى أن جميع لوائح الأمم المتحدة “تؤكد من جديد على الحق غير القابل للتصرف لجميع الشعوب في تقرير المصير والاستقلال”.
ونددت المنظمات غير الحكومية الـ306 بالموقف المغربي المستمر الذي يزعم أن الحل الوحيد الممكن للنزاع هو “إدماج الإقليم غير المستقل بالمغرب”.
كما أكد المصدر أن “هذا الموقف يتعارض بشكل أساسي مع أهداف ومبادئ ميثاق الأمم المتحدة، فضلاً عن أحكام لوائح مجلس الأمني الذي ما فتئ أعضاؤه يدعون الطرفين إلى استئناف المفاوضات دون شروط مسبقة وبحسن نية”.
ويؤكد النص أيضا أن “الاحتلال العسكري غير المشروع الذي طال أمده لإقليم الصحراء الغربية غير المستقل بدعم من فرنسا والولايات المتحدة والكيان الصهيوني قد تسبب وما زال يتسبب في حدوث انتهاكات جسيمة لحقوق الإنساني فضلاً عن انتهاك معايير القانون الإنساني الدولي بما في ذلك النهب غير القانوني للموارد الطبيعية الصحراوية.
الصحراء الغربية: الرباط توجه تهمة غريبة لهيومن رايتس!
ويوم 25 جانفي 2022، اتهمت الحكومة المغربية في خرجة غريبة، منظمة “هيومن رايتس ووتش” الحقوقية الدولية، بمعاداة الوحدة الترابية، بعد تقرير لها قدم أدلة دامغة حول تصاعد الانتهاكات ضد الناشطين الصحراويين.
واتهمت “هيومن رايتس ووتش” في تقريرها السنوي المتعلق باتجاهات حقوق الإنسان حول العالم لعام 2021، المغرب بمضايقة وملاحقة ناشطين صحراويين وعرقلة “عمل بعض المنظمات الحقوقية المحلية غير الحكومية”.
وقال تقرير المنظمة الحقوقية إن قوات الأمن المغربية أبقت، في نوفمبر 2020، “على تواجد كثيف شبه دائم خارج منزل ناشطة الاستقلال سلطانة خيا في بوجدور في الصحراء الغربية”.
وأضاف التقرير أن السلطات المغربية “لم تقدم أي مبرر لذلك ومنعت العديد من الأشخاص بمن فيهم أفراد الأسرة من الزيارة”، ونقلت عن خيا قلوها إن “قوات الشرطة داهمت منزلها عدة مرات وضربتها وقريبتها ولطخت المنزل بسائل كريه الرائحة”.
كما اتهم التقرير السلطات المغربية بمنع “التجمعات المساندة لحق الصحراويين في تقرير المصير، وعرقلت عمل بعض المنظمات الحقوقية المحلية غير الحكومية، بما في ذلك عن طريق منعها من التسجيل القانوني، وفي بعض الأحيان ضرب النشطاء والصحفيين أثناء احتجازهم وفي الشوارع، أو مداهمة منازلهم وتدمير أو مصادرة متعلقاتهم”.
وأضافت “هيومن رايتس ووتش” أنه في 2021، “ظل 19 رجلا صحراويا في السجن بعد إدانتهم في محاكمتين جائرتين عامي 2013 و2017 بقتل 11 عنصرا من قوات الأمن، خلال اشتباكات اندلعت بعد أن فككت السلطات بالقوة مخيما احتجاجيا كبيرا في أكديم إزيك، الصحراء الغربية، في 2010”.
ووفق التقرير، “اعتمدت كلتا المحكمتين بشكل شبه كامل على اعترافاتهم للشرطة لإدانتهم، دون التحقيق بجدية في مزاعم أن المتهمين وقّعوا على اعترافاتهم تحت التعذيب. ,أيّدت محكمة النقض، أعلى هيئة قضائية في المغرب، حكم الاستئناف في 25 نوفمبر 2020″.
وبدل تقديم ردود مقنعة حول التقرير الحقوقي راحت المندوبية الوزارية، المكلفة بحقوق الإنسان في المغرب، تلوك اسطوانة الوحدة الترابية مجددا.
وأكدت إن الفقرات الواردة في تقرير المنظمة لسنة 2021 تعد أكبر حجة على انخراطها في حملة سياسية ممنهجة مضادة لبلدنا.. وأكبر دليل على عدم انسجامها مع منهجها، بخصوص التعامل مع الحقائق” رغم أن التقرير يتحدث عن اقليم مستقل عن المغرب وفق قرارات ألامم المتحدة والقانون الدولي.
الأمن المغربي يحقن سلطانة خيا بحقنة ثانية مجهولة!
ومطلع ديسمبر 2021، كشفت الناشطة الصحراوية، سلطانة خيا، أن الأمن المغربي قام بحقنها بحقنة ثانية مجهولة بعدما هاجم منزلها واعتدى على جميع أفراد عائلتها.
وقالت الناشطة في تغريدة، عبر حسابها على تويتر: “تم فجر اليوم الأحد 05/12/2121 هجوم بربري على منزلى من طرف عناصر تابعين للأجهزة المغربية والإعتداء على جميع أفراد الأسرة بما فيهم أمي أمتوا وتم حقنى بحقنة ثانية مجهولة”.
عـــــــــــاجل 
🔴تم فجر اليوم الأحد 05/12/2121  هجوم بربري على منزلى من طرف عناصر تابعين للأجهزة المغربية والإعتداء على جميع أفراد الأسرة بما فيهم أمي أمتوا وتم حقنى بحقنة ثانية مجهولة
— الحساب الرسمي سلطانة سيد إبراهيم خيا Sultana Khaya (@Sultanakhayya1) December 5, 2021
ونشر مناضل صحراوي مدافع عن القضية الوطنية ضد الاحتلال المغربي، فيديو يتحدث عن تفاصيل الاعتداء على خيا وعائلتها عبر حسابه على تويتر، مؤكدا من خلالها إنها في خطر.
⭕حصار ظالم  وجرائم مستمرة…
تم الهجوم فجر هذا اليوم الأحد 05/12/2021 على الساعة الرابعة فجرا على منزل عـــــــــــائلة المدافعة عن حقوق الإنسان #سلطانة_خيا  من طرف عناصر تابعين للأجهزة القمعية المغربية المحاصرة للمنزل منذ  19 نوفمبر 2020#عائلة_أهل_خيا_في_خطر pic.twitter.com/s5NUng7s7L
— chayaj said (@chayaj_said) December 5, 2021
قضية سلطانة خيا: العفو الدولية تفضح روايات النظام المغربي (وثيقة)
دعت منظمة العفو الدولية النظام المغربي بوضع حد فوري، لما أسمتها اعتداءات وحشية ضد الناشطة الصحراوية، سلطانة خيا وعائلتها، والمتواصلة منذ ما يزيد على السنة.
وفي رسالة إلى رئيس الحكومة المغربية عزيز أخنوش، طالبت المنظمة الدولية بإجراء تحقيق سريع وحيادي بخصوص الأعمال التعسفية التي تمارسها قوات الأمن والاعتداءات على سلطانة خيا وأسرتها، بما في ذلك الاعتداءات الجنسية وضمان تقديم المشتبه فيهم إلى العدالة.
وحثت المنظمة النظام المغربي على ضمان حصول سلطانة خيا وعائلتها على العدالة وسبل الانصاف الفعالة، بما في ذلك التعويض المناسب، وضمان عدم تكرار إنتهاكات حقوق الإنسان التي تعرضوا لها.
https://www.amnestyalgerie.org/2021/12/01/une-militante-sahraouie-violee-par-les-forces-marocaines/?fbclid=IwAR0sxyIsyUeihWDpGmD91Qymprvy2wVOcHVNw3E4K8rLgfCFOPlvgAp21sY
وفيما يخص حصار منزل عائلة خيا في مدينة بوجدور، فقد جددت منظمة العفو الدولية نداءها الداعي لإنهاء الإقامة الجبرية التعسفية بحق سلطانة خيا وعائلتها وإحترام حقوقهم في حرية التنقل والتعبير وتكوين الجمعيات.
وتطرق بيان للمنظمة الصادر إلى سلسلة الأعمال العدوانية التي تعرضت لها سلطانة خيا وعائلتها، سيما الهجوم على منزل العائلة فجر 15 نوفمبر، والإعتداء على أفراد العائلة بما في ذلك والدتها المُسنة ومنعهم من التنقل إلى المستشفى لتلقي العلاج الضروري.
منظمة أمريكية تدعو المفوض الأممي للتحرك
وفي 18 نوفمبر 2021، دعت منظمة روبرت كيندي لحقوق الانسان، مفوض الأمم المتحدة السامي لحقوق الإنسان لزيارة الصحراء الغربية، للتحقيق في اتهامات موجهة للأمن المغربي بالاعتداء واغتصاب الناشطة سلطانة خيا.
وجاء في بيان للمنظمة إنها: يساورها قلق عميق إزاء التقارير الأخيرة عن الهجمات وانتهاكات حقوق الإنسان التي ارتكبتها السلطات المغربية ضد المدافعة الصحراوية عن حقوق الإنسان سلطانة خيا، وكذلك الانتقام من أميناتو حيدر الناشطة الصحراوية والحائزة على جائزة روبرت ف. كينيدي لحقوق الإنسان لعام 2008.
وحسب المنظمة، فإنه في 15 نوفمبر، استنكرت المنظمة الصحراوية لمناهضة الاحتلال المغربي قيام الشرطة المغربية اقتحام منزل خيا في الساعة 5 صباحا، والتحرش اللفظي بها وعائلتها، واغتصابها هي وشقيقتها أثناء وجود والدتها، ويأتي ذلك بعد أنباء عن قيام قوات الأمن المغربية بالاعتداء على خيا وحقنها بمادة مجهولة في 8 نوفمبر، مما أدى إلى مرضها جسديًا.
وأشار البيان إنه ليست المرة الأولى التي تتعرض فيها خيا لهجمات من قوات الأمن المغربية وتم حبس خيا بشكل تعسفي وغير قانوني رهن الإقامة الجبرية بحكم الأمر الواقع منذ نوفمبر 2020 ، حيث حافظت قوات الأمن المغربية على ” وجود مكثف شبه دائم خارج منزلها دون أمر رسمي أو اتهامات بعد دعوتها إلى تقرير المصير الصحراويين، وهي رئيسة رابطة الدفاع عن حقوق الإنسان وضد نهب الموارد الطبيعية في بوجدور.
ودعت المنظمة الحكومة المغربية على إنهاء الإقامة الجبرية الفعلية على خيا ، وضمان امتثال السلطات لمعايير الحقوق الدولية المتعلقة بحرية التنقل وتكوين الجمعيات والتعبير.
ودعت مفوض الأمم المتحدة السامي لحقوق الإنسان أن يقوم بزيارة إلى الصحراء الغربية للتحقيق في انتهاكات حقوق الإنسان في أقرب وقت ممكن ، بما في ذلك الاعتداء الجنسي الإجرامي على سلطانة خايا وشقيقتها. كما ندعو مجلس الأمن الدولي إلى إصلاح الغياب الطويل لآلية حقوق الإنسان في بعثة الأمم المتحدة للاستفتاء في الصحراء الغربية لتعزيز حماية حقوق الإنسان في الإقليم.
وأمام تزايد الضغوط الدولية على النظام المغربي بشأن القضية أعاد سفيره لدى الأمم المتحدة عمر هلال ترويج رواية حمل سلطانة خيا الكلاشينكوف وتصويرها بالزي العسكري.
وأكد هلال في رسالة إلى مجلس الأمن: “في ما يتعلق بالمدعوة سلطانة خيا، على وجه الخصوص، يجدر التساؤل منذ متى كان نشطاء حقوق الإنسان يرتدون زيا عسكريا ويحملون بندقية كلاشينكوف؟”.
وكانت هذه الرواية المغربية هي نفسها التي قدمت سابقا، بعد ضغوط منظمات حقوقية حول انتهاكات حقوق الانسان بحق الصحراويين، ورد ناشطون صحراويون بأن خيا لو كانت تملك تدريبا عسكريا وسلاحا لما تمكن الأمن المغربي من فرض إقامة جبرية والاعتداء عليها وعلى عائلتها طيلة أشهر.
لجنة حقوقية: الاعتداء على المناضلة سلطانة خيا من قبل الأمن المغربي
قالت اللجنة الوطنية الصحراوية لحقوق الإنسان، الاثنين 15 نوفمبر 2021، إن الناشطة سلطانة خيا تعرضت لاعتداءات ومحاولات اغتصاب على يد رجال أمن مغاربة بمدينة بوجدور المحتلة بعد اقتحام منزل العائلة.
وأكدت اللجنة في بيان لها أنه في تحد صارخ لجميع المعايير والمعاهدات الدولية لحقوق الإنسان واتفاقيات جنيف المتعلقة بحماية المدنيين تحت الاحتلال، تمارس السلطات الملكية القمعية أسوأ أشكال القمع الممنهج ضد المدافعة الصحراوية عن حقوق الإنسان سلطانة سيد إبراهيم خيا وعائلتها.
عاجل
تم فجر اليوم إقتحام منزلة عائلة أهل المناضلة والناشطة الحقوقية سلطانة خيا وتم ضرب النساء والوالدة متو البالغةمن العمر 84 وإغتصاب سلطانة خيا وتخريب المنزل وسرقة الأثاث من طرف قوات الإحتلال المغربي في مدينة بوجدور المحتلة #الصحراءالغربية 🇪🇭 pic.twitter.com/XO9gcUELqW
— Said Mohamed erradi (@Saiderradi8) November 15, 2021
I have been effectively held under house arrest by Moroccan authorities in Boujdour, Western Sahara 🇪🇭 In this video I am explaining the fifth raids on my house today 15/11/2021.my message to occupation that we will continue our struggling. pic.twitter.com/Yy9OzreRfD
— الحساب الرسمي سلطانة سيد إبراهيم خيا Sultana Khaya (@Sultanakhayya1) November 15, 2021
https://twitter.com/Sultanakhayya1/status/1460231685224738817
وأوضحت إنه في وقت مبكر وعلى الساعة الخامسة وأربعين دقيقة من يوم 15 نوفمبر 2021، هجم عشرات من رجال الأمن المغاربة الملثمين تحت إشراف مباشر من رئيس دائرة الأمن الثالثة بمدينة بوجدور المحتلة المدعو محمد المدفعي، على منزل عائلة سيد إبراهيم خيا المحاصر منذ 19 نوفمبر 2020.
صرخات #سلطانة، #الواعرة هي ايضاً صرخات خيبة امل من كل من خذلها، وما اكثرهم.
ليست خيبة امل من المجتمع الدولي لانه كان دائماً رذيلاً نائماً عن آلام الضعفاء وإنما خيبةً وقهراً لكثرة الصحراويين وعدم قدرتهم على ازرها وحمايتها.
كأن كل إرادة الشعب الصحراوي هاجرت وإجتمعت في الاختين #خيا https://t.co/4kJoCCTjm6
— 🇪🇭في المَنْفَى🇪🇭 (@3rabiaFilmahgr) November 15, 2021
وقام ثلاثة رجال أمن بشل حركة سلطانة التي كانت تصرخ من التعذيب وتحاول الهروب من أيديهم حيث تعرضت للاغتصاب والاعتداء الوحشي وكذلك الأمر لشقيقتيها الواعرة وأميلمنين.
وأضاف البيان أن هذا الاعتداء الجبان بالكامل وقع أمام والدتهم الطاعنة في السن السيدة مينتو أمبيريك 84 عامًا، التي كانت ترتجف من الخوف والعجز وهي تتوسل لمن أساءوا إليها أن يوقفوا جريمتهم الشنيعة.
وأكدت اللجنة أن هذا الاعتداء الجبان على المناضلة الحقوقية الصحراوية سلطانة خيا وصمة عار على جبين الهيئات الدولية المعنية باحترام حقوق الإنسان والشعوب.
يستمر حصار منزلي ببوجدور المحتل #الصحراء_الغربية لأكثر من 360 يوم من طرف قوة الإحتلال المغربي المحاصرة للمنزل منذ 19 نوفمبر 2020
12/11/2021@amnesty @ICRC @hrw pic.twitter.com/Raw7xGjzaS
— الحساب الرسمي سلطانة سيد إبراهيم خيا Sultana Khaya (@Sultanakhayya1) November 12, 2021
منع وفد نسائي إسباني من زيارة سلطانة خيا
وفي 4 أكتوبر 2021، كشفت وزارة شؤون الأرض المحتلة والجاليات الصحراوية، أنّ الاحتلال المغربي أقدم على طرد وفد نسائي من الأراضي الصحراوية بعد منعهن من زيارة المناضلة الحقوقية سلطانة خيا.
وبحسب الوزارة فقد تم استفزاز أعضاء الوفد النسائي ومنعهن من زيارة المناضلة الحقوقية سلطانة خيا وعائلتها من قبل قوات الاحتلال التي مارست الكثير من المضايقات ضدّ الناشطات الإسبانيات، قبل أن تطردهن بالقوة.
وأبرزت الوزارة في بيان نقلته وكالة الأنباء الصحراوية تضامنها المطلق مع أعضاء الوفد اللائي مُنعن بالقوة من زيارة عائلة خيا، وندّدت بما تعرضن له على أيدي سلطات الاحتلال من إجراءات قمعية وترحيلهن قسرًا.
وناشدت اللجنة الدولية للصليب الأحمر بالتدخل العاجل وتحمّل مسؤولياتها كاملة إزاء ما ترتكبه دولة الاحتلال المغربية من جرائم ضد الإنسانية في حق أبناء الشعب الصحراوي العُزّل.
كما دعت للعمل على إطلاق سراح الأسرى الصحراويين وفتح الجزء المحتل من الصحراء الغربية أمام الهيئات الحقوقية والصحافة والمراقبين الدوليين.
وجاء في البيان ذاته: “قوات الاحتلال لم تكتف فقط بمنع الوفد، بل عزلته عن بقية المسافرين وحاصرته بأكثر من 20 عنصرًا من عناصر شرطتها ومخابراتها، واحتجزت جوازاته وحقائب سفره وسط جو من الاستفزازات والمضايقات والمنع من الاتصال بالعالم الخارجي قبل أن تقوم بترحيله إلى إسبانيا بالقوة”.
واعتبرت الوزارة ما أقدمت عليه قوات الاحتلال القمعية المغربية بمطار مدينة العيون المحتلة، السبت، ومنع وفد قادم من إسبانيا، استمرارًا لانتهاكاتها الصارخة لحقوق الإنسان وإجراءاتها الإجرامية واللا قانونية.
وطالبت مجلس الأمن الدولي ومنظمة الأمم المتحدة بالتعجيل في تصفية الاستعمار من الجزء المحتل من تراب الجمهورية العربية الصحراوية الديمقراطية وتمتيع الشعب الصحراوي بحقه غير القابل للتصرف في الحرية والاستقلال وإلزام دولة الاحتلال المغربية باحترام الشرعية الدولية.
يُشار إلى أنّ الوفد الاسباني تكوّن من المحاميتين الإسبانيتين “إيناس ميرندا” و”فلورا راموس”، إضافة إلى الدكتورة الرعبوب محمد لمين.
وتمّ منع الثلاثة من قبل سلطات الاحتلال من التوجه الى مدينة بوجدور المحتلة لمؤازرة الناشطة الحقوقية والبطلة الصحراوية سلطانة سيد إبراهيم خيا وأختها المناضلة الجسورة الواعرة وعائلتها، والاطمئنان على وضعيتهم الصحية المتدهورة.
يذكر أن الناشطة خيا وعائلتها يعيشون ظروفا صعبة للغاية نتيجة الحصار المستمر من طرف سلطات الاحتلال التي تواصل اعتداءاتها اليومية في حقهم منذ حوالي عشرة أشهر انتقامًا من مواقفهم السياسية المطالبة بالحرية والاستقلال وإنهاء الاحتلال.
ويواصل الاحتلال المغربي حصاره المضروب على الناشطة سلطانة خيا وعائلتها منذ أزيد من 310 أيام، متجاهلاً الدعوات الدولية المطالبة بوقف هذه الممارسات الخطيرة.
وتعرضت سلطانة خيا، إلى الضرب الأربعاء الماضي على يد عناصر تابعة للأمن المغربي، كما تمّ الاعتداء على مجموعة من المناضلين الصحراويين قدموا لمنزل عائلتها للتضامن معها، ما خلّف إصابات عديدة في صفوفهم.",success,20221117,AUTHORITIES,,,,190,4,-10.0,-6.07269503546099,26.1147,-14.3892,4,https://www.echoroukonline.com/%D8%B7%D8%A7%D9%84%D8%A8%D8%AA%D8%A7%D9%86-%D9%86%D8%B1%D9%88%D9%8A%D8%AC%D9%8A%D8%AA%D8%A7%D9%86-%D8%AA%D8%B1%D9%88%D9%8A%D8%A7%D9%86-%D8%AD%D8%A7%D8%AF%D8%AB%D8%A9-%D8%B7%D8%B1%D8%AF%D9%87%D9%85,www.echoroukonline.com,True,True,2022-11-17,464209.0,MOR-2022-1-721-4,2022.0,False,Clear,1.0,331.0,331.0,Morocco: Sahrawi Arab Democratic Republic (Western Sahara),721.0,721.0,Government of Morocco - POLISARIO,108.0,108.0,Government of Morocco,563.0,563.0,POLISARIO,1.0,"""AllAfrica,2023-02-02,Western Sahara's 'Frozen Conflict' Heats Up, but World's Attention Elsewhere
CR 	The New Humanitarian""",AllAfrica,2023-02-02,"Western Sahara's 'Frozen Conflict' Heats Up, but World's Attention Elsewhere
CR 	The New Humanitarian",The New Humanitarian,2.0,Al Mahbas village,"Drone strikes are concentrated along the wall ""the Berm""",Guelmim-Oued Noun region,Assa-Zag province,27.41434,-9.04785,POINT (-9.04785 27.41434),168822.0,Morocco,600.0,Africa,1.0,1.0,2022-11-15,2022-11-15 00:00:00.000,0.0,4.0,0.0,0.0,4.0,4.0,4.0,600.0,
1136433024,,no_extract,20231027,MOROCCO,,MAR,,1712,4,-9.2,-7.2487644151565,25.0,-13.5,1,https://www.elkhabar.com/press/article/235871/%D8%AC%D8%A8%D9%87%D8%A9-%D8%A7%D9%84%D8%A8%D9%88%D9%84%D9%8A%D8%B3%D8%A7%D8%B1%D9%8A%D9%88-%D8%AA%D8%AF%D9%8A%D9%86/,www.elkhabar.com,False,False,2023-10-27,511311.0,MOR-2023-1-721-1,2023.0,False,Clear,1.0,331.0,331.0,Morocco: Sahrawi Arab Democratic Republic (Western Sahara),721.0,721.0,Government of Morocco - POLISARIO,108.0,108.0,Government of Morocco,563.0,563.0,POLISARIO,1.0,"""Morocco World News,2023-12-16,Polisario launches a new attack on the Awsard region in southern Morocco""",Morocco World News,2023-12-16,Polisario launches a new attack on the Awsard region in southern Morocco,Morocco World News,1.0,Semara town,in the city of Smara,Laâyoune-Sakia al Hamra region,Es-Semara province,26.73841,-11.67194,POINT (-11.67194 26.73841),168097.0,Morocco,600.0,Africa,1.0,1.0,2023-10-29,2023-10-29 00:00:00.000,0.0,0.0,0.0,1.0,1.0,1.0,1.0,600.0,
1136828052,"Moroccans Rally For Gaza Ceasefire, Against Israel Ties
Latest Headlines, World News Sunday, October 29th, 2023
(AFRICAN EXAMINER) – Tens of thousands of Moroccans marched Sunday through Casablanca in a show of solidarity with Palestinians, AFP correspondents said, more than three weeks into the deadly war between Israel and Hamas.
“Stop the genocide in Gaza,” read one banner at the march, echoing claims by Palestinian officials and Arab leaders as the death toll in Gaza has topped 8,000 people, mostly civilians, according to the Hamas-run health ministry.
Israel has bombarded the narrow Palestinian enclave since Hamas militants on October 7 launched massive raids into southern Israel, killing at least 1,400 people, also mostly civilians, according to Israeli officials.
At the rally in Casablanca, banners called to “open the Rafah crossing” between Gaza and Egypt and “close the Zionist (Israeli) liaison office in Rabat”, which had opened after Morocco and Israel normalised ties in 2020 in a US-brokered deal.
Jamel El Assri, coordinator for the anti-normalisation alliance of leftist parties and Islamists that organised the protest, said the turnout proved “once again that the Moroccan people speak with one voice, in support of the Palestinian people”.
This was just the latest rally to draw vast crowds in the North African country since the Israel-Hamas war began.
“We came to show our solidarity with the Palestinian people in their resistance, to appeal for the lifting of the blockade against Gaza and for an end to the war,” protester Amina Boukhelkhal told AFP.
Men, women and children, wearing keffiyeh scarves and brandishing Palestinian flags, streamed down a major road of the Moroccan economic capital, the AFP correspondents said.
The crowd chanted “the (Israeli) occupation must fall”, “the people want the liberation of Palestine” and “we reject normalisation”.
As part of the 2020 normalisation agreement, which saw Israel and Morocco establish formal ties, the United States recognised Morocco’s sovereignty over the disputed Western Sahara.
AFP
Related Posts
Short URL: https://www.africanexaminer.com/?p=91854",success,20231030,ISRAEL,CIVILIAN,ISR,,190,4,-10.0,-1.2853470437018,25.0,-13.5,1,https://www.africanexaminer.com/moroccans-rally-for-gaza-ceasefire-against-israel-ties/,www.africanexaminer.com,False,False,2023-10-30,511311.0,MOR-2023-1-721-1,2023.0,False,Clear,1.0,331.0,331.0,Morocco: Sahrawi Arab Democratic Republic (Western Sahara),721.0,721.0,Government of Morocco - POLISARIO,108.0,108.0,Government of Morocco,563.0,563.0,POLISARIO,1.0,"""Morocco World News,2023-12-16,Polisario launches a new attack on the Awsard region in southern Morocco""",Morocco World News,2023-12-16,Polisario launches a new attack on the Awsard region in southern Morocco,Morocco World News,1.0,Semara town,in the city of Smara,Laâyoune-Sakia al Hamra region,Es-Semara province,26.73841,-11.67194,POINT (-11.67194 26.73841),168097.0,Morocco,600.0,Africa,1.0,1.0,2023-10-29,2023-10-29 00:00:00.000,0.0,0.0,0.0,1.0,1.0,1.0,1.0,600.0,
1136880819,"Israeli Prime Minister Benjamin Netanyahu vowed to keep establishing settlements in the West Bank despite mounting international pressure, promising a major wave of immigration to the occupied Palestinian territory. 
Netanyahu, who is facing tight elections in October, leads one of the most right-wing governments in Israel's history that has rapidly approved construction and expansion of Israeli settlements in the West Bank, which are illegal under international law. 
The outposts, often made up of just a few mobile homes or makeshift structures, are illegal even under Israeli law, but their approval and legalization have surged in recent years. 
""We cannot ignore the numbers: 104 communities that we established and legalized together, and 160 farms, with more to come,"" Netanyahu told an event for settlers late on Tuesday, according to a statement from his office. 
He told attendees: ""You are fulfilling the vision of the Land of Israel, and this is our land. 
""You are preparing the ground for a very large wave of immigration that will come,"" he added, hailing ""a tremendous effort by the government to fulfil the vision of generations"". 
Israel has faced growing international outrage over its settlement expansion, as violence by settlers against Palestinians soars. 
Last week, key European leaders condemned a major settlement project after Israeli authorities opened bidding for more than 1,200 homes in the area. 
The E1 plan was given the green light by Israel last year and threatens the territorial contiguity of the northern and southern parts of the West Bank, further dimming prospects for a functioning independent Palestinian state. 
Israel has since 1967 occupied the West Bank, where more than 500,000 Israelis now live in settlements. The territory is home to about three million Palestinians. 
Netanyahu's government, which contains ministers who openly call for the territory's annexation, is advancing more construction ahead of October 27 elections. 
Violence against Palestinians by Israeli settlers has increased dramatically since the October 7, 2023 attack on Israel by Hamas from the Gaza Strip. 
- US pressure -  
US Senate Democrats on Wednesday urged Netanyahu to rein in a ""surge"" of violence by West Bank settlers and mass arrests of Palestinians by Israeli security forces in the occupied territory. 
In the letter to Netanyahu, seen by Reuters and signed by 42 of the Senate's 47-member Democratic caucus, the lawmakers noted increasing levels of ""fatal violence by settlers."" 
They also appealed to Israel's leader to step up investigations into the deaths of nine American citizens they said have been killed by settlers or security forces in the West Bank since 2022. 
The ""significant surge"" of violence in recent weeks has resulted in ""a large-scale response by Israeli security forces, mass arrests of Palestinians, and reported attacks by settlers on mosques,"" the letter stated.  
The letter marks the latest sign of growing friction between Democrats in Congress and the Israeli government over its handling of the West Bank, with many in the party also calling for curbs on US military aid to Israel over its conduct of the war in Gaza.  
It was drafted by Senator Adam Schiff of California, Democratic Leader Chuck Schumer of New York – long one of Israel's most prominent supporters in Congress – and Senator Cory Booker of New Jersey. 
Last week, an Israeli man guarding a group of Jewish settlers walked onto Palestinian land and opened fire toward civilians, killing a 17-year-old and a 70-year-old man, officials said.  
The senators urged Netanyahu to issue clear instructions to Israeli police and military to prevent and intervene in violent West Bank confrontations ""regardless of the perpetrators."" 
Rights groups have repeatedly documented how Israeli forces are slow to respond to settler violence in Palestinian communities – or stand by as attacks are carried out. Israeli officials have said authorities including the president and prime minister have repeatedly condemned violence against Palestinians. 
The letter also called on the Israeli government to stop approving additional settlements and construction of ""illegal outposts in the West Bank"" and to take steps to remove existing outposts. 
Democrats in Congress and many of the party's candidates running in this year's midterm elections have become increasingly critical of Netanyahu and his government in the wake of Israel's war in Gaza. 
More than 73,000 Palestinians have been killed in the conflict, according to Gaza health officials, which began after the Hamas-led October 7, 2023, attack on Israel.  
Nearly 1,200 Israelis and foreign nationals were killed in the assault and more than 250 people were taken hostage.  
Amid a flagging US-brokered peace deal in Gaza, and escalating settler violence in the West Bank, many Democrats have called for either significantly curtailing – or completely shutting off – billions of dollars in annual US military aid to Israel. 
President Donald Trump has said little about the situation in the West Bank. His ambassador to Israel, Mike Huckabee, has denounced militant settlers as ""Israeli terrorists"" and told Reuters this month that those responsible for besieging the Palestinian village of Qusra could face US sanctions.",success,20231030,MILITIA,MOROCCO,,MAR,190,4,-10.0,-5.80912863070539,27.4143,-9.04784,4,https://english.aawsat.com/arab-world/4636791-morocco-opens-investigation-western-sahara-attacks,english.aawsat.com,True,False,2023-10-30,511311.0,MOR-2023-1-721-1,2023.0,False,Clear,1.0,331.0,331.0,Morocco: Sahrawi Arab Democratic Republic (Western Sahara),721.0,721.0,Government of Morocco - POLISARIO,108.0,108.0,Government of Morocco,563.0,563.0,POLISARIO,1.0,"""Morocco World News,2023-12-16,Polisario launches a new attack on the Awsard region in southern Morocco""",Morocco World News,2023-12-16,Polisario launches a new attack on the Awsard region in southern Morocco,Morocco World News,1.0,Semara town,in the city of Smara,Laâyoune-Sakia al Hamra region,Es-Semara province,26.73841,-11.67194,POINT (-11.67194 26.73841),168097.0,Morocco,600.0,Africa,1.0,1.0,2023-10-29,2023-10-29 00:00:00.000,0.0,0.0,0.0,1.0,1.0,1.0,1.0,600.0,
1136880821,"Israeli Prime Minister Benjamin Netanyahu vowed to keep establishing settlements in the West Bank despite mounting international pressure, promising a major wave of immigration to the occupied Palestinian territory. 
Netanyahu, who is facing tight elections in October, leads one of the most right-wing governments in Israel's history that has rapidly approved construction and expansion of Israeli settlements in the West Bank, which are illegal under international law. 
The outposts, often made up of just a few mobile homes or makeshift structures, are illegal even under Israeli law, but their approval and legalization have surged in recent years. 
""We cannot ignore the numbers: 104 communities that we established and legalized together, and 160 farms, with more to come,"" Netanyahu told an event for settlers late on Tuesday, according to a statement from his office. 
He told attendees: ""You are fulfilling the vision of the Land of Israel, and this is our land. 
""You are preparing the ground for a very large wave of immigration that will come,"" he added, hailing ""a tremendous effort by the government to fulfil the vision of generations"". 
Israel has faced growing international outrage over its settlement expansion, as violence by settlers against Palestinians soars. 
Last week, key European leaders condemned a major settlement project after Israeli authorities opened bidding for more than 1,200 homes in the area. 
The E1 plan was given the green light by Israel last year and threatens the territorial contiguity of the northern and southern parts of the West Bank, further dimming prospects for a functioning independent Palestinian state. 
Israel has since 1967 occupied the West Bank, where more than 500,000 Israelis now live in settlements. The territory is home to about three million Palestinians. 
Netanyahu's government, which contains ministers who openly call for the territory's annexation, is advancing more construction ahead of October 27 elections. 
Violence against Palestinians by Israeli settlers has increased dramatically since the October 7, 2023 attack on Israel by Hamas from the Gaza Strip. 
- US pressure -  
US Senate Democrats on Wednesday urged Netanyahu to rein in a ""surge"" of violence by West Bank settlers and mass arrests of Palestinians by Israeli security forces in the occupied territory. 
In the letter to Netanyahu, seen by Reuters and signed by 42 of the Senate's 47-member Democratic caucus, the lawmakers noted increasing levels of ""fatal violence by settlers."" 
They also appealed to Israel's leader to step up investigations into the deaths of nine American citizens they said have been killed by settlers or security forces in the West Bank since 2022. 
The ""significant surge"" of violence in recent weeks has resulted in ""a large-scale response by Israeli security forces, mass arrests of Palestinians, and reported attacks by settlers on mosques,"" the letter stated.  
The letter marks the latest sign of growing friction between Democrats in Congress and the Israeli government over its handling of the West Bank, with many in the party also calling for curbs on US military aid to Israel over its conduct of the war in Gaza.  
It was drafted by Senator Adam Schiff of California, Democratic Leader Chuck Schumer of New York – long one of Israel's most prominent supporters in Congress – and Senator Cory Booker of New Jersey. 
Last week, an Israeli man guarding a group of Jewish settlers walked onto Palestinian land and opened fire toward civilians, killing a 17-year-old and a 70-year-old man, officials said.  
The senators urged Netanyahu to issue clear instructions to Israeli police and military to prevent and intervene in violent West Bank confrontations ""regardless of the perpetrators."" 
Rights groups have repeatedly documented how Israeli forces are slow to respond to settler violence in Palestinian communities – or stand by as attacks are carried out. Israeli officials have said authorities including the president and prime minister have repeatedly condemned violence against Palestinians. 
The letter also called on the Israeli government to stop approving additional settlements and construction of ""illegal outposts in the West Bank"" and to take steps to remove existing outposts. 
Democrats in Congress and many of the party's candidates running in this year's midterm elections have become increasingly critical of Netanyahu and his government in the wake of Israel's war in Gaza. 
More than 73,000 Palestinians have been killed in the conflict, according to Gaza health officials, which began after the Hamas-led October 7, 2023, attack on Israel.  
Nearly 1,200 Israelis and foreign nationals were killed in the assault and more than 250 people were taken hostage.  
Amid a flagging US-brokered peace deal in Gaza, and escalating settler violence in the West Bank, many Democrats have called for either significantly curtailing – or completely shutting off – billions of dollars in annual US military aid to Israel. 
President Donald Trump has said little about the situation in the West Bank. His ambassador to Israel, Mike Huckabee, has denounced militant settlers as ""Israeli terrorists"" and told Reuters this month that those responsible for besieging the Palestinian village of Qusra could face US sanctions.",success,20231030,MILITIA,MOROCCO,,MAR,195,4,-10.0,-5.80912863070539,27.4143,-9.04784,4,https://english.aawsat.com/arab-world/4636791-morocco-opens-investigation-western-sahara-attacks,english.aawsat.com,True,False,2023-10-30,511311.0,MOR-2023-1-721-1,2023.0,False,Clear,1.0,331.0,331.0,Morocco: Sahrawi Arab Democratic Republic (Western Sahara),721.0,721.0,Government of Morocco - POLISARIO,108.0,108.0,Government of Morocco,563.0,563.0,POLISARIO,1.0,"""Morocco World News,2023-12-16,Polisario launches a new attack on the Awsard region in southern Morocco""",Morocco World News,2023-12-16,Polisario launches a new attack on the Awsard region in southern Morocco,Morocco World News,1.0,Semara town,in the city of Smara,Laâyoune-Sakia al Hamra region,Es-Semara province,26.73841,-11.67194,POINT (-11.67194 26.73841),168097.0,Morocco,600.0,Africa,1.0,1.0,2023-10-29,2023-10-29 00:00:00.000,0.0,0.0,0.0,1.0,1.0,1.0,1.0,600.0,
1136828105,"Moroccans Rally For Gaza Ceasefire, Against Israel Ties
Latest Headlines, World News Sunday, October 29th, 2023
(AFRICAN EXAMINER) – Tens of thousands of Moroccans marched Sunday through Casablanca in a show of solidarity with Palestinians, AFP correspondents said, more than three weeks into the deadly war between Israel and Hamas.
“Stop the genocide in Gaza,” read one banner at the march, echoing claims by Palestinian officials and Arab leaders as the death toll in Gaza has topped 8,000 people, mostly civilians, according to the Hamas-run health ministry.
Israel has bombarded the narrow Palestinian enclave since Hamas militants on October 7 launched massive raids into southern Israel, killing at least 1,400 people, also mostly civilians, according to Israeli officials.
At the rally in Casablanca, banners called to “open the Rafah crossing” between Gaza and Egypt and “close the Zionist (Israeli) liaison office in Rabat”, which had opened after Morocco and Israel normalised ties in 2020 in a US-brokered deal.
Jamel El Assri, coordinator for the anti-normalisation alliance of leftist parties and Islamists that organised the protest, said the turnout proved “once again that the Moroccan people speak with one voice, in support of the Palestinian people”.
This was just the latest rally to draw vast crowds in the North African country since the Israel-Hamas war began.
“We came to show our solidarity with the Palestinian people in their resistance, to appeal for the lifting of the blockade against Gaza and for an end to the war,” protester Amina Boukhelkhal told AFP.
Men, women and children, wearing keffiyeh scarves and brandishing Palestinian flags, streamed down a major road of the Moroccan economic capital, the AFP correspondents said.
The crowd chanted “the (Israeli) occupation must fall”, “the people want the liberation of Palestine” and “we reject normalisation”.
As part of the 2020 normalisation agreement, which saw Israel and Morocco establish formal ties, the United States recognised Morocco’s sovereignty over the disputed Western Sahara.
AFP
Related Posts
Short URL: https://www.africanexaminer.com/?p=91854",success,20231030,ISRAEL,HAMAS,ISR,PSE,190,4,-10.0,-1.2853470437018,25.0,-13.5,1,https://www.africanexaminer.com/moroccans-rally-for-gaza-ceasefire-against-israel-ties/,www.africanexaminer.com,False,False,2023-10-30,511311.0,MOR-2023-1-721-1,2023.0,False,Clear,1.0,331.0,331.0,Morocco: Sahrawi Arab Democratic Republic (Western Sahara),721.0,721.0,Government of Morocco - POLISARIO,108.0,108.0,Government of Morocco,563.0,563.0,POLISARIO,1.0,"""Morocco World News,2023-12-16,Polisario launches a new attack on the Awsard region in southern Morocco""",Morocco World News,2023-12-16,Polisario launches a new attack on the Awsard region in southern Morocco,Morocco World News,1.0,Semara town,in the city of Smara,Laâyoune-Sakia al Hamra region,Es-Semara province,26.73841,-11.67194,POINT (-11.67194 26.73841),168097.0,Morocco,600.0,Africa,1.0,1.0,2023-10-29,2023-10-29 00:00:00.000,0.0,0.0,0.0,1.0,1.0,1.0,1.0,600.0,
1221749414,"في عيدهم الـ73.. رجال الشرطة يكتبون التاريخ بدمائهم في معركة الواحات
مع اقتراب عيد الشرطة الـ 73 هناك تضحيات ومعارك ملحمية لرجال الشرطة الأبرار لا يمكن نسيانها على الإطلاق، ومن ضمن هذه الملاحم البطولية معركة الواحات التي استشهد فيها 16 من رجال وزارة الداخلية الأبطال بينما أصيب 13 أخرون، أوفوا العهد وصانوا القسم تصدوا للرصاص بصدورهم وفدوا الوكن بأوراحهم الطاهرة وسالت دماءهم الذكية على أرض الصحراء الغربية.
معركة لعدة ساعات خاضها رجال الشرطة المصرية بمنتهى الشرف والأمانة، وواجهوا جماعة إرهابية لا شرف لها، هاجموا القوات غدرا فوقف أبطال الشرطة المصرية رافضين أن تمر هذه الجماعات المسلحة إلى منطقة الوادي بكميات كبيرة من السلاح والذخيرة كانت بحوزتهم، فحدثت المعركة.
تفاصيل معركة الواحات
في 20 أكتوبر 2017 بمنطقة الكيلو ١٣٥ بطريق «أكتوبر- الواحات» توجهت قوة من رجال الشرطة المصرية إلى الصحراء الغربية بناء على معلومات وتحريات أفادت بتواجد عدة عناصر إرهابية بحوزتها كميات من السلاح، فخرجت القوات لتمشيط المنطقة وضبط هذه العناصر الإرهابية الأثمة، وأثناء مرور القوات من بين جبلين، هاجمت الجماعة الإرهابية القوات بقذائف أر بي جي وهاون وخاض رجال الشرطة معركة شرسة مع هؤلاء الإرهابين، في ملحمة بطولية سطرها التاريخ، انتهت باستشهاد ١٦ من قوات الشرطة وإصابة ١٣ آخرين، ومصرع 15 من العناصر الإرهابية.
معلومات عن خلية إرهابية في الصحراء الغربية
كانت بداية الأمر بورود معلومات لقطاع الأمن الوطنى تفيد باتخاذ عدد من العناصر الإرهابية المنطقة المتاخمة للكيلو ١٣٥ بطريق الواحات بعمق الصحراء مكانًا للاختباء، فجرى إطلاق مأموريتين، الأولى من محافظة الجيزة، والثانية من الفيوم، لمداهمة تلك المنطقة.
وحال اقتراب المأمورية الأولى من مكان وجود العناصر الإرهابية، استشعروا قدوم القوات، وبادروا باستهدافهم باستخدام الأسلحة الثقيلة من الاتجاهات، فبادلتهم القوات إطلاق النيران لعدة ساعات، فاستشهد مجموعة من رجال الشرطة الأبرار.
الداخلية تثأر لشهداء الواجب الوطني
كان الرد ٣١ أكتوبر، بتصفية 15 إرهابيًا شاركوا فى الجريمة، والقبض على المخطط للحادث، عبدالرحيم عبدالله المسمارى، ليبى الجنسية، إضافة إلى تحرير النقيب محمد الحايس من أيدى العناصر الإرهابية، وتبين أن وراء العملية الإرهابى المصرى عماد الدين أحمد محمود عبدالحميد، الذى لقى مصرعه فى القصف الجوى للبؤرة
قائمة شهداء معركة الواحات
قائمة شهداء معركة الوحات 2017 أسماء كلا من اللواء امتياز كامل، الشهيد العقيد أحمد فايز، الشهيد المقدم أحمد جاد جميل، المقدم محمد وحيد مصلحى، المقدم محمد عبدالفتاح سليمان، الرائد أحمد عبدالباسط، النقيب كريم أسامة فرحات، النقيب أحمد طارق، النقيب إسلام محمد حلمى مشهور، النقيب عمرو صلاح الدين، النقيب أحمد حافظ شوشة، الرقيب أنور الدبركى، مجند بطرس سليمان، المجند محمود ناصر رجب، المجند حسن زين العابدين، المجند عمر فرغلى،",success,20250120,POLICEMEN,TERRORIST,,,190,4,-10.0,-10.5263157894737,25.0,-13.5,1,https://www.dostor.org/4933051,www.dostor.org,False,False,2025-01-20,565367.0,MOR-2025-1-721-0,2025.0,False,Clear,1.0,331.0,331.0,Morocco: Sahrawi Arab Democratic Republic (Western Sahara),721.0,721.0,Government of Morocco - POLISARIO,108.0,108.0,Government of Morocco,563.0,563.0,POLISARIO,2.0,"""African Research Bulletin,2025-02-10,Political, Social and Cultural SeriesVolume 62, Issue 1 Feb 2025"";""Crisis Watch,2025-02-01,Western Sahara January 2025""",African Research Bulletin;Crisis Watch,2025-02-10;2025-02-01,"Political, Social and Cultural SeriesVolume 62, Issue 1 Feb 2025;Western Sahara January 2025","Moroccan Media 20/1

///

Crisis Watch",2.0,Al Haouza town,"buffer zone separating the disputed Western Saharan
region and Morocco

near Al Haouza town",Laâyoune-Sakia al Hamra region,Es-Semara province,27.75,-11.0,POINT (-11 27.75),169539.0,Morocco,600.0,Africa,1.0,1.0,2025-01-18,2025-01-18 00:00:00.000,0.0,3.0,0.0,0.0,3.0,3.0,3.0,600.0,
1221749715,"في عيدهم الـ73.. رجال الشرطة يكتبون التاريخ بدمائهم في معركة الواحات
مع اقتراب عيد الشرطة الـ 73 هناك تضحيات ومعارك ملحمية لرجال الشرطة الأبرار لا يمكن نسيانها على الإطلاق، ومن ضمن هذه الملاحم البطولية معركة الواحات التي استشهد فيها 16 من رجال وزارة الداخلية الأبطال بينما أصيب 13 أخرون، أوفوا العهد وصانوا القسم تصدوا للرصاص بصدورهم وفدوا الوكن بأوراحهم الطاهرة وسالت دماءهم الذكية على أرض الصحراء الغربية.
معركة لعدة ساعات خاضها رجال الشرطة المصرية بمنتهى الشرف والأمانة، وواجهوا جماعة إرهابية لا شرف لها، هاجموا القوات غدرا فوقف أبطال الشرطة المصرية رافضين أن تمر هذه الجماعات المسلحة إلى منطقة الوادي بكميات كبيرة من السلاح والذخيرة كانت بحوزتهم، فحدثت المعركة.
تفاصيل معركة الواحات
في 20 أكتوبر 2017 بمنطقة الكيلو ١٣٥ بطريق «أكتوبر- الواحات» توجهت قوة من رجال الشرطة المصرية إلى الصحراء الغربية بناء على معلومات وتحريات أفادت بتواجد عدة عناصر إرهابية بحوزتها كميات من السلاح، فخرجت القوات لتمشيط المنطقة وضبط هذه العناصر الإرهابية الأثمة، وأثناء مرور القوات من بين جبلين، هاجمت الجماعة الإرهابية القوات بقذائف أر بي جي وهاون وخاض رجال الشرطة معركة شرسة مع هؤلاء الإرهابين، في ملحمة بطولية سطرها التاريخ، انتهت باستشهاد ١٦ من قوات الشرطة وإصابة ١٣ آخرين، ومصرع 15 من العناصر الإرهابية.
معلومات عن خلية إرهابية في الصحراء الغربية
كانت بداية الأمر بورود معلومات لقطاع الأمن الوطنى تفيد باتخاذ عدد من العناصر الإرهابية المنطقة المتاخمة للكيلو ١٣٥ بطريق الواحات بعمق الصحراء مكانًا للاختباء، فجرى إطلاق مأموريتين، الأولى من محافظة الجيزة، والثانية من الفيوم، لمداهمة تلك المنطقة.
وحال اقتراب المأمورية الأولى من مكان وجود العناصر الإرهابية، استشعروا قدوم القوات، وبادروا باستهدافهم باستخدام الأسلحة الثقيلة من الاتجاهات، فبادلتهم القوات إطلاق النيران لعدة ساعات، فاستشهد مجموعة من رجال الشرطة الأبرار.
الداخلية تثأر لشهداء الواجب الوطني
كان الرد ٣١ أكتوبر، بتصفية 15 إرهابيًا شاركوا فى الجريمة، والقبض على المخطط للحادث، عبدالرحيم عبدالله المسمارى، ليبى الجنسية، إضافة إلى تحرير النقيب محمد الحايس من أيدى العناصر الإرهابية، وتبين أن وراء العملية الإرهابى المصرى عماد الدين أحمد محمود عبدالحميد، الذى لقى مصرعه فى القصف الجوى للبؤرة
قائمة شهداء معركة الواحات
قائمة شهداء معركة الوحات 2017 أسماء كلا من اللواء امتياز كامل، الشهيد العقيد أحمد فايز، الشهيد المقدم أحمد جاد جميل، المقدم محمد وحيد مصلحى، المقدم محمد عبدالفتاح سليمان، الرائد أحمد عبدالباسط، النقيب كريم أسامة فرحات، النقيب أحمد طارق، النقيب إسلام محمد حلمى مشهور، النقيب عمرو صلاح الدين، النقيب أحمد حافظ شوشة، الرقيب أنور الدبركى، مجند بطرس سليمان، المجند محمود ناصر رجب، المجند حسن زين العابدين، المجند عمر فرغلى،",success,20250120,TERRORIST,POLICEMEN,,,190,4,-10.0,-10.5263157894737,25.0,-13.5,1,https://www.dostor.org/4933051,www.dostor.org,False,False,2025-01-20,565367.0,MOR-2025-1-721-0,2025.0,False,Clear,1.0,331.0,331.0,Morocco: Sahrawi Arab Democratic Republic (Western Sahara),721.0,721.0,Government of Morocco - POLISARIO,108.0,108.0,Government of Morocco,563.0,563.0,POLISARIO,2.0,"""African Research Bulletin,2025-02-10,Political, Social and Cultural SeriesVolume 62, Issue 1 Feb 2025"";""Crisis Watch,2025-02-01,Western Sahara January 2025""",African Research Bulletin;Crisis Watch,2025-02-10;2025-02-01,"Political, Social and Cultural SeriesVolume 62, Issue 1 Feb 2025;Western Sahara January 2025","Moroccan Media 20/1

///

Crisis Watch",2.0,Al Haouza town,"buffer zone separating the disputed Western Saharan
region and Morocco

near Al Haouza town",Laâyoune-Sakia al Hamra region,Es-Semara province,27.75,-11.0,POINT (-11 27.75),169539.0,Morocco,600.0,Africa,1.0,1.0,2025-01-18,2025-01-18 00:00:00.000,0.0,3.0,0.0,0.0,3.0,3.0,3.0,600.0,
